UTC start: 2026-09-05T13:39:56Z
Command: xcrun swift test --filter HerdrPiWorkflowRuntimeTests\|HistoricalCanaryEffectDenialTests\|SQLiteStoreTests/productionRolloutAuthorityMigration\$
Building for debugging...
[0/23] Write sources
[1/23] Write swift-version--58304C5D6DBC2206.txt
[3/7] Compiling JidokaCodeCoreTests HistoricalCanaryEffectDenialTests.swift
[4/7] Emitting module JidokaCodeCoreTests
[5/7] Compiling JidokaCodeCoreTests RolloutAuthorityStoreTests.swift
[6/7] Compiling JidokaCodeCoreTests RolloutEffectAuthorityTestSupport.swift
[6/8] Write Objects.LinkFileList
[7/8] Linking JidokaCodePackageTests
Build complete! (5.70s)
Test Suite 'Selected tests' started at 2026-09-05 15:40:04.067.
Test Suite 'JidokaCodePackageTests.xctest' started at 2026-09-05 15:40:04.069.
Test Suite 'JidokaCodePackageTests.xctest' passed at 2026-09-05 15:40:04.069.
	 Executed 0 tests, with 0 failures (0 unexpected) in 0.000 (0.000) seconds
Test Suite 'Selected tests' passed at 2026-09-05 15:40:04.069.
	 Executed 0 tests, with 0 failures (0 unexpected) in 0.000 (0.002) seconds
◇ Test run started.
↳ Testing Library Version: 1902
↳ Target Platform: arm64e-apple-macos14.0
◇ Suite "Production Herdr Pi workflow runtime" started.
◇ Suite "Historical canary effect denial" started.
◇ Test "the explicit test double denies a historical canary provider reservation like the store" started.
◇ Test "a historical canary send is denied and marks no intent as started" started.
◇ Test "a historical canary permit cannot be verified or settled" started.
◇ Test "a historical canary context cannot reserve any fresh effect" started.
◇ Test "runtime mutation drift and fault matrices have exact unique shape" started.
✔ Test "runtime mutation drift and fault matrices have exact unique shape" passed after 0.001 seconds.
◇ Test "job kinds eagerly create exact one four and five role-host topologies" started.
✔ Test "the explicit test double denies a historical canary provider reservation like the store" passed after 0.048 seconds.
✔ Test "a historical canary permit cannot be verified or settled" passed after 0.048 seconds.
✔ Test "a historical canary context cannot reserve any fresh effect" passed after 0.049 seconds.
✔ Test "a historical canary send is denied and marks no intent as started" passed after 0.051 seconds.
✔ Suite "Historical canary effect denial" passed after 0.051 seconds.
✔ Test "job kinds eagerly create exact one four and five role-host topologies" passed after 0.654 seconds.
◇ Test "Pi-owned terminal theme remains valid while importing a launched child" started.
✔ Test "Pi-owned terminal theme remains valid while importing a launched child" passed after 0.247 seconds.
◇ Test "workflow launch event gates time out in seconds and remain reusable" started.
✔ Test "workflow launch event gates time out in seconds and remain reusable" passed after 0.051 seconds.
◇ Test "terminal failure strictly removes projected provider credentials" started.
◇ Test case passing 1 argument channelFailure → true to "terminal failure strictly removes projected provider credentials" started.
◇ Test case passing 1 argument channelFailure → false to "terminal failure strictly removes projected provider credentials" started.
✔ Test "terminal failure strictly removes projected provider credentials" with 2 test cases passed after 8.460 seconds.
◇ Test "Herdr-redacted layout environment is closed by exact role-host process evidence" started.
✔ Test "Herdr-redacted layout environment is closed by exact role-host process evidence" passed after 0.213 seconds.
◇ Test "canary launch scope rejects another job before topology or run creation" started.
✔ Test "canary launch scope rejects another job before topology or run creation" passed after 0.046 seconds.
◇ Test "paused exact canary creates topology and one durable Pi launch" started.
✘ Test "paused exact canary creates topology and one durable Pi launch" recorded an issue at HerdrPiWorkflowRuntimeTests.swift:419:11: Expectation failed: expected error ".runtimeFailure("FIXTURE_FAILURE")" of type HerdrPiWorkflowError, but ".effectAdmissionClosed" of type RolloutAuthorityError was thrown instead
✘ Test "paused exact canary creates topology and one durable Pi launch" recorded an issue at HerdrPiWorkflowRuntimeTests.swift:374:4: Caught error: .timedOut
✘ Test "paused exact canary creates topology and one durable Pi launch" failed after 2.079 seconds with 2 issues.
◇ Test "explicit recovery preserves unknown intent and resumes only the same no-Pi canary" started.
✘ Test "explicit recovery preserves unknown intent and resumes only the same no-Pi canary" recorded an issue at HerdrPiWorkflowRuntimeTests.swift:521:11: Expectation failed: expected error ".topologyUnavailable" of type HerdrPiWorkflowError, but ".effectAdmissionClosed" of type RolloutAuthorityError was thrown instead
✘ Test "explicit recovery preserves unknown intent and resumes only the same no-Pi canary" recorded an issue at HerdrPiWorkflowRuntimeTests.swift:561:11: Expectation failed: expected error ".roleHostUnavailable" of type HerdrPiWorkflowError, but ".topologyUnavailable" of type HerdrPiWorkflowError was thrown instead
✘ Test "explicit recovery preserves unknown intent and resumes only the same no-Pi canary" recorded an issue at HerdrPiWorkflowRuntimeTests.swift:573:25: Expectation failed: try await fixture.runStore.roleHosts(jobID: fixture.jobID).first → nil
✘ Test "explicit recovery preserves unknown intent and resumes only the same no-Pi canary" failed after 0.063 seconds with 3 issues.
◇ Test "explicit focus revalidates exact ownership before changing shared-session focus" started.
✔ Test "explicit focus revalidates exact ownership before changing shared-session focus" passed after 0.062 seconds.
◇ Test "durable result import remains local when the Herdr socket is unavailable" started.
✔ Test "durable result import remains local when the Herdr socket is unavailable" passed after 0.048 seconds.
◇ Test "every production workflow fails closed when Herdr is unavailable" started.
✔ Test "every production workflow fails closed when Herdr is unavailable" passed after 0.205 seconds.
◇ Test "startup recovery rolls back every partial exact 1 4 and 5 role generation" started.
✔ Test "startup recovery rolls back every partial exact 1 4 and 5 role generation" passed after 0.738 seconds.
◇ Test "partial exact 1 4 and 5 role activation rolls every sibling back" started.
✔ Test "partial exact 1 4 and 5 role activation rolls every sibling back" passed after 0.705 seconds.
◇ Test "quit timeout marks every sibling host lost instead of stranding stopping state" started.
✔ Test "quit timeout marks every sibling host lost instead of stranding stopping state" passed after 0.258 seconds.
◇ Test "quit ignores inactive prepared history after release runtime replacement" started.
✔ Test "quit ignores inactive prepared history after release runtime replacement" passed after 0.164 seconds.
◇ Test "pause admission closes before a live result settles and replays without relaunch" started.
✔ Test "pause admission closes before a live result settles and replays without relaunch" passed after 0.251 seconds.
◇ Test "durable enqueued state republishes one missing command after a crash window" started.
✔ Test "durable enqueued state republishes one missing command after a crash window" passed after 0.470 seconds.
◇ Test "a moved persistent role host executes its next round in the rebound pane" started.
✔ Test "a moved persistent role host executes its next round in the rebound pane" passed after 0.336 seconds.
◇ Test "settled evidence survives topology rebind job recovery and durable pause" started.
✔ Test "settled evidence survives topology rebind job recovery and durable pause" passed after 0.287 seconds.
◇ Test "replacement runtime rejects each one-field q4 descriptor binding drift" started.
◇ Test case passing 1 argument field → 0 to "replacement runtime rejects each one-field q4 descriptor binding drift" started.
◇ Test case passing 1 argument field → 1 to "replacement runtime rejects each one-field q4 descriptor binding drift" started.
◇ Test case passing 1 argument field → 2 to "replacement runtime rejects each one-field q4 descriptor binding drift" started.
◇ Test case passing 1 argument field → 3 to "replacement runtime rejects each one-field q4 descriptor binding drift" started.
◇ Test case passing 1 argument field → 4 to "replacement runtime rejects each one-field q4 descriptor binding drift" started.
◇ Test case passing 1 argument field → 5 to "replacement runtime rejects each one-field q4 descriptor binding drift" started.
◇ Test case passing 1 argument field → 6 to "replacement runtime rejects each one-field q4 descriptor binding drift" started.
✔ Test "replacement runtime rejects each one-field q4 descriptor binding drift" with 7 test cases passed after 0.002 seconds.
◇ Test "replacement runtime rejects each adjacent q4 digest-role transposition" started.
◇ Test case passing 1 argument leftField → 0 to "replacement runtime rejects each adjacent q4 digest-role transposition" started.
◇ Test case passing 1 argument leftField → 1 to "replacement runtime rejects each adjacent q4 digest-role transposition" started.
◇ Test case passing 1 argument leftField → 2 to "replacement runtime rejects each adjacent q4 digest-role transposition" started.
◇ Test case passing 1 argument leftField → 3 to "replacement runtime rejects each adjacent q4 digest-role transposition" started.
◇ Test case passing 1 argument leftField → 4 to "replacement runtime rejects each adjacent q4 digest-role transposition" started.
◇ Test case passing 1 argument leftField → 5 to "replacement runtime rejects each adjacent q4 digest-role transposition" started.
✔ Test "replacement runtime rejects each adjacent q4 digest-role transposition" with 6 test cases passed after 0.001 seconds.
◇ Test "replacement runtime rejects a coherent q4 rebind after preview" started.
✔ Test "replacement runtime rejects a coherent q4 rebind after preview" passed after 0.001 seconds.
◇ Test "lost four-host topology rolls to generation two and settles only q4" started.
◇ Test case passing 1 argument restartState → .prepared to "lost four-host topology rolls to generation two and settles only q4" started.
✘ Test "lost four-host topology rolls to generation two and settles only q4" recorded an issue with 1 argument restartState → .prepared at HerdrPiWorkflowRuntimeTests.swift:2333:19: Issue recorded
↳ q4 publication failed: .timedOut; execution: failure(JidokaCodeCore.RolloutAuthorityError.effectAdmissionClosed)
◇ Test case passing 1 argument restartState → .enqueuedMissingCommand to "lost four-host topology rolls to generation two and settles only q4" started.
✘ Test "lost four-host topology rolls to generation two and settles only q4" recorded an issue with 1 argument restartState → .enqueuedMissingCommand at HerdrPiWorkflowRuntimeTests.swift:2333:19: Issue recorded
↳ q4 publication failed: .timedOut; execution: failure(JidokaCodeCore.RolloutAuthorityError.effectAdmissionClosed)
✘ Test "lost four-host topology rolls to generation two and settles only q4" with 2 test cases failed after 12.787 seconds with 2 issues.
◇ Test "schema eight migration reaches current-runtime lost topology recovery" started.
✔ Test "schema eight migration reaches current-runtime lost topology recovery" passed after 0.288 seconds.
◇ Test "generation rollover resumes after a binding and one-host restart cut" started.
✔ Test "generation rollover resumes after a binding and one-host restart cut" passed after 0.442 seconds.
◇ Test "historical replacement denies one-field q4 backing drift before remote effects" started.
◇ Test case passing 1 argument drift → .q4Configuration to "historical replacement denies one-field q4 backing drift before remote effects" started.
◇ Test case passing 1 argument drift → .q4Prompt to "historical replacement denies one-field q4 backing drift before remote effects" started.
◇ Test case passing 1 argument drift → .q4WorkflowConfiguration to "historical replacement denies one-field q4 backing drift before remote effects" started.
◇ Test case passing 1 argument drift → .priorLaunchConfiguration to "historical replacement denies one-field q4 backing drift before remote effects" started.
◇ Test case passing 1 argument drift → .sourcePrompt to "historical replacement denies one-field q4 backing drift before remote effects" started.
◇ Test case passing 1 argument drift → .sourceWorkflowConfiguration to "historical replacement denies one-field q4 backing drift before remote effects" started.
✔ Test "historical replacement denies one-field q4 backing drift before remote effects" with 6 test cases passed after 2.311 seconds.
◇ Test "historical replacement revalidates q4 at send and first remote-effect boundaries" started.
◇ Test case passing 1 argument boundary → .sendStart to "historical replacement revalidates q4 at send and first remote-effect boundaries" started.
✘ Test "historical replacement revalidates q4 at send and first remote-effect boundaries" recorded an issue with 1 argument boundary → .sendStart at HerdrPiWorkflowRuntimeTests.swift:2704:11: Expectation failed: expected error ".recoveryBoundaryReached" of type HerdrPiWorkflowError, but ".effectAdmissionClosed" of type RolloutAuthorityError was thrown instead
✘ Test "historical replacement revalidates q4 at send and first remote-effect boundaries" recorded an issue with 1 argument boundary → .sendStart at HerdrPiWorkflowRuntimeTests.swift:2711:5: Expectation failed: (probe.snapshot() → []) == (boundary.expectedCheckpoints → [JidokaCodeCore.HerdrRoleHostReplacementCheckpoint.beforeSendStartQ4Revalidation, JidokaCodeCore.HerdrRoleHostReplacementCheckpoint.finalPausedStateValidated, JidokaCodeCore.HerdrRoleHostReplacementCheckpoint.finalCanaryAuthorityValidated, JidokaCodeCore.HerdrRoleHostReplacementCheckpoint.finalSocketPeerValidated, JidokaCodeCore.HerdrRoleHostReplacementCheckpoint.finalResourceEvidenceValidated, JidokaCodeCore.HerdrRoleHostReplacementCheckpoint.finalStalePaneValidated, JidokaCodeCore.HerdrRoleHostReplacementCheckpoint.finalPredecessorValidated, JidokaCodeCore.HerdrRoleHostReplacementCheckpoint.finalPreservedHostsValidated])
± removed [JidokaCodeCore.HerdrRoleHostReplacementCheckpoint.beforeSendStartQ4Revalidation, JidokaCodeCore.HerdrRoleHostReplacementCheckpoint.finalPausedStateValidated, JidokaCodeCore.HerdrRoleHostReplacementCheckpoint.finalCanaryAuthorityValidated, JidokaCodeCore.HerdrRoleHostReplacementCheckpoint.finalSocketPeerValidated, JidokaCodeCore.HerdrRoleHostReplacementCheckpoint.finalResourceEvidenceValidated, JidokaCodeCore.HerdrRoleHostReplacementCheckpoint.finalStalePaneValidated, JidokaCodeCore.HerdrRoleHostReplacementCheckpoint.finalPredecessorValidated, JidokaCodeCore.HerdrRoleHostReplacementCheckpoint.finalPreservedHostsValidated]
✘ Test "historical replacement revalidates q4 at send and first remote-effect boundaries" recorded an issue with 1 argument boundary → .sendStart at HerdrPiWorkflowRuntimeTests.swift:2716:5: Expectation failed: try await fixture.database.scalarText(
        "SELECT state FROM herdr_topology_intents WHERE kind = 'replaceRoleHost'"
      ) == boundary.expectedIntentState
✘ Test "historical replacement revalidates q4 at send and first remote-effect boundaries" recorded an issue with 1 argument boundary → .sendStart at HerdrPiWorkflowRuntimeTests.swift:2651:4: Caught error: .unsafeRunDirectory
◇ Test case passing 1 argument boundary → .firstRemoteEffect to "historical replacement revalidates q4 at send and first remote-effect boundaries" started.
✘ Test "historical replacement revalidates q4 at send and first remote-effect boundaries" recorded an issue with 1 argument boundary → .firstRemoteEffect at HerdrPiWorkflowRuntimeTests.swift:2704:11: Expectation failed: expected error ".recoveryBoundaryReached" of type HerdrPiWorkflowError, but ".effectAdmissionClosed" of type RolloutAuthorityError was thrown instead
✘ Test "historical replacement revalidates q4 at send and first remote-effect boundaries" recorded an issue with 1 argument boundary → .firstRemoteEffect at HerdrPiWorkflowRuntimeTests.swift:2711:5: Expectation failed: (probe.snapshot() → []) == (boundary.expectedCheckpoints → [JidokaCodeCore.HerdrRoleHostReplacementCheckpoint.beforeSendStartQ4Revalidation, JidokaCodeCore.HerdrRoleHostReplacementCheckpoint.finalPausedStateValidated, JidokaCodeCore.HerdrRoleHostReplacementCheckpoint.finalCanaryAuthorityValidated, JidokaCodeCore.HerdrRoleHostReplacementCheckpoint.finalSocketPeerValidated, JidokaCodeCore.HerdrRoleHostReplacementCheckpoint.finalResourceEvidenceValidated, JidokaCodeCore.HerdrRoleHostReplacementCheckpoint.finalStalePaneValidated, JidokaCodeCore.HerdrRoleHostReplacementCheckpoint.finalPredecessorValidated, JidokaCodeCore.HerdrRoleHostReplacementCheckpoint.finalPreservedHostsValidated, JidokaCodeCore.HerdrRoleHostReplacementCheckpoint.finalQ4PlanValidated, JidokaCodeCore.HerdrRoleHostReplacementCheckpoint.finalCredentialProjectionValidated, JidokaCodeCore.HerdrRoleHostReplacementCheckpoint.sendStarted, JidokaCodeCore.HerdrRoleHostReplacementCheckpoint.beforeRemoteEffectQ4Revalidation])
± removed [JidokaCodeCore.HerdrRoleHostReplacementCheckpoint.beforeSendStartQ4Revalidation, JidokaCodeCore.HerdrRoleHostReplacementCheckpoint.finalPausedStateValidated, JidokaCodeCore.HerdrRoleHostReplacementCheckpoint.finalCanaryAuthorityValidated, JidokaCodeCore.HerdrRoleHostReplacementCheckpoint.finalSocketPeerValidated, JidokaCodeCore.HerdrRoleHostReplacementCheckpoint.finalResourceEvidenceValidated, JidokaCodeCore.HerdrRoleHostReplacementCheckpoint.finalStalePaneValidated, JidokaCodeCore.HerdrRoleHostReplacementCheckpoint.finalPredecessorValidated, JidokaCodeCore.HerdrRoleHostReplacementCheckpoint.finalPreservedHostsValidated, JidokaCodeCore.HerdrRoleHostReplacementCheckpoint.finalQ4PlanValidated, JidokaCodeCore.HerdrRoleHostReplacementCheckpoint.finalCredentialProjectionValidated, JidokaCodeCore.HerdrRoleHostReplacementCheckpoint.sendStarted, JidokaCodeCore.HerdrRoleHostReplacementCheckpoint.beforeRemoteEffectQ4Revalidation]
✘ Test "historical replacement revalidates q4 at send and first remote-effect boundaries" recorded an issue with 1 argument boundary → .firstRemoteEffect at HerdrPiWorkflowRuntimeTests.swift:2716:5: Expectation failed: try await fixture.database.scalarText(
        "SELECT state FROM herdr_topology_intents WHERE kind = 'replaceRoleHost'"
      ) == boundary.expectedIntentState
✘ Test "historical replacement revalidates q4 at send and first remote-effect boundaries" recorded an issue with 1 argument boundary → .firstRemoteEffect at HerdrPiWorkflowRuntimeTests.swift:2651:4: Caught error: .unsafeRunDirectory
✘ Test "historical replacement revalidates q4 at send and first remote-effect boundaries" with 2 test cases failed after 0.776 seconds with 8 issues.
◇ Test "historical replacement rejects every authorized q4 digest drift before credentials" started.
◇ Test case passing 1 argument field → 0 to "historical replacement rejects every authorized q4 digest drift before credentials" started.
◇ Test case passing 1 argument field → 1 to "historical replacement rejects every authorized q4 digest drift before credentials" started.
◇ Test case passing 1 argument field → 2 to "historical replacement rejects every authorized q4 digest drift before credentials" started.
◇ Test case passing 1 argument field → 3 to "historical replacement rejects every authorized q4 digest drift before credentials" started.
◇ Test case passing 1 argument field → 4 to "historical replacement rejects every authorized q4 digest drift before credentials" started.
◇ Test case passing 1 argument field → 5 to "historical replacement rejects every authorized q4 digest drift before credentials" started.
◇ Test case passing 1 argument field → 6 to "historical replacement rejects every authorized q4 digest drift before credentials" started.
✔ Test "historical replacement rejects every authorized q4 digest drift before credentials" with 7 test cases passed after 3.220 seconds.
◇ Test "every post-preview one-field drift stops before replacement effects" started.
◇ Test case passing 1 argument drift → ReplacementPostPreviewDriftCase(name: "socket-vnode", kind: JidokaCodeCoreTests.ReplacementPostPreviewDriftKind.socketVnode, expectedError: JidokaCodeCoreTests.ReplacementMatrixExpectedError.herdr(JidokaCodeCore.HerdrPiWorkflowError.topologyUnavailable)) to "every post-preview one-field drift stops before replacement effects" started.
✘ Test "every post-preview one-field drift stops before replacement effects" recorded an issue with 1 argument drift → ReplacementPostPreviewDriftCase(name: "socket-vnode", kind: JidokaCodeCoreTests.ReplacementPostPreviewDriftKind.socketVnode, expectedError: JidokaCodeCoreTests.ReplacementMatrixExpectedError.herdr(JidokaCodeCore.HerdrPiWorkflowError.topologyUnavailable)) at HerdrPiWorkflowRuntimeTests.swift:4998:19: Issue recorded
↳ socket-vnode threw JidokaCodeCore.RolloutAuthorityError.effectAdmissionClosed; expected .topologyUnavailable
◇ Test case passing 1 argument drift → ReplacementPostPreviewDriftCase(name: "peer-processID", kind: JidokaCodeCoreTests.ReplacementPostPreviewDriftKind.peer(JidokaCodeCoreTests.ReplacementConnectedPeerDriftField.processID), expectedError: JidokaCodeCoreTests.ReplacementMatrixExpectedError.herdr(JidokaCodeCore.HerdrPiWorkflowError.recoveryBoundaryReached)) to "every post-preview one-field drift stops before replacement effects" started.
✘ Test "every post-preview one-field drift stops before replacement effects" recorded an issue with 1 argument drift → ReplacementPostPreviewDriftCase(name: "peer-processID", kind: JidokaCodeCoreTests.ReplacementPostPreviewDriftKind.peer(JidokaCodeCoreTests.ReplacementConnectedPeerDriftField.processID), expectedError: JidokaCodeCoreTests.ReplacementMatrixExpectedError.herdr(JidokaCodeCore.HerdrPiWorkflowError.recoveryBoundaryReached)) at HerdrPiWorkflowRuntimeTests.swift:4998:19: Issue recorded
↳ peer-processID threw JidokaCodeCore.RolloutAuthorityError.effectAdmissionClosed; expected .recoveryBoundaryReached
◇ Test case passing 1 argument drift → ReplacementPostPreviewDriftCase(name: "peer-startSeconds", kind: JidokaCodeCoreTests.ReplacementPostPreviewDriftKind.peer(JidokaCodeCoreTests.ReplacementConnectedPeerDriftField.startSeconds), expectedError: JidokaCodeCoreTests.ReplacementMatrixExpectedError.herdr(JidokaCodeCore.HerdrPiWorkflowError.recoveryBoundaryReached)) to "every post-preview one-field drift stops before replacement effects" started.
✘ Test "every post-preview one-field drift stops before replacement effects" recorded an issue with 1 argument drift → ReplacementPostPreviewDriftCase(name: "peer-startSeconds", kind: JidokaCodeCoreTests.ReplacementPostPreviewDriftKind.peer(JidokaCodeCoreTests.ReplacementConnectedPeerDriftField.startSeconds), expectedError: JidokaCodeCoreTests.ReplacementMatrixExpectedError.herdr(JidokaCodeCore.HerdrPiWorkflowError.recoveryBoundaryReached)) at HerdrPiWorkflowRuntimeTests.swift:4998:19: Issue recorded
↳ peer-startSeconds threw JidokaCodeCore.RolloutAuthorityError.effectAdmissionClosed; expected .recoveryBoundaryReached
◇ Test case passing 1 argument drift → ReplacementPostPreviewDriftCase(name: "peer-startMicroseconds", kind: JidokaCodeCoreTests.ReplacementPostPreviewDriftKind.peer(JidokaCodeCoreTests.ReplacementConnectedPeerDriftField.startMicroseconds), expectedError: JidokaCodeCoreTests.ReplacementMatrixExpectedError.herdr(JidokaCodeCore.HerdrPiWorkflowError.recoveryBoundaryReached)) to "every post-preview one-field drift stops before replacement effects" started.
✘ Test "every post-preview one-field drift stops before replacement effects" recorded an issue with 1 argument drift → ReplacementPostPreviewDriftCase(name: "peer-startMicroseconds", kind: JidokaCodeCoreTests.ReplacementPostPreviewDriftKind.peer(JidokaCodeCoreTests.ReplacementConnectedPeerDriftField.startMicroseconds), expectedError: JidokaCodeCoreTests.ReplacementMatrixExpectedError.herdr(JidokaCodeCore.HerdrPiWorkflowError.recoveryBoundaryReached)) at HerdrPiWorkflowRuntimeTests.swift:4998:19: Issue recorded
↳ peer-startMicroseconds threw JidokaCodeCore.RolloutAuthorityError.effectAdmissionClosed; expected .recoveryBoundaryReached
◇ Test case passing 1 argument drift → ReplacementPostPreviewDriftCase(name: "peer-executablePath", kind: JidokaCodeCoreTests.ReplacementPostPreviewDriftKind.peer(JidokaCodeCoreTests.ReplacementConnectedPeerDriftField.executablePath), expectedError: JidokaCodeCoreTests.ReplacementMatrixExpectedError.herdr(JidokaCodeCore.HerdrPiWorkflowError.recoveryBoundaryReached)) to "every post-preview one-field drift stops before replacement effects" started.
✘ Test "every post-preview one-field drift stops before replacement effects" recorded an issue with 1 argument drift → ReplacementPostPreviewDriftCase(name: "peer-executablePath", kind: JidokaCodeCoreTests.ReplacementPostPreviewDriftKind.peer(JidokaCodeCoreTests.ReplacementConnectedPeerDriftField.executablePath), expectedError: JidokaCodeCoreTests.ReplacementMatrixExpectedError.herdr(JidokaCodeCore.HerdrPiWorkflowError.recoveryBoundaryReached)) at HerdrPiWorkflowRuntimeTests.swift:4998:19: Issue recorded
↳ peer-executablePath threw JidokaCodeCore.RolloutAuthorityError.effectAdmissionClosed; expected .recoveryBoundaryReached
◇ Test case passing 1 argument drift → ReplacementPostPreviewDriftCase(name: "peer-executableDevice", kind: JidokaCodeCoreTests.ReplacementPostPreviewDriftKind.peer(JidokaCodeCoreTests.ReplacementConnectedPeerDriftField.executableDevice), expectedError: JidokaCodeCoreTests.ReplacementMatrixExpectedError.herdr(JidokaCodeCore.HerdrPiWorkflowError.recoveryBoundaryReached)) to "every post-preview one-field drift stops before replacement effects" started.
✘ Test "every post-preview one-field drift stops before replacement effects" recorded an issue with 1 argument drift → ReplacementPostPreviewDriftCase(name: "peer-executableDevice", kind: JidokaCodeCoreTests.ReplacementPostPreviewDriftKind.peer(JidokaCodeCoreTests.ReplacementConnectedPeerDriftField.executableDevice), expectedError: JidokaCodeCoreTests.ReplacementMatrixExpectedError.herdr(JidokaCodeCore.HerdrPiWorkflowError.recoveryBoundaryReached)) at HerdrPiWorkflowRuntimeTests.swift:4998:19: Issue recorded
↳ peer-executableDevice threw JidokaCodeCore.RolloutAuthorityError.effectAdmissionClosed; expected .recoveryBoundaryReached
◇ Test case passing 1 argument drift → ReplacementPostPreviewDriftCase(name: "peer-executableInode", kind: JidokaCodeCoreTests.ReplacementPostPreviewDriftKind.peer(JidokaCodeCoreTests.ReplacementConnectedPeerDriftField.executableInode), expectedError: JidokaCodeCoreTests.ReplacementMatrixExpectedError.herdr(JidokaCodeCore.HerdrPiWorkflowError.recoveryBoundaryReached)) to "every post-preview one-field drift stops before replacement effects" started.
✘ Test "every post-preview one-field drift stops before replacement effects" recorded an issue with 1 argument drift → ReplacementPostPreviewDriftCase(name: "peer-executableInode", kind: JidokaCodeCoreTests.ReplacementPostPreviewDriftKind.peer(JidokaCodeCoreTests.ReplacementConnectedPeerDriftField.executableInode), expectedError: JidokaCodeCoreTests.ReplacementMatrixExpectedError.herdr(JidokaCodeCore.HerdrPiWorkflowError.recoveryBoundaryReached)) at HerdrPiWorkflowRuntimeTests.swift:4998:19: Issue recorded
↳ peer-executableInode threw JidokaCodeCore.RolloutAuthorityError.effectAdmissionClosed; expected .recoveryBoundaryReached
◇ Test case passing 1 argument drift → ReplacementPostPreviewDriftCase(name: "peer-executableContent", kind: JidokaCodeCoreTests.ReplacementPostPreviewDriftKind.peer(JidokaCodeCoreTests.ReplacementConnectedPeerDriftField.executableContent), expectedError: JidokaCodeCoreTests.ReplacementMatrixExpectedError.herdr(JidokaCodeCore.HerdrPiWorkflowError.recoveryBoundaryReached)) to "every post-preview one-field drift stops before replacement effects" started.
✘ Test "every post-preview one-field drift stops before replacement effects" recorded an issue with 1 argument drift → ReplacementPostPreviewDriftCase(name: "peer-executableContent", kind: JidokaCodeCoreTests.ReplacementPostPreviewDriftKind.peer(JidokaCodeCoreTests.ReplacementConnectedPeerDriftField.executableContent), expectedError: JidokaCodeCoreTests.ReplacementMatrixExpectedError.herdr(JidokaCodeCore.HerdrPiWorkflowError.recoveryBoundaryReached)) at HerdrPiWorkflowRuntimeTests.swift:4998:19: Issue recorded
↳ peer-executableContent threw JidokaCodeCore.RolloutAuthorityError.effectAdmissionClosed; expected .recoveryBoundaryReached
◇ Test case passing 1 argument drift → ReplacementPostPreviewDriftCase(name: "peer-codeIdentity", kind: JidokaCodeCoreTests.ReplacementPostPreviewDriftKind.peer(JidokaCodeCoreTests.ReplacementConnectedPeerDriftField.codeIdentity), expectedError: JidokaCodeCoreTests.ReplacementMatrixExpectedError.herdr(JidokaCodeCore.HerdrPiWorkflowError.recoveryBoundaryReached)) to "every post-preview one-field drift stops before replacement effects" started.
✘ Test "every post-preview one-field drift stops before replacement effects" recorded an issue with 1 argument drift → ReplacementPostPreviewDriftCase(name: "peer-codeIdentity", kind: JidokaCodeCoreTests.ReplacementPostPreviewDriftKind.peer(JidokaCodeCoreTests.ReplacementConnectedPeerDriftField.codeIdentity), expectedError: JidokaCodeCoreTests.ReplacementMatrixExpectedError.herdr(JidokaCodeCore.HerdrPiWorkflowError.recoveryBoundaryReached)) at HerdrPiWorkflowRuntimeTests.swift:4998:19: Issue recorded
↳ peer-codeIdentity threw JidokaCodeCore.RolloutAuthorityError.effectAdmissionClosed; expected .recoveryBoundaryReached
◇ Test case passing 1 argument drift → ReplacementPostPreviewDriftCase(name: "resource-rootIdentity", kind: JidokaCodeCoreTests.ReplacementPostPreviewDriftKind.resource(JidokaCodeCoreTests.ReplacementResourceDrift.rootIdentity), expectedError: JidokaCodeCoreTests.ReplacementMatrixExpectedError.herdr(JidokaCodeCore.HerdrPiWorkflowError.recoveryBoundaryReached)) to "every post-preview one-field drift stops before replacement effects" started.
✘ Test "every post-preview one-field drift stops before replacement effects" recorded an issue with 1 argument drift → ReplacementPostPreviewDriftCase(name: "resource-rootIdentity", kind: JidokaCodeCoreTests.ReplacementPostPreviewDriftKind.resource(JidokaCodeCoreTests.ReplacementResourceDrift.rootIdentity), expectedError: JidokaCodeCoreTests.ReplacementMatrixExpectedError.herdr(JidokaCodeCore.HerdrPiWorkflowError.recoveryBoundaryReached)) at HerdrPiWorkflowRuntimeTests.swift:4998:19: Issue recorded
↳ resource-rootIdentity threw JidokaCodeCore.RolloutAuthorityError.effectAdmissionClosed; expected .recoveryBoundaryReached
◇ Test case passing 1 argument drift → ReplacementPostPreviewDriftCase(name: "resource-inventory", kind: JidokaCodeCoreTests.ReplacementPostPreviewDriftKind.resource(JidokaCodeCoreTests.ReplacementResourceDrift.inventory), expectedError: JidokaCodeCoreTests.ReplacementMatrixExpectedError.herdr(JidokaCodeCore.HerdrPiWorkflowError.recoveryBoundaryReached)) to "every post-preview one-field drift stops before replacement effects" started.
✘ Test "every post-preview one-field drift stops before replacement effects" recorded an issue with 1 argument drift → ReplacementPostPreviewDriftCase(name: "resource-inventory", kind: JidokaCodeCoreTests.ReplacementPostPreviewDriftKind.resource(JidokaCodeCoreTests.ReplacementResourceDrift.inventory), expectedError: JidokaCodeCoreTests.ReplacementMatrixExpectedError.herdr(JidokaCodeCore.HerdrPiWorkflowError.recoveryBoundaryReached)) at HerdrPiWorkflowRuntimeTests.swift:4998:19: Issue recorded
↳ resource-inventory threw JidokaCodeCore.RolloutAuthorityError.effectAdmissionClosed; expected .recoveryBoundaryReached
◇ Test case passing 1 argument drift → ReplacementPostPreviewDriftCase(name: "resource-fileVnode", kind: JidokaCodeCoreTests.ReplacementPostPreviewDriftKind.resource(JidokaCodeCoreTests.ReplacementResourceDrift.fileVnode), expectedError: JidokaCodeCoreTests.ReplacementMatrixExpectedError.herdr(JidokaCodeCore.HerdrPiWorkflowError.recoveryBoundaryReached)) to "every post-preview one-field drift stops before replacement effects" started.
✘ Test "every post-preview one-field drift stops before replacement effects" recorded an issue with 1 argument drift → ReplacementPostPreviewDriftCase(name: "resource-fileVnode", kind: JidokaCodeCoreTests.ReplacementPostPreviewDriftKind.resource(JidokaCodeCoreTests.ReplacementResourceDrift.fileVnode), expectedError: JidokaCodeCoreTests.ReplacementMatrixExpectedError.herdr(JidokaCodeCore.HerdrPiWorkflowError.recoveryBoundaryReached)) at HerdrPiWorkflowRuntimeTests.swift:4998:19: Issue recorded
↳ resource-fileVnode threw JidokaCodeCore.RolloutAuthorityError.effectAdmissionClosed; expected .recoveryBoundaryReached
◇ Test case passing 1 argument drift → ReplacementPostPreviewDriftCase(name: "resource-fileContent", kind: JidokaCodeCoreTests.ReplacementPostPreviewDriftKind.resource(JidokaCodeCoreTests.ReplacementResourceDrift.fileContent), expectedError: JidokaCodeCoreTests.ReplacementMatrixExpectedError.herdr(JidokaCodeCore.HerdrPiWorkflowError.recoveryBoundaryReached)) to "every post-preview one-field drift stops before replacement effects" started.
✘ Test "every post-preview one-field drift stops before replacement effects" recorded an issue with 1 argument drift → ReplacementPostPreviewDriftCase(name: "resource-fileContent", kind: JidokaCodeCoreTests.ReplacementPostPreviewDriftKind.resource(JidokaCodeCoreTests.ReplacementResourceDrift.fileContent), expectedError: JidokaCodeCoreTests.ReplacementMatrixExpectedError.herdr(JidokaCodeCore.HerdrPiWorkflowError.recoveryBoundaryReached)) at HerdrPiWorkflowRuntimeTests.swift:4998:19: Issue recorded
↳ resource-fileContent threw JidokaCodeCore.RolloutAuthorityError.effectAdmissionClosed; expected .recoveryBoundaryReached
◇ Test case passing 1 argument drift → ReplacementPostPreviewDriftCase(name: "mapped-executable-architecture-path", kind: JidokaCodeCoreTests.ReplacementPostPreviewDriftKind.executable(JidokaCodeCore.PiWorkflowRole.architecture, JidokaCodeCoreTests.ReplacementExecutableDriftField.path), expectedError: JidokaCodeCoreTests.ReplacementMatrixExpectedError.herdr(JidokaCodeCore.HerdrPiWorkflowError.recoveryBoundaryReached)) to "every post-preview one-field drift stops before replacement effects" started.
✘ Test "every post-preview one-field drift stops before replacement effects" recorded an issue with 1 argument drift → ReplacementPostPreviewDriftCase(name: "mapped-executable-architecture-path", kind: JidokaCodeCoreTests.ReplacementPostPreviewDriftKind.executable(JidokaCodeCore.PiWorkflowRole.architecture, JidokaCodeCoreTests.ReplacementExecutableDriftField.path), expectedError: JidokaCodeCoreTests.ReplacementMatrixExpectedError.herdr(JidokaCodeCore.HerdrPiWorkflowError.recoveryBoundaryReached)) at HerdrPiWorkflowRuntimeTests.swift:4998:19: Issue recorded
↳ mapped-executable-architecture-path threw JidokaCodeCore.RolloutAuthorityError.effectAdmissionClosed; expected .recoveryBoundaryReached
◇ Test case passing 1 argument drift → ReplacementPostPreviewDriftCase(name: "mapped-executable-architecture-device", kind: JidokaCodeCoreTests.ReplacementPostPreviewDriftKind.executable(JidokaCodeCore.PiWorkflowRole.architecture, JidokaCodeCoreTests.ReplacementExecutableDriftField.device), expectedError: JidokaCodeCoreTests.ReplacementMatrixExpectedError.herdr(JidokaCodeCore.HerdrPiWorkflowError.recoveryBoundaryReached)) to "every post-preview one-field drift stops before replacement effects" started.
✘ Test "every post-preview one-field drift stops before replacement effects" recorded an issue with 1 argument drift → ReplacementPostPreviewDriftCase(name: "mapped-executable-architecture-device", kind: JidokaCodeCoreTests.ReplacementPostPreviewDriftKind.executable(JidokaCodeCore.PiWorkflowRole.architecture, JidokaCodeCoreTests.ReplacementExecutableDriftField.device), expectedError: JidokaCodeCoreTests.ReplacementMatrixExpectedError.herdr(JidokaCodeCore.HerdrPiWorkflowError.recoveryBoundaryReached)) at HerdrPiWorkflowRuntimeTests.swift:4998:19: Issue recorded
↳ mapped-executable-architecture-device threw JidokaCodeCore.RolloutAuthorityError.effectAdmissionClosed; expected .recoveryBoundaryReached
◇ Test case passing 1 argument drift → ReplacementPostPreviewDriftCase(name: "mapped-executable-architecture-inode", kind: JidokaCodeCoreTests.ReplacementPostPreviewDriftKind.executable(JidokaCodeCore.PiWorkflowRole.architecture, JidokaCodeCoreTests.ReplacementExecutableDriftField.inode), expectedError: JidokaCodeCoreTests.ReplacementMatrixExpectedError.herdr(JidokaCodeCore.HerdrPiWorkflowError.recoveryBoundaryReached)) to "every post-preview one-field drift stops before replacement effects" started.
✘ Test "every post-preview one-field drift stops before replacement effects" recorded an issue with 1 argument drift → ReplacementPostPreviewDriftCase(name: "mapped-executable-architecture-inode", kind: JidokaCodeCoreTests.ReplacementPostPreviewDriftKind.executable(JidokaCodeCore.PiWorkflowRole.architecture, JidokaCodeCoreTests.ReplacementExecutableDriftField.inode), expectedError: JidokaCodeCoreTests.ReplacementMatrixExpectedError.herdr(JidokaCodeCore.HerdrPiWorkflowError.recoveryBoundaryReached)) at HerdrPiWorkflowRuntimeTests.swift:4998:19: Issue recorded
↳ mapped-executable-architecture-inode threw JidokaCodeCore.RolloutAuthorityError.effectAdmissionClosed; expected .recoveryBoundaryReached
◇ Test case passing 1 argument drift → ReplacementPostPreviewDriftCase(name: "mapped-executable-architecture-content", kind: JidokaCodeCoreTests.ReplacementPostPreviewDriftKind.executable(JidokaCodeCore.PiWorkflowRole.architecture, JidokaCodeCoreTests.ReplacementExecutableDriftField.content), expectedError: JidokaCodeCoreTests.ReplacementMatrixExpectedError.herdr(JidokaCodeCore.HerdrPiWorkflowError.recoveryBoundaryReached)) to "every post-preview one-field drift stops before replacement effects" started.
✘ Test "every post-preview one-field drift stops before replacement effects" recorded an issue with 1 argument drift → ReplacementPostPreviewDriftCase(name: "mapped-executable-architecture-content", kind: JidokaCodeCoreTests.ReplacementPostPreviewDriftKind.executable(JidokaCodeCore.PiWorkflowRole.architecture, JidokaCodeCoreTests.ReplacementExecutableDriftField.content), expectedError: JidokaCodeCoreTests.ReplacementMatrixExpectedError.herdr(JidokaCodeCore.HerdrPiWorkflowError.recoveryBoundaryReached)) at HerdrPiWorkflowRuntimeTests.swift:4998:19: Issue recorded
↳ mapped-executable-architecture-content threw JidokaCodeCore.RolloutAuthorityError.effectAdmissionClosed; expected .recoveryBoundaryReached
◇ Test case passing 1 argument drift → ReplacementPostPreviewDriftCase(name: "mapped-executable-architecture-codeIdentity", kind: JidokaCodeCoreTests.ReplacementPostPreviewDriftKind.executable(JidokaCodeCore.PiWorkflowRole.architecture, JidokaCodeCoreTests.ReplacementExecutableDriftField.codeIdentity), expectedError: JidokaCodeCoreTests.ReplacementMatrixExpectedError.herdr(JidokaCodeCore.HerdrPiWorkflowError.recoveryBoundaryReached)) to "every post-preview one-field drift stops before replacement effects" started.
✘ Test "every post-preview one-field drift stops before replacement effects" recorded an issue with 1 argument drift → ReplacementPostPreviewDriftCase(name: "mapped-executable-architecture-codeIdentity", kind: JidokaCodeCoreTests.ReplacementPostPreviewDriftKind.executable(JidokaCodeCore.PiWorkflowRole.architecture, JidokaCodeCoreTests.ReplacementExecutableDriftField.codeIdentity), expectedError: JidokaCodeCoreTests.ReplacementMatrixExpectedError.herdr(JidokaCodeCore.HerdrPiWorkflowError.recoveryBoundaryReached)) at HerdrPiWorkflowRuntimeTests.swift:4998:19: Issue recorded
↳ mapped-executable-architecture-codeIdentity threw JidokaCodeCore.RolloutAuthorityError.effectAdmissionClosed; expected .recoveryBoundaryReached
◇ Test case passing 1 argument drift → ReplacementPostPreviewDriftCase(name: "mapped-executable-security-path", kind: JidokaCodeCoreTests.ReplacementPostPreviewDriftKind.executable(JidokaCodeCore.PiWorkflowRole.security, JidokaCodeCoreTests.ReplacementExecutableDriftField.path), expectedError: JidokaCodeCoreTests.ReplacementMatrixExpectedError.herdr(JidokaCodeCore.HerdrPiWorkflowError.recoveryBoundaryReached)) to "every post-preview one-field drift stops before replacement effects" started.
✘ Test "every post-preview one-field drift stops before replacement effects" recorded an issue with 1 argument drift → ReplacementPostPreviewDriftCase(name: "mapped-executable-security-path", kind: JidokaCodeCoreTests.ReplacementPostPreviewDriftKind.executable(JidokaCodeCore.PiWorkflowRole.security, JidokaCodeCoreTests.ReplacementExecutableDriftField.path), expectedError: JidokaCodeCoreTests.ReplacementMatrixExpectedError.herdr(JidokaCodeCore.HerdrPiWorkflowError.recoveryBoundaryReached)) at HerdrPiWorkflowRuntimeTests.swift:4998:19: Issue recorded
↳ mapped-executable-security-path threw JidokaCodeCore.RolloutAuthorityError.effectAdmissionClosed; expected .recoveryBoundaryReached
◇ Test case passing 1 argument drift → ReplacementPostPreviewDriftCase(name: "mapped-executable-security-device", kind: JidokaCodeCoreTests.ReplacementPostPreviewDriftKind.executable(JidokaCodeCore.PiWorkflowRole.security, JidokaCodeCoreTests.ReplacementExecutableDriftField.device), expectedError: JidokaCodeCoreTests.ReplacementMatrixExpectedError.herdr(JidokaCodeCore.HerdrPiWorkflowError.recoveryBoundaryReached)) to "every post-preview one-field drift stops before replacement effects" started.
✘ Test "every post-preview one-field drift stops before replacement effects" recorded an issue with 1 argument drift → ReplacementPostPreviewDriftCase(name: "mapped-executable-security-device", kind: JidokaCodeCoreTests.ReplacementPostPreviewDriftKind.executable(JidokaCodeCore.PiWorkflowRole.security, JidokaCodeCoreTests.ReplacementExecutableDriftField.device), expectedError: JidokaCodeCoreTests.ReplacementMatrixExpectedError.herdr(JidokaCodeCore.HerdrPiWorkflowError.recoveryBoundaryReached)) at HerdrPiWorkflowRuntimeTests.swift:4998:19: Issue recorded
↳ mapped-executable-security-device threw JidokaCodeCore.RolloutAuthorityError.effectAdmissionClosed; expected .recoveryBoundaryReached
◇ Test case passing 1 argument drift → ReplacementPostPreviewDriftCase(name: "mapped-executable-security-inode", kind: JidokaCodeCoreTests.ReplacementPostPreviewDriftKind.executable(JidokaCodeCore.PiWorkflowRole.security, JidokaCodeCoreTests.ReplacementExecutableDriftField.inode), expectedError: JidokaCodeCoreTests.ReplacementMatrixExpectedError.herdr(JidokaCodeCore.HerdrPiWorkflowError.recoveryBoundaryReached)) to "every post-preview one-field drift stops before replacement effects" started.
✘ Test "every post-preview one-field drift stops before replacement effects" recorded an issue with 1 argument drift → ReplacementPostPreviewDriftCase(name: "mapped-executable-security-inode", kind: JidokaCodeCoreTests.ReplacementPostPreviewDriftKind.executable(JidokaCodeCore.PiWorkflowRole.security, JidokaCodeCoreTests.ReplacementExecutableDriftField.inode), expectedError: JidokaCodeCoreTests.ReplacementMatrixExpectedError.herdr(JidokaCodeCore.HerdrPiWorkflowError.recoveryBoundaryReached)) at HerdrPiWorkflowRuntimeTests.swift:4998:19: Issue recorded
↳ mapped-executable-security-inode threw JidokaCodeCore.RolloutAuthorityError.effectAdmissionClosed; expected .recoveryBoundaryReached
◇ Test case passing 1 argument drift → ReplacementPostPreviewDriftCase(name: "mapped-executable-security-content", kind: JidokaCodeCoreTests.ReplacementPostPreviewDriftKind.executable(JidokaCodeCore.PiWorkflowRole.security, JidokaCodeCoreTests.ReplacementExecutableDriftField.content), expectedError: JidokaCodeCoreTests.ReplacementMatrixExpectedError.herdr(JidokaCodeCore.HerdrPiWorkflowError.recoveryBoundaryReached)) to "every post-preview one-field drift stops before replacement effects" started.
✘ Test "every post-preview one-field drift stops before replacement effects" recorded an issue with 1 argument drift → ReplacementPostPreviewDriftCase(name: "mapped-executable-security-content", kind: JidokaCodeCoreTests.ReplacementPostPreviewDriftKind.executable(JidokaCodeCore.PiWorkflowRole.security, JidokaCodeCoreTests.ReplacementExecutableDriftField.content), expectedError: JidokaCodeCoreTests.ReplacementMatrixExpectedError.herdr(JidokaCodeCore.HerdrPiWorkflowError.recoveryBoundaryReached)) at HerdrPiWorkflowRuntimeTests.swift:4998:19: Issue recorded
↳ mapped-executable-security-content threw JidokaCodeCore.RolloutAuthorityError.effectAdmissionClosed; expected .recoveryBoundaryReached
◇ Test case passing 1 argument drift → ReplacementPostPreviewDriftCase(name: "mapped-executable-security-codeIdentity", kind: JidokaCodeCoreTests.ReplacementPostPreviewDriftKind.executable(JidokaCodeCore.PiWorkflowRole.security, JidokaCodeCoreTests.ReplacementExecutableDriftField.codeIdentity), expectedError: JidokaCodeCoreTests.ReplacementMatrixExpectedError.herdr(JidokaCodeCore.HerdrPiWorkflowError.recoveryBoundaryReached)) to "every post-preview one-field drift stops before replacement effects" started.
✘ Test "every post-preview one-field drift stops before replacement effects" recorded an issue with 1 argument drift → ReplacementPostPreviewDriftCase(name: "mapped-executable-security-codeIdentity", kind: JidokaCodeCoreTests.ReplacementPostPreviewDriftKind.executable(JidokaCodeCore.PiWorkflowRole.security, JidokaCodeCoreTests.ReplacementExecutableDriftField.codeIdentity), expectedError: JidokaCodeCoreTests.ReplacementMatrixExpectedError.herdr(JidokaCodeCore.HerdrPiWorkflowError.recoveryBoundaryReached)) at HerdrPiWorkflowRuntimeTests.swift:4998:19: Issue recorded
↳ mapped-executable-security-codeIdentity threw JidokaCodeCore.RolloutAuthorityError.effectAdmissionClosed; expected .recoveryBoundaryReached
◇ Test case passing 1 argument drift → ReplacementPostPreviewDriftCase(name: "mapped-executable-test-path", kind: JidokaCodeCoreTests.ReplacementPostPreviewDriftKind.executable(JidokaCodeCore.PiWorkflowRole.test, JidokaCodeCoreTests.ReplacementExecutableDriftField.path), expectedError: JidokaCodeCoreTests.ReplacementMatrixExpectedError.herdr(JidokaCodeCore.HerdrPiWorkflowError.recoveryBoundaryReached)) to "every post-preview one-field drift stops before replacement effects" started.
✘ Test "every post-preview one-field drift stops before replacement effects" recorded an issue with 1 argument drift → ReplacementPostPreviewDriftCase(name: "mapped-executable-test-path", kind: JidokaCodeCoreTests.ReplacementPostPreviewDriftKind.executable(JidokaCodeCore.PiWorkflowRole.test, JidokaCodeCoreTests.ReplacementExecutableDriftField.path), expectedError: JidokaCodeCoreTests.ReplacementMatrixExpectedError.herdr(JidokaCodeCore.HerdrPiWorkflowError.recoveryBoundaryReached)) at HerdrPiWorkflowRuntimeTests.swift:4998:19: Issue recorded
↳ mapped-executable-test-path threw JidokaCodeCore.RolloutAuthorityError.effectAdmissionClosed; expected .recoveryBoundaryReached
◇ Test case passing 1 argument drift → ReplacementPostPreviewDriftCase(name: "mapped-executable-test-device", kind: JidokaCodeCoreTests.ReplacementPostPreviewDriftKind.executable(JidokaCodeCore.PiWorkflowRole.test, JidokaCodeCoreTests.ReplacementExecutableDriftField.device), expectedError: JidokaCodeCoreTests.ReplacementMatrixExpectedError.herdr(JidokaCodeCore.HerdrPiWorkflowError.recoveryBoundaryReached)) to "every post-preview one-field drift stops before replacement effects" started.
✘ Test "every post-preview one-field drift stops before replacement effects" recorded an issue with 1 argument drift → ReplacementPostPreviewDriftCase(name: "mapped-executable-test-device", kind: JidokaCodeCoreTests.ReplacementPostPreviewDriftKind.executable(JidokaCodeCore.PiWorkflowRole.test, JidokaCodeCoreTests.ReplacementExecutableDriftField.device), expectedError: JidokaCodeCoreTests.ReplacementMatrixExpectedError.herdr(JidokaCodeCore.HerdrPiWorkflowError.recoveryBoundaryReached)) at HerdrPiWorkflowRuntimeTests.swift:4998:19: Issue recorded
↳ mapped-executable-test-device threw JidokaCodeCore.RolloutAuthorityError.effectAdmissionClosed; expected .recoveryBoundaryReached
◇ Test case passing 1 argument drift → ReplacementPostPreviewDriftCase(name: "mapped-executable-test-inode", kind: JidokaCodeCoreTests.ReplacementPostPreviewDriftKind.executable(JidokaCodeCore.PiWorkflowRole.test, JidokaCodeCoreTests.ReplacementExecutableDriftField.inode), expectedError: JidokaCodeCoreTests.ReplacementMatrixExpectedError.herdr(JidokaCodeCore.HerdrPiWorkflowError.recoveryBoundaryReached)) to "every post-preview one-field drift stops before replacement effects" started.
✘ Test "every post-preview one-field drift stops before replacement effects" recorded an issue with 1 argument drift → ReplacementPostPreviewDriftCase(name: "mapped-executable-test-inode", kind: JidokaCodeCoreTests.ReplacementPostPreviewDriftKind.executable(JidokaCodeCore.PiWorkflowRole.test, JidokaCodeCoreTests.ReplacementExecutableDriftField.inode), expectedError: JidokaCodeCoreTests.ReplacementMatrixExpectedError.herdr(JidokaCodeCore.HerdrPiWorkflowError.recoveryBoundaryReached)) at HerdrPiWorkflowRuntimeTests.swift:4998:19: Issue recorded
↳ mapped-executable-test-inode threw JidokaCodeCore.RolloutAuthorityError.effectAdmissionClosed; expected .recoveryBoundaryReached
◇ Test case passing 1 argument drift → ReplacementPostPreviewDriftCase(name: "mapped-executable-test-content", kind: JidokaCodeCoreTests.ReplacementPostPreviewDriftKind.executable(JidokaCodeCore.PiWorkflowRole.test, JidokaCodeCoreTests.ReplacementExecutableDriftField.content), expectedError: JidokaCodeCoreTests.ReplacementMatrixExpectedError.herdr(JidokaCodeCore.HerdrPiWorkflowError.recoveryBoundaryReached)) to "every post-preview one-field drift stops before replacement effects" started.
✘ Test "every post-preview one-field drift stops before replacement effects" recorded an issue with 1 argument drift → ReplacementPostPreviewDriftCase(name: "mapped-executable-test-content", kind: JidokaCodeCoreTests.ReplacementPostPreviewDriftKind.executable(JidokaCodeCore.PiWorkflowRole.test, JidokaCodeCoreTests.ReplacementExecutableDriftField.content), expectedError: JidokaCodeCoreTests.ReplacementMatrixExpectedError.herdr(JidokaCodeCore.HerdrPiWorkflowError.recoveryBoundaryReached)) at HerdrPiWorkflowRuntimeTests.swift:4998:19: Issue recorded
↳ mapped-executable-test-content threw JidokaCodeCore.RolloutAuthorityError.effectAdmissionClosed; expected .recoveryBoundaryReached
◇ Test case passing 1 argument drift → ReplacementPostPreviewDriftCase(name: "mapped-executable-test-codeIdentity", kind: JidokaCodeCoreTests.ReplacementPostPreviewDriftKind.executable(JidokaCodeCore.PiWorkflowRole.test, JidokaCodeCoreTests.ReplacementExecutableDriftField.codeIdentity), expectedError: JidokaCodeCoreTests.ReplacementMatrixExpectedError.herdr(JidokaCodeCore.HerdrPiWorkflowError.recoveryBoundaryReached)) to "every post-preview one-field drift stops before replacement effects" started.
✘ Test "every post-preview one-field drift stops before replacement effects" recorded an issue with 1 argument drift → ReplacementPostPreviewDriftCase(name: "mapped-executable-test-codeIdentity", kind: JidokaCodeCoreTests.ReplacementPostPreviewDriftKind.executable(JidokaCodeCore.PiWorkflowRole.test, JidokaCodeCoreTests.ReplacementExecutableDriftField.codeIdentity), expectedError: JidokaCodeCoreTests.ReplacementMatrixExpectedError.herdr(JidokaCodeCore.HerdrPiWorkflowError.recoveryBoundaryReached)) at HerdrPiWorkflowRuntimeTests.swift:4998:19: Issue recorded
↳ mapped-executable-test-codeIdentity threw JidokaCodeCore.RolloutAuthorityError.effectAdmissionClosed; expected .recoveryBoundaryReached
◇ Test case passing 1 argument drift → ReplacementPostPreviewDriftCase(name: "mapped-executable-synthesis-path", kind: JidokaCodeCoreTests.ReplacementPostPreviewDriftKind.executable(JidokaCodeCore.PiWorkflowRole.synthesis, JidokaCodeCoreTests.ReplacementExecutableDriftField.path), expectedError: JidokaCodeCoreTests.ReplacementMatrixExpectedError.herdr(JidokaCodeCore.HerdrPiWorkflowError.recoveryBoundaryReached)) to "every post-preview one-field drift stops before replacement effects" started.
✘ Test "every post-preview one-field drift stops before replacement effects" recorded an issue with 1 argument drift → ReplacementPostPreviewDriftCase(name: "mapped-executable-synthesis-path", kind: JidokaCodeCoreTests.ReplacementPostPreviewDriftKind.executable(JidokaCodeCore.PiWorkflowRole.synthesis, JidokaCodeCoreTests.ReplacementExecutableDriftField.path), expectedError: JidokaCodeCoreTests.ReplacementMatrixExpectedError.herdr(JidokaCodeCore.HerdrPiWorkflowError.recoveryBoundaryReached)) at HerdrPiWorkflowRuntimeTests.swift:4998:19: Issue recorded
↳ mapped-executable-synthesis-path threw JidokaCodeCore.RolloutAuthorityError.effectAdmissionClosed; expected .recoveryBoundaryReached
◇ Test case passing 1 argument drift → ReplacementPostPreviewDriftCase(name: "mapped-executable-synthesis-device", kind: JidokaCodeCoreTests.ReplacementPostPreviewDriftKind.executable(JidokaCodeCore.PiWorkflowRole.synthesis, JidokaCodeCoreTests.ReplacementExecutableDriftField.device), expectedError: JidokaCodeCoreTests.ReplacementMatrixExpectedError.herdr(JidokaCodeCore.HerdrPiWorkflowError.recoveryBoundaryReached)) to "every post-preview one-field drift stops before replacement effects" started.
✘ Test "every post-preview one-field drift stops before replacement effects" recorded an issue with 1 argument drift → ReplacementPostPreviewDriftCase(name: "mapped-executable-synthesis-device", kind: JidokaCodeCoreTests.ReplacementPostPreviewDriftKind.executable(JidokaCodeCore.PiWorkflowRole.synthesis, JidokaCodeCoreTests.ReplacementExecutableDriftField.device), expectedError: JidokaCodeCoreTests.ReplacementMatrixExpectedError.herdr(JidokaCodeCore.HerdrPiWorkflowError.recoveryBoundaryReached)) at HerdrPiWorkflowRuntimeTests.swift:4998:19: Issue recorded
↳ mapped-executable-synthesis-device threw JidokaCodeCore.RolloutAuthorityError.effectAdmissionClosed; expected .recoveryBoundaryReached
◇ Test case passing 1 argument drift → ReplacementPostPreviewDriftCase(name: "mapped-executable-synthesis-inode", kind: JidokaCodeCoreTests.ReplacementPostPreviewDriftKind.executable(JidokaCodeCore.PiWorkflowRole.synthesis, JidokaCodeCoreTests.ReplacementExecutableDriftField.inode), expectedError: JidokaCodeCoreTests.ReplacementMatrixExpectedError.herdr(JidokaCodeCore.HerdrPiWorkflowError.recoveryBoundaryReached)) to "every post-preview one-field drift stops before replacement effects" started.
✘ Test "every post-preview one-field drift stops before replacement effects" recorded an issue with 1 argument drift → ReplacementPostPreviewDriftCase(name: "mapped-executable-synthesis-inode", kind: JidokaCodeCoreTests.ReplacementPostPreviewDriftKind.executable(JidokaCodeCore.PiWorkflowRole.synthesis, JidokaCodeCoreTests.ReplacementExecutableDriftField.inode), expectedError: JidokaCodeCoreTests.ReplacementMatrixExpectedError.herdr(JidokaCodeCore.HerdrPiWorkflowError.recoveryBoundaryReached)) at HerdrPiWorkflowRuntimeTests.swift:4998:19: Issue recorded
↳ mapped-executable-synthesis-inode threw JidokaCodeCore.RolloutAuthorityError.effectAdmissionClosed; expected .recoveryBoundaryReached
◇ Test case passing 1 argument drift → ReplacementPostPreviewDriftCase(name: "mapped-executable-synthesis-content", kind: JidokaCodeCoreTests.ReplacementPostPreviewDriftKind.executable(JidokaCodeCore.PiWorkflowRole.synthesis, JidokaCodeCoreTests.ReplacementExecutableDriftField.content), expectedError: JidokaCodeCoreTests.ReplacementMatrixExpectedError.herdr(JidokaCodeCore.HerdrPiWorkflowError.recoveryBoundaryReached)) to "every post-preview one-field drift stops before replacement effects" started.
✘ Test "every post-preview one-field drift stops before replacement effects" recorded an issue with 1 argument drift → ReplacementPostPreviewDriftCase(name: "mapped-executable-synthesis-content", kind: JidokaCodeCoreTests.ReplacementPostPreviewDriftKind.executable(JidokaCodeCore.PiWorkflowRole.synthesis, JidokaCodeCoreTests.ReplacementExecutableDriftField.content), expectedError: JidokaCodeCoreTests.ReplacementMatrixExpectedError.herdr(JidokaCodeCore.HerdrPiWorkflowError.recoveryBoundaryReached)) at HerdrPiWorkflowRuntimeTests.swift:4998:19: Issue recorded
↳ mapped-executable-synthesis-content threw JidokaCodeCore.RolloutAuthorityError.effectAdmissionClosed; expected .recoveryBoundaryReached
◇ Test case passing 1 argument drift → ReplacementPostPreviewDriftCase(name: "mapped-executable-synthesis-codeIdentity", kind: JidokaCodeCoreTests.ReplacementPostPreviewDriftKind.executable(JidokaCodeCore.PiWorkflowRole.synthesis, JidokaCodeCoreTests.ReplacementExecutableDriftField.codeIdentity), expectedError: JidokaCodeCoreTests.ReplacementMatrixExpectedError.herdr(JidokaCodeCore.HerdrPiWorkflowError.recoveryBoundaryReached)) to "every post-preview one-field drift stops before replacement effects" started.
✘ Test "every post-preview one-field drift stops before replacement effects" recorded an issue with 1 argument drift → ReplacementPostPreviewDriftCase(name: "mapped-executable-synthesis-codeIdentity", kind: JidokaCodeCoreTests.ReplacementPostPreviewDriftKind.executable(JidokaCodeCore.PiWorkflowRole.synthesis, JidokaCodeCoreTests.ReplacementExecutableDriftField.codeIdentity), expectedError: JidokaCodeCoreTests.ReplacementMatrixExpectedError.herdr(JidokaCodeCore.HerdrPiWorkflowError.recoveryBoundaryReached)) at HerdrPiWorkflowRuntimeTests.swift:4998:19: Issue recorded
↳ mapped-executable-synthesis-codeIdentity threw JidokaCodeCore.RolloutAuthorityError.effectAdmissionClosed; expected .recoveryBoundaryReached
◇ Test case passing 1 argument drift → ReplacementPostPreviewDriftCase(name: "stale-pane-revision", kind: JidokaCodeCoreTests.ReplacementPostPreviewDriftKind.stalePaneRevision, expectedError: JidokaCodeCoreTests.ReplacementMatrixExpectedError.herdr(JidokaCodeCore.HerdrPiWorkflowError.recoveryBoundaryReached)) to "every post-preview one-field drift stops before replacement effects" started.
✘ Test "every post-preview one-field drift stops before replacement effects" recorded an issue with 1 argument drift → ReplacementPostPreviewDriftCase(name: "stale-pane-revision", kind: JidokaCodeCoreTests.ReplacementPostPreviewDriftKind.stalePaneRevision, expectedError: JidokaCodeCoreTests.ReplacementMatrixExpectedError.herdr(JidokaCodeCore.HerdrPiWorkflowError.recoveryBoundaryReached)) at HerdrPiWorkflowRuntimeTests.swift:4998:19: Issue recorded
↳ stale-pane-revision threw JidokaCodeCore.RolloutAuthorityError.effectAdmissionClosed; expected .recoveryBoundaryReached
◇ Test case passing 1 argument drift → ReplacementPostPreviewDriftCase(name: "stale-pane-token-presence", kind: JidokaCodeCoreTests.ReplacementPostPreviewDriftKind.stalePaneTokenPresence, expectedError: JidokaCodeCoreTests.ReplacementMatrixExpectedError.herdr(JidokaCodeCore.HerdrPiWorkflowError.recoveryBoundaryReached)) to "every post-preview one-field drift stops before replacement effects" started.
✘ Test "every post-preview one-field drift stops before replacement effects" recorded an issue with 1 argument drift → ReplacementPostPreviewDriftCase(name: "stale-pane-token-presence", kind: JidokaCodeCoreTests.ReplacementPostPreviewDriftKind.stalePaneTokenPresence, expectedError: JidokaCodeCoreTests.ReplacementMatrixExpectedError.herdr(JidokaCodeCore.HerdrPiWorkflowError.recoveryBoundaryReached)) at HerdrPiWorkflowRuntimeTests.swift:4998:19: Issue recorded
↳ stale-pane-token-presence threw JidokaCodeCore.RolloutAuthorityError.effectAdmissionClosed; expected .recoveryBoundaryReached
◇ Test case passing 1 argument drift → ReplacementPostPreviewDriftCase(name: "stale-pane-token-digest", kind: JidokaCodeCoreTests.ReplacementPostPreviewDriftKind.stalePaneTokenDigest, expectedError: JidokaCodeCoreTests.ReplacementMatrixExpectedError.herdr(JidokaCodeCore.HerdrPiWorkflowError.recoveryBoundaryReached)) to "every post-preview one-field drift stops before replacement effects" started.
✘ Test "every post-preview one-field drift stops before replacement effects" recorded an issue with 1 argument drift → ReplacementPostPreviewDriftCase(name: "stale-pane-token-digest", kind: JidokaCodeCoreTests.ReplacementPostPreviewDriftKind.stalePaneTokenDigest, expectedError: JidokaCodeCoreTests.ReplacementMatrixExpectedError.herdr(JidokaCodeCore.HerdrPiWorkflowError.recoveryBoundaryReached)) at HerdrPiWorkflowRuntimeTests.swift:4998:19: Issue recorded
↳ stale-pane-token-digest threw JidokaCodeCore.RolloutAuthorityError.effectAdmissionClosed; expected .recoveryBoundaryReached
◇ Test case passing 1 argument drift → ReplacementPostPreviewDriftCase(name: "q4-descriptor", kind: JidokaCodeCoreTests.ReplacementPostPreviewDriftKind.q4Descriptor, expectedError: JidokaCodeCoreTests.ReplacementMatrixExpectedError.herdr(JidokaCodeCore.HerdrPiWorkflowError.resultDivergent)) to "every post-preview one-field drift stops before replacement effects" started.
✘ Test "every post-preview one-field drift stops before replacement effects" recorded an issue with 1 argument drift → ReplacementPostPreviewDriftCase(name: "q4-descriptor", kind: JidokaCodeCoreTests.ReplacementPostPreviewDriftKind.q4Descriptor, expectedError: JidokaCodeCoreTests.ReplacementMatrixExpectedError.herdr(JidokaCodeCore.HerdrPiWorkflowError.resultDivergent)) at HerdrPiWorkflowRuntimeTests.swift:4998:19: Issue recorded
↳ q4-descriptor threw JidokaCodeCore.RolloutAuthorityError.effectAdmissionClosed; expected .resultDivergent
◇ Test case passing 1 argument drift → ReplacementPostPreviewDriftCase(name: "q4-backing-q4Configuration", kind: JidokaCodeCoreTests.ReplacementPostPreviewDriftKind.q4Backing(JidokaCodeCoreTests.ReplacementQ4BackingDrift.q4Configuration), expectedError: JidokaCodeCoreTests.ReplacementMatrixExpectedError.tui(JidokaCodeCore.PiTUIRuntimeError.unsafePath)) to "every post-preview one-field drift stops before replacement effects" started.
✘ Test "every post-preview one-field drift stops before replacement effects" recorded an issue with 1 argument drift → ReplacementPostPreviewDriftCase(name: "q4-backing-q4Configuration", kind: JidokaCodeCoreTests.ReplacementPostPreviewDriftKind.q4Backing(JidokaCodeCoreTests.ReplacementQ4BackingDrift.q4Configuration), expectedError: JidokaCodeCoreTests.ReplacementMatrixExpectedError.tui(JidokaCodeCore.PiTUIRuntimeError.unsafePath)) at HerdrPiWorkflowRuntimeTests.swift:5004:19: Issue recorded
↳ q4-backing-q4Configuration threw JidokaCodeCore.RolloutAuthorityError.effectAdmissionClosed; expected .unsafePath
◇ Test case passing 1 argument drift → ReplacementPostPreviewDriftCase(name: "q4-backing-q4Prompt", kind: JidokaCodeCoreTests.ReplacementPostPreviewDriftKind.q4Backing(JidokaCodeCoreTests.ReplacementQ4BackingDrift.q4Prompt), expectedError: JidokaCodeCoreTests.ReplacementMatrixExpectedError.tui(JidokaCodeCore.PiTUIRuntimeError.unsafePath)) to "every post-preview one-field drift stops before replacement effects" started.
✘ Test "every post-preview one-field drift stops before replacement effects" recorded an issue with 1 argument drift → ReplacementPostPreviewDriftCase(name: "q4-backing-q4Prompt", kind: JidokaCodeCoreTests.ReplacementPostPreviewDriftKind.q4Backing(JidokaCodeCoreTests.ReplacementQ4BackingDrift.q4Prompt), expectedError: JidokaCodeCoreTests.ReplacementMatrixExpectedError.tui(JidokaCodeCore.PiTUIRuntimeError.unsafePath)) at HerdrPiWorkflowRuntimeTests.swift:5004:19: Issue recorded
↳ q4-backing-q4Prompt threw JidokaCodeCore.RolloutAuthorityError.effectAdmissionClosed; expected .unsafePath
◇ Test case passing 1 argument drift → ReplacementPostPreviewDriftCase(name: "q4-backing-q4WorkflowConfiguration", kind: JidokaCodeCoreTests.ReplacementPostPreviewDriftKind.q4Backing(JidokaCodeCoreTests.ReplacementQ4BackingDrift.q4WorkflowConfiguration), expectedError: JidokaCodeCoreTests.ReplacementMatrixExpectedError.tui(JidokaCodeCore.PiTUIRuntimeError.unsafePath)) to "every post-preview one-field drift stops before replacement effects" started.
✘ Test "every post-preview one-field drift stops before replacement effects" recorded an issue with 1 argument drift → ReplacementPostPreviewDriftCase(name: "q4-backing-q4WorkflowConfiguration", kind: JidokaCodeCoreTests.ReplacementPostPreviewDriftKind.q4Backing(JidokaCodeCoreTests.ReplacementQ4BackingDrift.q4WorkflowConfiguration), expectedError: JidokaCodeCoreTests.ReplacementMatrixExpectedError.tui(JidokaCodeCore.PiTUIRuntimeError.unsafePath)) at HerdrPiWorkflowRuntimeTests.swift:5004:19: Issue recorded
↳ q4-backing-q4WorkflowConfiguration threw JidokaCodeCore.RolloutAuthorityError.effectAdmissionClosed; expected .unsafePath
◇ Test case passing 1 argument drift → ReplacementPostPreviewDriftCase(name: "q4-backing-priorLaunchConfiguration", kind: JidokaCodeCoreTests.ReplacementPostPreviewDriftKind.q4Backing(JidokaCodeCoreTests.ReplacementQ4BackingDrift.priorLaunchConfiguration), expectedError: JidokaCodeCoreTests.ReplacementMatrixExpectedError.herdr(JidokaCodeCore.HerdrPiWorkflowError.resultDivergent)) to "every post-preview one-field drift stops before replacement effects" started.
✘ Test "every post-preview one-field drift stops before replacement effects" recorded an issue with 1 argument drift → ReplacementPostPreviewDriftCase(name: "q4-backing-priorLaunchConfiguration", kind: JidokaCodeCoreTests.ReplacementPostPreviewDriftKind.q4Backing(JidokaCodeCoreTests.ReplacementQ4BackingDrift.priorLaunchConfiguration), expectedError: JidokaCodeCoreTests.ReplacementMatrixExpectedError.herdr(JidokaCodeCore.HerdrPiWorkflowError.resultDivergent)) at HerdrPiWorkflowRuntimeTests.swift:4998:19: Issue recorded
↳ q4-backing-priorLaunchConfiguration threw JidokaCodeCore.RolloutAuthorityError.effectAdmissionClosed; expected .resultDivergent
◇ Test case passing 1 argument drift → ReplacementPostPreviewDriftCase(name: "q4-backing-sourcePrompt", kind: JidokaCodeCoreTests.ReplacementPostPreviewDriftKind.q4Backing(JidokaCodeCoreTests.ReplacementQ4BackingDrift.sourcePrompt), expectedError: JidokaCodeCoreTests.ReplacementMatrixExpectedError.herdr(JidokaCodeCore.HerdrPiWorkflowError.resultDivergent)) to "every post-preview one-field drift stops before replacement effects" started.
✘ Test "every post-preview one-field drift stops before replacement effects" recorded an issue with 1 argument drift → ReplacementPostPreviewDriftCase(name: "q4-backing-sourcePrompt", kind: JidokaCodeCoreTests.ReplacementPostPreviewDriftKind.q4Backing(JidokaCodeCoreTests.ReplacementQ4BackingDrift.sourcePrompt), expectedError: JidokaCodeCoreTests.ReplacementMatrixExpectedError.herdr(JidokaCodeCore.HerdrPiWorkflowError.resultDivergent)) at HerdrPiWorkflowRuntimeTests.swift:4998:19: Issue recorded
↳ q4-backing-sourcePrompt threw JidokaCodeCore.RolloutAuthorityError.effectAdmissionClosed; expected .resultDivergent
◇ Test case passing 1 argument drift → ReplacementPostPreviewDriftCase(name: "q4-backing-sourceWorkflowConfiguration", kind: JidokaCodeCoreTests.ReplacementPostPreviewDriftKind.q4Backing(JidokaCodeCoreTests.ReplacementQ4BackingDrift.sourceWorkflowConfiguration), expectedError: JidokaCodeCoreTests.ReplacementMatrixExpectedError.herdr(JidokaCodeCore.HerdrPiWorkflowError.resultDivergent)) to "every post-preview one-field drift stops before replacement effects" started.
✘ Test "every post-preview one-field drift stops before replacement effects" recorded an issue with 1 argument drift → ReplacementPostPreviewDriftCase(name: "q4-backing-sourceWorkflowConfiguration", kind: JidokaCodeCoreTests.ReplacementPostPreviewDriftKind.q4Backing(JidokaCodeCoreTests.ReplacementQ4BackingDrift.sourceWorkflowConfiguration), expectedError: JidokaCodeCoreTests.ReplacementMatrixExpectedError.herdr(JidokaCodeCore.HerdrPiWorkflowError.resultDivergent)) at HerdrPiWorkflowRuntimeTests.swift:4998:19: Issue recorded
↳ q4-backing-sourceWorkflowConfiguration threw JidokaCodeCore.RolloutAuthorityError.effectAdmissionClosed; expected .resultDivergent
◇ Test case passing 1 argument drift → ReplacementPostPreviewDriftCase(name: "credential-sourceContent", kind: JidokaCodeCoreTests.ReplacementPostPreviewDriftKind.credential(JidokaCodeCoreTests.ReplacementCredentialDrift.sourceContent), expectedError: JidokaCodeCoreTests.ReplacementMatrixExpectedError.herdr(JidokaCodeCore.HerdrPiWorkflowError.recoveryBoundaryReached)) to "every post-preview one-field drift stops before replacement effects" started.
✘ Test "every post-preview one-field drift stops before replacement effects" recorded an issue with 1 argument drift → ReplacementPostPreviewDriftCase(name: "credential-sourceContent", kind: JidokaCodeCoreTests.ReplacementPostPreviewDriftKind.credential(JidokaCodeCoreTests.ReplacementCredentialDrift.sourceContent), expectedError: JidokaCodeCoreTests.ReplacementMatrixExpectedError.herdr(JidokaCodeCore.HerdrPiWorkflowError.recoveryBoundaryReached)) at HerdrPiWorkflowRuntimeTests.swift:4998:19: Issue recorded
↳ credential-sourceContent threw JidokaCodeCore.RolloutAuthorityError.effectAdmissionClosed; expected .recoveryBoundaryReached
◇ Test case passing 1 argument drift → ReplacementPostPreviewDriftCase(name: "credential-sourceAccount", kind: JidokaCodeCoreTests.ReplacementPostPreviewDriftKind.credential(JidokaCodeCoreTests.ReplacementCredentialDrift.sourceAccount), expectedError: JidokaCodeCoreTests.ReplacementMatrixExpectedError.herdr(JidokaCodeCore.HerdrPiWorkflowError.recoveryBoundaryReached)) to "every post-preview one-field drift stops before replacement effects" started.
✘ Test "every post-preview one-field drift stops before replacement effects" recorded an issue with 1 argument drift → ReplacementPostPreviewDriftCase(name: "credential-sourceAccount", kind: JidokaCodeCoreTests.ReplacementPostPreviewDriftKind.credential(JidokaCodeCoreTests.ReplacementCredentialDrift.sourceAccount), expectedError: JidokaCodeCoreTests.ReplacementMatrixExpectedError.herdr(JidokaCodeCore.HerdrPiWorkflowError.recoveryBoundaryReached)) at HerdrPiWorkflowRuntimeTests.swift:4998:19: Issue recorded
↳ credential-sourceAccount threw JidokaCodeCore.RolloutAuthorityError.effectAdmissionClosed; expected .recoveryBoundaryReached
◇ Test case passing 1 argument drift → ReplacementPostPreviewDriftCase(name: "credential-installedProjection", kind: JidokaCodeCoreTests.ReplacementPostPreviewDriftKind.credential(JidokaCodeCoreTests.ReplacementCredentialDrift.installedProjection), expectedError: JidokaCodeCoreTests.ReplacementMatrixExpectedError.tui(JidokaCodeCore.PiTUIRuntimeError.identityMismatch)) to "every post-preview one-field drift stops before replacement effects" started.
✘ Test "every post-preview one-field drift stops before replacement effects" recorded an issue with 1 argument drift → ReplacementPostPreviewDriftCase(name: "credential-installedProjection", kind: JidokaCodeCoreTests.ReplacementPostPreviewDriftKind.credential(JidokaCodeCoreTests.ReplacementCredentialDrift.installedProjection), expectedError: JidokaCodeCoreTests.ReplacementMatrixExpectedError.tui(JidokaCodeCore.PiTUIRuntimeError.identityMismatch)) at HerdrPiWorkflowRuntimeTests.swift:5004:19: Issue recorded
↳ credential-installedProjection threw JidokaCodeCore.RolloutAuthorityError.effectAdmissionClosed; expected .identityMismatch
◇ Test case passing 1 argument drift → ReplacementPostPreviewDriftCase(name: "paused-state", kind: JidokaCodeCoreTests.ReplacementPostPreviewDriftKind.pausedState, expectedError: JidokaCodeCoreTests.ReplacementMatrixExpectedError.runStore(JidokaCodeCore.PiRunStoreError.invalidTransition)) to "every post-preview one-field drift stops before replacement effects" started.
✘ Test "every post-preview one-field drift stops before replacement effects" recorded an issue with 1 argument drift → ReplacementPostPreviewDriftCase(name: "paused-state", kind: JidokaCodeCoreTests.ReplacementPostPreviewDriftKind.pausedState, expectedError: JidokaCodeCoreTests.ReplacementMatrixExpectedError.runStore(JidokaCodeCore.PiRunStoreError.invalidTransition)) at HerdrPiWorkflowRuntimeTests.swift:5010:19: Issue recorded
↳ paused-state threw JidokaCodeCore.RolloutAuthorityError.effectAdmissionClosed; expected .invalidTransition
◇ Test case passing 1 argument drift → ReplacementPostPreviewDriftCase(name: "active-canary", kind: JidokaCodeCoreTests.ReplacementPostPreviewDriftKind.activeCanary, expectedError: JidokaCodeCoreTests.ReplacementMatrixExpectedError.runStore(JidokaCodeCore.PiRunStoreError.invalidTransition)) to "every post-preview one-field drift stops before replacement effects" started.
✘ Test "every post-preview one-field drift stops before replacement effects" recorded an issue with 1 argument drift → ReplacementPostPreviewDriftCase(name: "active-canary", kind: JidokaCodeCoreTests.ReplacementPostPreviewDriftKind.activeCanary, expectedError: JidokaCodeCoreTests.ReplacementMatrixExpectedError.runStore(JidokaCodeCore.PiRunStoreError.invalidTransition)) at HerdrPiWorkflowRuntimeTests.swift:5010:19: Issue recorded
↳ active-canary threw JidokaCodeCore.RolloutAuthorityError.effectAdmissionClosed; expected .invalidTransition
◇ Test case passing 1 argument drift → ReplacementPostPreviewDriftCase(name: "active-lease", kind: JidokaCodeCoreTests.ReplacementPostPreviewDriftKind.activeLease, expectedError: JidokaCodeCoreTests.ReplacementMatrixExpectedError.runStore(JidokaCodeCore.PiRunStoreError.invalidTransition)) to "every post-preview one-field drift stops before replacement effects" started.
✘ Test "every post-preview one-field drift stops before replacement effects" recorded an issue with 1 argument drift → ReplacementPostPreviewDriftCase(name: "active-lease", kind: JidokaCodeCoreTests.ReplacementPostPreviewDriftKind.activeLease, expectedError: JidokaCodeCoreTests.ReplacementMatrixExpectedError.runStore(JidokaCodeCore.PiRunStoreError.invalidTransition)) at HerdrPiWorkflowRuntimeTests.swift:5010:19: Issue recorded
↳ active-lease threw JidokaCodeCore.RolloutAuthorityError.effectAdmissionClosed; expected .invalidTransition
◇ Test case passing 1 argument drift → ReplacementPostPreviewDriftCase(name: "replacement-evidence", kind: JidokaCodeCoreTests.ReplacementPostPreviewDriftKind.replacementEvidence, expectedError: JidokaCodeCoreTests.ReplacementMatrixExpectedError.herdr(JidokaCodeCore.HerdrPiWorkflowError.recoveryBoundaryReached)) to "every post-preview one-field drift stops before replacement effects" started.
◇ Test case passing 1 argument drift → ReplacementPostPreviewDriftCase(name: "replacement-q4-authorization", kind: JidokaCodeCoreTests.ReplacementPostPreviewDriftKind.replacementQ4Authorization, expectedError: JidokaCodeCoreTests.ReplacementMatrixExpectedError.herdr(JidokaCodeCore.HerdrPiWorkflowError.recoveryBoundaryReached)) to "every post-preview one-field drift stops before replacement effects" started.
✘ Test "every post-preview one-field drift stops before replacement effects" with 51 test cases failed after 21.968 seconds with 49 issues.
◇ Test "every pre-cutover fault preserves typed certainty credentials and other hosts" started.
◇ Test case passing 1 argument fault → ReplacementPreCutoverFaultCase(name: "final-proof-beforeSendStartQ4Revalidation", kind: JidokaCodeCoreTests.ReplacementPreCutoverFaultKind.checkpoint(JidokaCodeCore.HerdrRoleHostReplacementCheckpoint.beforeSendStartQ4Revalidation), expectedStatus: JidokaCodeCore.JobCanaryRoleHostReplacementStatus.noRemoteEffectFailure, retainsCredential: false, expectedError: JidokaCodeCoreTests.ReplacementMatrixExpectedError.checkpoint(JidokaCodeCore.HerdrRoleHostReplacementCheckpoint.beforeSendStartQ4Revalidation), expectedReplayError: JidokaCodeCoreTests.ReplacementMatrixExpectedError.herdr(JidokaCodeCore.HerdrPiWorkflowError.recoveryBoundaryReached)) to "every pre-cutover fault preserves typed certainty credentials and other hosts" started.
✘ Test "every pre-cutover fault preserves typed certainty credentials and other hosts" recorded an issue with 1 argument fault → ReplacementPreCutoverFaultCase(name: "final-proof-beforeSendStartQ4Revalidation", kind: JidokaCodeCoreTests.ReplacementPreCutoverFaultKind.checkpoint(JidokaCodeCore.HerdrRoleHostReplacementCheckpoint.beforeSendStartQ4Revalidation), expectedStatus: JidokaCodeCore.JobCanaryRoleHostReplacementStatus.noRemoteEffectFailure, retainsCredential: false, expectedError: JidokaCodeCoreTests.ReplacementMatrixExpectedError.checkpoint(JidokaCodeCore.HerdrRoleHostReplacementCheckpoint.beforeSendStartQ4Revalidation), expectedReplayError: JidokaCodeCoreTests.ReplacementMatrixExpectedError.herdr(JidokaCodeCore.HerdrPiWorkflowError.recoveryBoundaryReached)) at HerdrPiWorkflowRuntimeTests.swift:5016:19: Issue recorded
↳ final-proof-beforeSendStartQ4Revalidation threw JidokaCodeCore.RolloutAuthorityError.effectAdmissionClosed; expected checkpoint .beforeSendStartQ4Revalidation
✘ Test "every pre-cutover fault preserves typed certainty credentials and other hosts" recorded an issue with 1 argument fault → ReplacementPreCutoverFaultCase(name: "final-proof-beforeSendStartQ4Revalidation", kind: JidokaCodeCoreTests.ReplacementPreCutoverFaultKind.checkpoint(JidokaCodeCore.HerdrRoleHostReplacementCheckpoint.beforeSendStartQ4Revalidation), expectedStatus: JidokaCodeCore.JobCanaryRoleHostReplacementStatus.noRemoteEffectFailure, retainsCredential: false, expectedError: JidokaCodeCoreTests.ReplacementMatrixExpectedError.checkpoint(JidokaCodeCore.HerdrRoleHostReplacementCheckpoint.beforeSendStartQ4Revalidation), expectedReplayError: JidokaCodeCoreTests.ReplacementMatrixExpectedError.herdr(JidokaCodeCore.HerdrPiWorkflowError.recoveryBoundaryReached)) at HerdrPiWorkflowRuntimeTests.swift:3127:22: Expectation failed: try await fixture.jobs.canaryRoleHostReplacementTerminalReport(
        request: incident.request
      ) → nil
◇ Test case passing 1 argument fault → ReplacementPreCutoverFaultCase(name: "final-proof-finalPausedStateValidated", kind: JidokaCodeCoreTests.ReplacementPreCutoverFaultKind.checkpoint(JidokaCodeCore.HerdrRoleHostReplacementCheckpoint.finalPausedStateValidated), expectedStatus: JidokaCodeCore.JobCanaryRoleHostReplacementStatus.noRemoteEffectFailure, retainsCredential: false, expectedError: JidokaCodeCoreTests.ReplacementMatrixExpectedError.checkpoint(JidokaCodeCore.HerdrRoleHostReplacementCheckpoint.finalPausedStateValidated), expectedReplayError: JidokaCodeCoreTests.ReplacementMatrixExpectedError.herdr(JidokaCodeCore.HerdrPiWorkflowError.recoveryBoundaryReached)) to "every pre-cutover fault preserves typed certainty credentials and other hosts" started.
✘ Test "every pre-cutover fault preserves typed certainty credentials and other hosts" recorded an issue with 1 argument fault → ReplacementPreCutoverFaultCase(name: "final-proof-finalPausedStateValidated", kind: JidokaCodeCoreTests.ReplacementPreCutoverFaultKind.checkpoint(JidokaCodeCore.HerdrRoleHostReplacementCheckpoint.finalPausedStateValidated), expectedStatus: JidokaCodeCore.JobCanaryRoleHostReplacementStatus.noRemoteEffectFailure, retainsCredential: false, expectedError: JidokaCodeCoreTests.ReplacementMatrixExpectedError.checkpoint(JidokaCodeCore.HerdrRoleHostReplacementCheckpoint.finalPausedStateValidated), expectedReplayError: JidokaCodeCoreTests.ReplacementMatrixExpectedError.herdr(JidokaCodeCore.HerdrPiWorkflowError.recoveryBoundaryReached)) at HerdrPiWorkflowRuntimeTests.swift:5016:19: Issue recorded
↳ final-proof-finalPausedStateValidated threw JidokaCodeCore.RolloutAuthorityError.effectAdmissionClosed; expected checkpoint .finalPausedStateValidated
✘ Test "every pre-cutover fault preserves typed certainty credentials and other hosts" recorded an issue with 1 argument fault → ReplacementPreCutoverFaultCase(name: "final-proof-finalPausedStateValidated", kind: JidokaCodeCoreTests.ReplacementPreCutoverFaultKind.checkpoint(JidokaCodeCore.HerdrRoleHostReplacementCheckpoint.finalPausedStateValidated), expectedStatus: JidokaCodeCore.JobCanaryRoleHostReplacementStatus.noRemoteEffectFailure, retainsCredential: false, expectedError: JidokaCodeCoreTests.ReplacementMatrixExpectedError.checkpoint(JidokaCodeCore.HerdrRoleHostReplacementCheckpoint.finalPausedStateValidated), expectedReplayError: JidokaCodeCoreTests.ReplacementMatrixExpectedError.herdr(JidokaCodeCore.HerdrPiWorkflowError.recoveryBoundaryReached)) at HerdrPiWorkflowRuntimeTests.swift:3127:22: Expectation failed: try await fixture.jobs.canaryRoleHostReplacementTerminalReport(
        request: incident.request
      ) → nil
◇ Test case passing 1 argument fault → ReplacementPreCutoverFaultCase(name: "final-proof-finalCanaryAuthorityValidated", kind: JidokaCodeCoreTests.ReplacementPreCutoverFaultKind.checkpoint(JidokaCodeCore.HerdrRoleHostReplacementCheckpoint.finalCanaryAuthorityValidated), expectedStatus: JidokaCodeCore.JobCanaryRoleHostReplacementStatus.noRemoteEffectFailure, retainsCredential: false, expectedError: JidokaCodeCoreTests.ReplacementMatrixExpectedError.checkpoint(JidokaCodeCore.HerdrRoleHostReplacementCheckpoint.finalCanaryAuthorityValidated), expectedReplayError: JidokaCodeCoreTests.ReplacementMatrixExpectedError.herdr(JidokaCodeCore.HerdrPiWorkflowError.recoveryBoundaryReached)) to "every pre-cutover fault preserves typed certainty credentials and other hosts" started.
✘ Test "every pre-cutover fault preserves typed certainty credentials and other hosts" recorded an issue with 1 argument fault → ReplacementPreCutoverFaultCase(name: "final-proof-finalCanaryAuthorityValidated", kind: JidokaCodeCoreTests.ReplacementPreCutoverFaultKind.checkpoint(JidokaCodeCore.HerdrRoleHostReplacementCheckpoint.finalCanaryAuthorityValidated), expectedStatus: JidokaCodeCore.JobCanaryRoleHostReplacementStatus.noRemoteEffectFailure, retainsCredential: false, expectedError: JidokaCodeCoreTests.ReplacementMatrixExpectedError.checkpoint(JidokaCodeCore.HerdrRoleHostReplacementCheckpoint.finalCanaryAuthorityValidated), expectedReplayError: JidokaCodeCoreTests.ReplacementMatrixExpectedError.herdr(JidokaCodeCore.HerdrPiWorkflowError.recoveryBoundaryReached)) at HerdrPiWorkflowRuntimeTests.swift:5016:19: Issue recorded
↳ final-proof-finalCanaryAuthorityValidated threw JidokaCodeCore.RolloutAuthorityError.effectAdmissionClosed; expected checkpoint .finalCanaryAuthorityValidated
✘ Test "every pre-cutover fault preserves typed certainty credentials and other hosts" recorded an issue with 1 argument fault → ReplacementPreCutoverFaultCase(name: "final-proof-finalCanaryAuthorityValidated", kind: JidokaCodeCoreTests.ReplacementPreCutoverFaultKind.checkpoint(JidokaCodeCore.HerdrRoleHostReplacementCheckpoint.finalCanaryAuthorityValidated), expectedStatus: JidokaCodeCore.JobCanaryRoleHostReplacementStatus.noRemoteEffectFailure, retainsCredential: false, expectedError: JidokaCodeCoreTests.ReplacementMatrixExpectedError.checkpoint(JidokaCodeCore.HerdrRoleHostReplacementCheckpoint.finalCanaryAuthorityValidated), expectedReplayError: JidokaCodeCoreTests.ReplacementMatrixExpectedError.herdr(JidokaCodeCore.HerdrPiWorkflowError.recoveryBoundaryReached)) at HerdrPiWorkflowRuntimeTests.swift:3127:22: Expectation failed: try await fixture.jobs.canaryRoleHostReplacementTerminalReport(
        request: incident.request
      ) → nil
◇ Test case passing 1 argument fault → ReplacementPreCutoverFaultCase(name: "final-proof-finalSocketPeerValidated", kind: JidokaCodeCoreTests.ReplacementPreCutoverFaultKind.checkpoint(JidokaCodeCore.HerdrRoleHostReplacementCheckpoint.finalSocketPeerValidated), expectedStatus: JidokaCodeCore.JobCanaryRoleHostReplacementStatus.noRemoteEffectFailure, retainsCredential: false, expectedError: JidokaCodeCoreTests.ReplacementMatrixExpectedError.checkpoint(JidokaCodeCore.HerdrRoleHostReplacementCheckpoint.finalSocketPeerValidated), expectedReplayError: JidokaCodeCoreTests.ReplacementMatrixExpectedError.herdr(JidokaCodeCore.HerdrPiWorkflowError.recoveryBoundaryReached)) to "every pre-cutover fault preserves typed certainty credentials and other hosts" started.
✘ Test "every pre-cutover fault preserves typed certainty credentials and other hosts" recorded an issue with 1 argument fault → ReplacementPreCutoverFaultCase(name: "final-proof-finalSocketPeerValidated", kind: JidokaCodeCoreTests.ReplacementPreCutoverFaultKind.checkpoint(JidokaCodeCore.HerdrRoleHostReplacementCheckpoint.finalSocketPeerValidated), expectedStatus: JidokaCodeCore.JobCanaryRoleHostReplacementStatus.noRemoteEffectFailure, retainsCredential: false, expectedError: JidokaCodeCoreTests.ReplacementMatrixExpectedError.checkpoint(JidokaCodeCore.HerdrRoleHostReplacementCheckpoint.finalSocketPeerValidated), expectedReplayError: JidokaCodeCoreTests.ReplacementMatrixExpectedError.herdr(JidokaCodeCore.HerdrPiWorkflowError.recoveryBoundaryReached)) at HerdrPiWorkflowRuntimeTests.swift:5016:19: Issue recorded
↳ final-proof-finalSocketPeerValidated threw JidokaCodeCore.RolloutAuthorityError.effectAdmissionClosed; expected checkpoint .finalSocketPeerValidated
✘ Test "every pre-cutover fault preserves typed certainty credentials and other hosts" recorded an issue with 1 argument fault → ReplacementPreCutoverFaultCase(name: "final-proof-finalSocketPeerValidated", kind: JidokaCodeCoreTests.ReplacementPreCutoverFaultKind.checkpoint(JidokaCodeCore.HerdrRoleHostReplacementCheckpoint.finalSocketPeerValidated), expectedStatus: JidokaCodeCore.JobCanaryRoleHostReplacementStatus.noRemoteEffectFailure, retainsCredential: false, expectedError: JidokaCodeCoreTests.ReplacementMatrixExpectedError.checkpoint(JidokaCodeCore.HerdrRoleHostReplacementCheckpoint.finalSocketPeerValidated), expectedReplayError: JidokaCodeCoreTests.ReplacementMatrixExpectedError.herdr(JidokaCodeCore.HerdrPiWorkflowError.recoveryBoundaryReached)) at HerdrPiWorkflowRuntimeTests.swift:3127:22: Expectation failed: try await fixture.jobs.canaryRoleHostReplacementTerminalReport(
        request: incident.request
      ) → nil
◇ Test case passing 1 argument fault → ReplacementPreCutoverFaultCase(name: "final-proof-finalResourceEvidenceValidated", kind: JidokaCodeCoreTests.ReplacementPreCutoverFaultKind.checkpoint(JidokaCodeCore.HerdrRoleHostReplacementCheckpoint.finalResourceEvidenceValidated), expectedStatus: JidokaCodeCore.JobCanaryRoleHostReplacementStatus.noRemoteEffectFailure, retainsCredential: false, expectedError: JidokaCodeCoreTests.ReplacementMatrixExpectedError.checkpoint(JidokaCodeCore.HerdrRoleHostReplacementCheckpoint.finalResourceEvidenceValidated), expectedReplayError: JidokaCodeCoreTests.ReplacementMatrixExpectedError.herdr(JidokaCodeCore.HerdrPiWorkflowError.recoveryBoundaryReached)) to "every pre-cutover fault preserves typed certainty credentials and other hosts" started.
✘ Test "every pre-cutover fault preserves typed certainty credentials and other hosts" recorded an issue with 1 argument fault → ReplacementPreCutoverFaultCase(name: "final-proof-finalResourceEvidenceValidated", kind: JidokaCodeCoreTests.ReplacementPreCutoverFaultKind.checkpoint(JidokaCodeCore.HerdrRoleHostReplacementCheckpoint.finalResourceEvidenceValidated), expectedStatus: JidokaCodeCore.JobCanaryRoleHostReplacementStatus.noRemoteEffectFailure, retainsCredential: false, expectedError: JidokaCodeCoreTests.ReplacementMatrixExpectedError.checkpoint(JidokaCodeCore.HerdrRoleHostReplacementCheckpoint.finalResourceEvidenceValidated), expectedReplayError: JidokaCodeCoreTests.ReplacementMatrixExpectedError.herdr(JidokaCodeCore.HerdrPiWorkflowError.recoveryBoundaryReached)) at HerdrPiWorkflowRuntimeTests.swift:5016:19: Issue recorded
↳ final-proof-finalResourceEvidenceValidated threw JidokaCodeCore.RolloutAuthorityError.effectAdmissionClosed; expected checkpoint .finalResourceEvidenceValidated
✘ Test "every pre-cutover fault preserves typed certainty credentials and other hosts" recorded an issue with 1 argument fault → ReplacementPreCutoverFaultCase(name: "final-proof-finalResourceEvidenceValidated", kind: JidokaCodeCoreTests.ReplacementPreCutoverFaultKind.checkpoint(JidokaCodeCore.HerdrRoleHostReplacementCheckpoint.finalResourceEvidenceValidated), expectedStatus: JidokaCodeCore.JobCanaryRoleHostReplacementStatus.noRemoteEffectFailure, retainsCredential: false, expectedError: JidokaCodeCoreTests.ReplacementMatrixExpectedError.checkpoint(JidokaCodeCore.HerdrRoleHostReplacementCheckpoint.finalResourceEvidenceValidated), expectedReplayError: JidokaCodeCoreTests.ReplacementMatrixExpectedError.herdr(JidokaCodeCore.HerdrPiWorkflowError.recoveryBoundaryReached)) at HerdrPiWorkflowRuntimeTests.swift:3127:22: Expectation failed: try await fixture.jobs.canaryRoleHostReplacementTerminalReport(
        request: incident.request
      ) → nil
◇ Test case passing 1 argument fault → ReplacementPreCutoverFaultCase(name: "final-proof-finalStalePaneValidated", kind: JidokaCodeCoreTests.ReplacementPreCutoverFaultKind.checkpoint(JidokaCodeCore.HerdrRoleHostReplacementCheckpoint.finalStalePaneValidated), expectedStatus: JidokaCodeCore.JobCanaryRoleHostReplacementStatus.noRemoteEffectFailure, retainsCredential: false, expectedError: JidokaCodeCoreTests.ReplacementMatrixExpectedError.checkpoint(JidokaCodeCore.HerdrRoleHostReplacementCheckpoint.finalStalePaneValidated), expectedReplayError: JidokaCodeCoreTests.ReplacementMatrixExpectedError.herdr(JidokaCodeCore.HerdrPiWorkflowError.recoveryBoundaryReached)) to "every pre-cutover fault preserves typed certainty credentials and other hosts" started.
✘ Test "every pre-cutover fault preserves typed certainty credentials and other hosts" recorded an issue with 1 argument fault → ReplacementPreCutoverFaultCase(name: "final-proof-finalStalePaneValidated", kind: JidokaCodeCoreTests.ReplacementPreCutoverFaultKind.checkpoint(JidokaCodeCore.HerdrRoleHostReplacementCheckpoint.finalStalePaneValidated), expectedStatus: JidokaCodeCore.JobCanaryRoleHostReplacementStatus.noRemoteEffectFailure, retainsCredential: false, expectedError: JidokaCodeCoreTests.ReplacementMatrixExpectedError.checkpoint(JidokaCodeCore.HerdrRoleHostReplacementCheckpoint.finalStalePaneValidated), expectedReplayError: JidokaCodeCoreTests.ReplacementMatrixExpectedError.herdr(JidokaCodeCore.HerdrPiWorkflowError.recoveryBoundaryReached)) at HerdrPiWorkflowRuntimeTests.swift:5016:19: Issue recorded
↳ final-proof-finalStalePaneValidated threw JidokaCodeCore.RolloutAuthorityError.effectAdmissionClosed; expected checkpoint .finalStalePaneValidated
✘ Test "every pre-cutover fault preserves typed certainty credentials and other hosts" recorded an issue with 1 argument fault → ReplacementPreCutoverFaultCase(name: "final-proof-finalStalePaneValidated", kind: JidokaCodeCoreTests.ReplacementPreCutoverFaultKind.checkpoint(JidokaCodeCore.HerdrRoleHostReplacementCheckpoint.finalStalePaneValidated), expectedStatus: JidokaCodeCore.JobCanaryRoleHostReplacementStatus.noRemoteEffectFailure, retainsCredential: false, expectedError: JidokaCodeCoreTests.ReplacementMatrixExpectedError.checkpoint(JidokaCodeCore.HerdrRoleHostReplacementCheckpoint.finalStalePaneValidated), expectedReplayError: JidokaCodeCoreTests.ReplacementMatrixExpectedError.herdr(JidokaCodeCore.HerdrPiWorkflowError.recoveryBoundaryReached)) at HerdrPiWorkflowRuntimeTests.swift:3127:22: Expectation failed: try await fixture.jobs.canaryRoleHostReplacementTerminalReport(
        request: incident.request
      ) → nil
◇ Test case passing 1 argument fault → ReplacementPreCutoverFaultCase(name: "final-proof-finalPredecessorValidated", kind: JidokaCodeCoreTests.ReplacementPreCutoverFaultKind.checkpoint(JidokaCodeCore.HerdrRoleHostReplacementCheckpoint.finalPredecessorValidated), expectedStatus: JidokaCodeCore.JobCanaryRoleHostReplacementStatus.noRemoteEffectFailure, retainsCredential: false, expectedError: JidokaCodeCoreTests.ReplacementMatrixExpectedError.checkpoint(JidokaCodeCore.HerdrRoleHostReplacementCheckpoint.finalPredecessorValidated), expectedReplayError: JidokaCodeCoreTests.ReplacementMatrixExpectedError.herdr(JidokaCodeCore.HerdrPiWorkflowError.recoveryBoundaryReached)) to "every pre-cutover fault preserves typed certainty credentials and other hosts" started.
✘ Test "every pre-cutover fault preserves typed certainty credentials and other hosts" recorded an issue with 1 argument fault → ReplacementPreCutoverFaultCase(name: "final-proof-finalPredecessorValidated", kind: JidokaCodeCoreTests.ReplacementPreCutoverFaultKind.checkpoint(JidokaCodeCore.HerdrRoleHostReplacementCheckpoint.finalPredecessorValidated), expectedStatus: JidokaCodeCore.JobCanaryRoleHostReplacementStatus.noRemoteEffectFailure, retainsCredential: false, expectedError: JidokaCodeCoreTests.ReplacementMatrixExpectedError.checkpoint(JidokaCodeCore.HerdrRoleHostReplacementCheckpoint.finalPredecessorValidated), expectedReplayError: JidokaCodeCoreTests.ReplacementMatrixExpectedError.herdr(JidokaCodeCore.HerdrPiWorkflowError.recoveryBoundaryReached)) at HerdrPiWorkflowRuntimeTests.swift:5016:19: Issue recorded
↳ final-proof-finalPredecessorValidated threw JidokaCodeCore.RolloutAuthorityError.effectAdmissionClosed; expected checkpoint .finalPredecessorValidated
✘ Test "every pre-cutover fault preserves typed certainty credentials and other hosts" recorded an issue with 1 argument fault → ReplacementPreCutoverFaultCase(name: "final-proof-finalPredecessorValidated", kind: JidokaCodeCoreTests.ReplacementPreCutoverFaultKind.checkpoint(JidokaCodeCore.HerdrRoleHostReplacementCheckpoint.finalPredecessorValidated), expectedStatus: JidokaCodeCore.JobCanaryRoleHostReplacementStatus.noRemoteEffectFailure, retainsCredential: false, expectedError: JidokaCodeCoreTests.ReplacementMatrixExpectedError.checkpoint(JidokaCodeCore.HerdrRoleHostReplacementCheckpoint.finalPredecessorValidated), expectedReplayError: JidokaCodeCoreTests.ReplacementMatrixExpectedError.herdr(JidokaCodeCore.HerdrPiWorkflowError.recoveryBoundaryReached)) at HerdrPiWorkflowRuntimeTests.swift:3127:22: Expectation failed: try await fixture.jobs.canaryRoleHostReplacementTerminalReport(
        request: incident.request
      ) → nil
◇ Test case passing 1 argument fault → ReplacementPreCutoverFaultCase(name: "final-proof-finalPreservedHostsValidated", kind: JidokaCodeCoreTests.ReplacementPreCutoverFaultKind.checkpoint(JidokaCodeCore.HerdrRoleHostReplacementCheckpoint.finalPreservedHostsValidated), expectedStatus: JidokaCodeCore.JobCanaryRoleHostReplacementStatus.noRemoteEffectFailure, retainsCredential: false, expectedError: JidokaCodeCoreTests.ReplacementMatrixExpectedError.checkpoint(JidokaCodeCore.HerdrRoleHostReplacementCheckpoint.finalPreservedHostsValidated), expectedReplayError: JidokaCodeCoreTests.ReplacementMatrixExpectedError.herdr(JidokaCodeCore.HerdrPiWorkflowError.recoveryBoundaryReached)) to "every pre-cutover fault preserves typed certainty credentials and other hosts" started.
✘ Test "every pre-cutover fault preserves typed certainty credentials and other hosts" recorded an issue with 1 argument fault → ReplacementPreCutoverFaultCase(name: "final-proof-finalPreservedHostsValidated", kind: JidokaCodeCoreTests.ReplacementPreCutoverFaultKind.checkpoint(JidokaCodeCore.HerdrRoleHostReplacementCheckpoint.finalPreservedHostsValidated), expectedStatus: JidokaCodeCore.JobCanaryRoleHostReplacementStatus.noRemoteEffectFailure, retainsCredential: false, expectedError: JidokaCodeCoreTests.ReplacementMatrixExpectedError.checkpoint(JidokaCodeCore.HerdrRoleHostReplacementCheckpoint.finalPreservedHostsValidated), expectedReplayError: JidokaCodeCoreTests.ReplacementMatrixExpectedError.herdr(JidokaCodeCore.HerdrPiWorkflowError.recoveryBoundaryReached)) at HerdrPiWorkflowRuntimeTests.swift:5016:19: Issue recorded
↳ final-proof-finalPreservedHostsValidated threw JidokaCodeCore.RolloutAuthorityError.effectAdmissionClosed; expected checkpoint .finalPreservedHostsValidated
✘ Test "every pre-cutover fault preserves typed certainty credentials and other hosts" recorded an issue with 1 argument fault → ReplacementPreCutoverFaultCase(name: "final-proof-finalPreservedHostsValidated", kind: JidokaCodeCoreTests.ReplacementPreCutoverFaultKind.checkpoint(JidokaCodeCore.HerdrRoleHostReplacementCheckpoint.finalPreservedHostsValidated), expectedStatus: JidokaCodeCore.JobCanaryRoleHostReplacementStatus.noRemoteEffectFailure, retainsCredential: false, expectedError: JidokaCodeCoreTests.ReplacementMatrixExpectedError.checkpoint(JidokaCodeCore.HerdrRoleHostReplacementCheckpoint.finalPreservedHostsValidated), expectedReplayError: JidokaCodeCoreTests.ReplacementMatrixExpectedError.herdr(JidokaCodeCore.HerdrPiWorkflowError.recoveryBoundaryReached)) at HerdrPiWorkflowRuntimeTests.swift:3127:22: Expectation failed: try await fixture.jobs.canaryRoleHostReplacementTerminalReport(
        request: incident.request
      ) → nil
◇ Test case passing 1 argument fault → ReplacementPreCutoverFaultCase(name: "final-proof-finalQ4PlanValidated", kind: JidokaCodeCoreTests.ReplacementPreCutoverFaultKind.checkpoint(JidokaCodeCore.HerdrRoleHostReplacementCheckpoint.finalQ4PlanValidated), expectedStatus: JidokaCodeCore.JobCanaryRoleHostReplacementStatus.noRemoteEffectFailure, retainsCredential: false, expectedError: JidokaCodeCoreTests.ReplacementMatrixExpectedError.checkpoint(JidokaCodeCore.HerdrRoleHostReplacementCheckpoint.finalQ4PlanValidated), expectedReplayError: JidokaCodeCoreTests.ReplacementMatrixExpectedError.herdr(JidokaCodeCore.HerdrPiWorkflowError.recoveryBoundaryReached)) to "every pre-cutover fault preserves typed certainty credentials and other hosts" started.
✘ Test "every pre-cutover fault preserves typed certainty credentials and other hosts" recorded an issue with 1 argument fault → ReplacementPreCutoverFaultCase(name: "final-proof-finalQ4PlanValidated", kind: JidokaCodeCoreTests.ReplacementPreCutoverFaultKind.checkpoint(JidokaCodeCore.HerdrRoleHostReplacementCheckpoint.finalQ4PlanValidated), expectedStatus: JidokaCodeCore.JobCanaryRoleHostReplacementStatus.noRemoteEffectFailure, retainsCredential: false, expectedError: JidokaCodeCoreTests.ReplacementMatrixExpectedError.checkpoint(JidokaCodeCore.HerdrRoleHostReplacementCheckpoint.finalQ4PlanValidated), expectedReplayError: JidokaCodeCoreTests.ReplacementMatrixExpectedError.herdr(JidokaCodeCore.HerdrPiWorkflowError.recoveryBoundaryReached)) at HerdrPiWorkflowRuntimeTests.swift:5016:19: Issue recorded
↳ final-proof-finalQ4PlanValidated threw JidokaCodeCore.RolloutAuthorityError.effectAdmissionClosed; expected checkpoint .finalQ4PlanValidated
✘ Test "every pre-cutover fault preserves typed certainty credentials and other hosts" recorded an issue with 1 argument fault → ReplacementPreCutoverFaultCase(name: "final-proof-finalQ4PlanValidated", kind: JidokaCodeCoreTests.ReplacementPreCutoverFaultKind.checkpoint(JidokaCodeCore.HerdrRoleHostReplacementCheckpoint.finalQ4PlanValidated), expectedStatus: JidokaCodeCore.JobCanaryRoleHostReplacementStatus.noRemoteEffectFailure, retainsCredential: false, expectedError: JidokaCodeCoreTests.ReplacementMatrixExpectedError.checkpoint(JidokaCodeCore.HerdrRoleHostReplacementCheckpoint.finalQ4PlanValidated), expectedReplayError: JidokaCodeCoreTests.ReplacementMatrixExpectedError.herdr(JidokaCodeCore.HerdrPiWorkflowError.recoveryBoundaryReached)) at HerdrPiWorkflowRuntimeTests.swift:3127:22: Expectation failed: try await fixture.jobs.canaryRoleHostReplacementTerminalReport(
        request: incident.request
      ) → nil
◇ Test case passing 1 argument fault → ReplacementPreCutoverFaultCase(name: "final-proof-finalCredentialProjectionValidated", kind: JidokaCodeCoreTests.ReplacementPreCutoverFaultKind.checkpoint(JidokaCodeCore.HerdrRoleHostReplacementCheckpoint.finalCredentialProjectionValidated), expectedStatus: JidokaCodeCore.JobCanaryRoleHostReplacementStatus.noRemoteEffectFailure, retainsCredential: false, expectedError: JidokaCodeCoreTests.ReplacementMatrixExpectedError.checkpoint(JidokaCodeCore.HerdrRoleHostReplacementCheckpoint.finalCredentialProjectionValidated), expectedReplayError: JidokaCodeCoreTests.ReplacementMatrixExpectedError.herdr(JidokaCodeCore.HerdrPiWorkflowError.recoveryBoundaryReached)) to "every pre-cutover fault preserves typed certainty credentials and other hosts" started.
✘ Test "every pre-cutover fault preserves typed certainty credentials and other hosts" recorded an issue with 1 argument fault → ReplacementPreCutoverFaultCase(name: "final-proof-finalCredentialProjectionValidated", kind: JidokaCodeCoreTests.ReplacementPreCutoverFaultKind.checkpoint(JidokaCodeCore.HerdrRoleHostReplacementCheckpoint.finalCredentialProjectionValidated), expectedStatus: JidokaCodeCore.JobCanaryRoleHostReplacementStatus.noRemoteEffectFailure, retainsCredential: false, expectedError: JidokaCodeCoreTests.ReplacementMatrixExpectedError.checkpoint(JidokaCodeCore.HerdrRoleHostReplacementCheckpoint.finalCredentialProjectionValidated), expectedReplayError: JidokaCodeCoreTests.ReplacementMatrixExpectedError.herdr(JidokaCodeCore.HerdrPiWorkflowError.recoveryBoundaryReached)) at HerdrPiWorkflowRuntimeTests.swift:5016:19: Issue recorded
↳ final-proof-finalCredentialProjectionValidated threw JidokaCodeCore.RolloutAuthorityError.effectAdmissionClosed; expected checkpoint .finalCredentialProjectionValidated
✘ Test "every pre-cutover fault preserves typed certainty credentials and other hosts" recorded an issue with 1 argument fault → ReplacementPreCutoverFaultCase(name: "final-proof-finalCredentialProjectionValidated", kind: JidokaCodeCoreTests.ReplacementPreCutoverFaultKind.checkpoint(JidokaCodeCore.HerdrRoleHostReplacementCheckpoint.finalCredentialProjectionValidated), expectedStatus: JidokaCodeCore.JobCanaryRoleHostReplacementStatus.noRemoteEffectFailure, retainsCredential: false, expectedError: JidokaCodeCoreTests.ReplacementMatrixExpectedError.checkpoint(JidokaCodeCore.HerdrRoleHostReplacementCheckpoint.finalCredentialProjectionValidated), expectedReplayError: JidokaCodeCoreTests.ReplacementMatrixExpectedError.herdr(JidokaCodeCore.HerdrPiWorkflowError.recoveryBoundaryReached)) at HerdrPiWorkflowRuntimeTests.swift:3127:22: Expectation failed: try await fixture.jobs.canaryRoleHostReplacementTerminalReport(
        request: incident.request
      ) → nil
◇ Test case passing 1 argument fault → ReplacementPreCutoverFaultCase(name: "claimed-sendStarted", kind: JidokaCodeCoreTests.ReplacementPreCutoverFaultKind.checkpoint(JidokaCodeCore.HerdrRoleHostReplacementCheckpoint.sendStarted), expectedStatus: JidokaCodeCore.JobCanaryRoleHostReplacementStatus.remoteEffectAmbiguous, retainsCredential: false, expectedError: JidokaCodeCoreTests.ReplacementMatrixExpectedError.checkpoint(JidokaCodeCore.HerdrRoleHostReplacementCheckpoint.sendStarted), expectedReplayError: JidokaCodeCoreTests.ReplacementMatrixExpectedError.herdr(JidokaCodeCore.HerdrPiWorkflowError.recoveryBoundaryReached)) to "every pre-cutover fault preserves typed certainty credentials and other hosts" started.
✘ Test "every pre-cutover fault preserves typed certainty credentials and other hosts" recorded an issue with 1 argument fault → ReplacementPreCutoverFaultCase(name: "claimed-sendStarted", kind: JidokaCodeCoreTests.ReplacementPreCutoverFaultKind.checkpoint(JidokaCodeCore.HerdrRoleHostReplacementCheckpoint.sendStarted), expectedStatus: JidokaCodeCore.JobCanaryRoleHostReplacementStatus.remoteEffectAmbiguous, retainsCredential: false, expectedError: JidokaCodeCoreTests.ReplacementMatrixExpectedError.checkpoint(JidokaCodeCore.HerdrRoleHostReplacementCheckpoint.sendStarted), expectedReplayError: JidokaCodeCoreTests.ReplacementMatrixExpectedError.herdr(JidokaCodeCore.HerdrPiWorkflowError.recoveryBoundaryReached)) at HerdrPiWorkflowRuntimeTests.swift:5016:19: Issue recorded
↳ claimed-sendStarted threw JidokaCodeCore.RolloutAuthorityError.effectAdmissionClosed; expected checkpoint .sendStarted
✘ Test "every pre-cutover fault preserves typed certainty credentials and other hosts" recorded an issue with 1 argument fault → ReplacementPreCutoverFaultCase(name: "claimed-sendStarted", kind: JidokaCodeCoreTests.ReplacementPreCutoverFaultKind.checkpoint(JidokaCodeCore.HerdrRoleHostReplacementCheckpoint.sendStarted), expectedStatus: JidokaCodeCore.JobCanaryRoleHostReplacementStatus.remoteEffectAmbiguous, retainsCredential: false, expectedError: JidokaCodeCoreTests.ReplacementMatrixExpectedError.checkpoint(JidokaCodeCore.HerdrRoleHostReplacementCheckpoint.sendStarted), expectedReplayError: JidokaCodeCoreTests.ReplacementMatrixExpectedError.herdr(JidokaCodeCore.HerdrPiWorkflowError.recoveryBoundaryReached)) at HerdrPiWorkflowRuntimeTests.swift:3127:22: Expectation failed: try await fixture.jobs.canaryRoleHostReplacementTerminalReport(
        request: incident.request
      ) → nil
◇ Test case passing 1 argument fault → ReplacementPreCutoverFaultCase(name: "claimed-beforeRemoteEffectQ4Revalidation", kind: JidokaCodeCoreTests.ReplacementPreCutoverFaultKind.checkpoint(JidokaCodeCore.HerdrRoleHostReplacementCheckpoint.beforeRemoteEffectQ4Revalidation), expectedStatus: JidokaCodeCore.JobCanaryRoleHostReplacementStatus.remoteEffectAmbiguous, retainsCredential: false, expectedError: JidokaCodeCoreTests.ReplacementMatrixExpectedError.checkpoint(JidokaCodeCore.HerdrRoleHostReplacementCheckpoint.beforeRemoteEffectQ4Revalidation), expectedReplayError: JidokaCodeCoreTests.ReplacementMatrixExpectedError.herdr(JidokaCodeCore.HerdrPiWorkflowError.recoveryBoundaryReached)) to "every pre-cutover fault preserves typed certainty credentials and other hosts" started.
✘ Test "every pre-cutover fault preserves typed certainty credentials and other hosts" recorded an issue with 1 argument fault → ReplacementPreCutoverFaultCase(name: "claimed-beforeRemoteEffectQ4Revalidation", kind: JidokaCodeCoreTests.ReplacementPreCutoverFaultKind.checkpoint(JidokaCodeCore.HerdrRoleHostReplacementCheckpoint.beforeRemoteEffectQ4Revalidation), expectedStatus: JidokaCodeCore.JobCanaryRoleHostReplacementStatus.remoteEffectAmbiguous, retainsCredential: false, expectedError: JidokaCodeCoreTests.ReplacementMatrixExpectedError.checkpoint(JidokaCodeCore.HerdrRoleHostReplacementCheckpoint.beforeRemoteEffectQ4Revalidation), expectedReplayError: JidokaCodeCoreTests.ReplacementMatrixExpectedError.herdr(JidokaCodeCore.HerdrPiWorkflowError.recoveryBoundaryReached)) at HerdrPiWorkflowRuntimeTests.swift:5016:19: Issue recorded
↳ claimed-beforeRemoteEffectQ4Revalidation threw JidokaCodeCore.RolloutAuthorityError.effectAdmissionClosed; expected checkpoint .beforeRemoteEffectQ4Revalidation
✘ Test "every pre-cutover fault preserves typed certainty credentials and other hosts" recorded an issue with 1 argument fault → ReplacementPreCutoverFaultCase(name: "claimed-beforeRemoteEffectQ4Revalidation", kind: JidokaCodeCoreTests.ReplacementPreCutoverFaultKind.checkpoint(JidokaCodeCore.HerdrRoleHostReplacementCheckpoint.beforeRemoteEffectQ4Revalidation), expectedStatus: JidokaCodeCore.JobCanaryRoleHostReplacementStatus.remoteEffectAmbiguous, retainsCredential: false, expectedError: JidokaCodeCoreTests.ReplacementMatrixExpectedError.checkpoint(JidokaCodeCore.HerdrRoleHostReplacementCheckpoint.beforeRemoteEffectQ4Revalidation), expectedReplayError: JidokaCodeCoreTests.ReplacementMatrixExpectedError.herdr(JidokaCodeCore.HerdrPiWorkflowError.recoveryBoundaryReached)) at HerdrPiWorkflowRuntimeTests.swift:3127:22: Expectation failed: try await fixture.jobs.canaryRoleHostReplacementTerminalReport(
        request: incident.request
      ) → nil
◇ Test case passing 1 argument fault → ReplacementPreCutoverFaultCase(name: "claimed-predecessorShutdownRequested", kind: JidokaCodeCoreTests.ReplacementPreCutoverFaultKind.checkpoint(JidokaCodeCore.HerdrRoleHostReplacementCheckpoint.predecessorShutdownRequested), expectedStatus: JidokaCodeCore.JobCanaryRoleHostReplacementStatus.remoteEffectAmbiguous, retainsCredential: false, expectedError: JidokaCodeCoreTests.ReplacementMatrixExpectedError.checkpoint(JidokaCodeCore.HerdrRoleHostReplacementCheckpoint.predecessorShutdownRequested), expectedReplayError: JidokaCodeCoreTests.ReplacementMatrixExpectedError.herdr(JidokaCodeCore.HerdrPiWorkflowError.recoveryBoundaryReached)) to "every pre-cutover fault preserves typed certainty credentials and other hosts" started.
✘ Test "every pre-cutover fault preserves typed certainty credentials and other hosts" recorded an issue with 1 argument fault → ReplacementPreCutoverFaultCase(name: "claimed-predecessorShutdownRequested", kind: JidokaCodeCoreTests.ReplacementPreCutoverFaultKind.checkpoint(JidokaCodeCore.HerdrRoleHostReplacementCheckpoint.predecessorShutdownRequested), expectedStatus: JidokaCodeCore.JobCanaryRoleHostReplacementStatus.remoteEffectAmbiguous, retainsCredential: false, expectedError: JidokaCodeCoreTests.ReplacementMatrixExpectedError.checkpoint(JidokaCodeCore.HerdrRoleHostReplacementCheckpoint.predecessorShutdownRequested), expectedReplayError: JidokaCodeCoreTests.ReplacementMatrixExpectedError.herdr(JidokaCodeCore.HerdrPiWorkflowError.recoveryBoundaryReached)) at HerdrPiWorkflowRuntimeTests.swift:5016:19: Issue recorded
↳ claimed-predecessorShutdownRequested threw JidokaCodeCore.RolloutAuthorityError.effectAdmissionClosed; expected checkpoint .predecessorShutdownRequested
✘ Test "every pre-cutover fault preserves typed certainty credentials and other hosts" recorded an issue with 1 argument fault → ReplacementPreCutoverFaultCase(name: "claimed-predecessorShutdownRequested", kind: JidokaCodeCoreTests.ReplacementPreCutoverFaultKind.checkpoint(JidokaCodeCore.HerdrRoleHostReplacementCheckpoint.predecessorShutdownRequested), expectedStatus: JidokaCodeCore.JobCanaryRoleHostReplacementStatus.remoteEffectAmbiguous, retainsCredential: false, expectedError: JidokaCodeCoreTests.ReplacementMatrixExpectedError.checkpoint(JidokaCodeCore.HerdrRoleHostReplacementCheckpoint.predecessorShutdownRequested), expectedReplayError: JidokaCodeCoreTests.ReplacementMatrixExpectedError.herdr(JidokaCodeCore.HerdrPiWorkflowError.recoveryBoundaryReached)) at HerdrPiWorkflowRuntimeTests.swift:3127:22: Expectation failed: try await fixture.jobs.canaryRoleHostReplacementTerminalReport(
        request: incident.request
      ) → nil
◇ Test case passing 1 argument fault → ReplacementPreCutoverFaultCase(name: "claimed-predecessorExited", kind: JidokaCodeCoreTests.ReplacementPreCutoverFaultKind.checkpoint(JidokaCodeCore.HerdrRoleHostReplacementCheckpoint.predecessorExited), expectedStatus: JidokaCodeCore.JobCanaryRoleHostReplacementStatus.remoteEffectAmbiguous, retainsCredential: false, expectedError: JidokaCodeCoreTests.ReplacementMatrixExpectedError.checkpoint(JidokaCodeCore.HerdrRoleHostReplacementCheckpoint.predecessorExited), expectedReplayError: JidokaCodeCoreTests.ReplacementMatrixExpectedError.herdr(JidokaCodeCore.HerdrPiWorkflowError.recoveryBoundaryReached)) to "every pre-cutover fault preserves typed certainty credentials and other hosts" started.
✘ Test "every pre-cutover fault preserves typed certainty credentials and other hosts" recorded an issue with 1 argument fault → ReplacementPreCutoverFaultCase(name: "claimed-predecessorExited", kind: JidokaCodeCoreTests.ReplacementPreCutoverFaultKind.checkpoint(JidokaCodeCore.HerdrRoleHostReplacementCheckpoint.predecessorExited), expectedStatus: JidokaCodeCore.JobCanaryRoleHostReplacementStatus.remoteEffectAmbiguous, retainsCredential: false, expectedError: JidokaCodeCoreTests.ReplacementMatrixExpectedError.checkpoint(JidokaCodeCore.HerdrRoleHostReplacementCheckpoint.predecessorExited), expectedReplayError: JidokaCodeCoreTests.ReplacementMatrixExpectedError.herdr(JidokaCodeCore.HerdrPiWorkflowError.recoveryBoundaryReached)) at HerdrPiWorkflowRuntimeTests.swift:5016:19: Issue recorded
↳ claimed-predecessorExited threw JidokaCodeCore.RolloutAuthorityError.effectAdmissionClosed; expected checkpoint .predecessorExited
✘ Test "every pre-cutover fault preserves typed certainty credentials and other hosts" recorded an issue with 1 argument fault → ReplacementPreCutoverFaultCase(name: "claimed-predecessorExited", kind: JidokaCodeCoreTests.ReplacementPreCutoverFaultKind.checkpoint(JidokaCodeCore.HerdrRoleHostReplacementCheckpoint.predecessorExited), expectedStatus: JidokaCodeCore.JobCanaryRoleHostReplacementStatus.remoteEffectAmbiguous, retainsCredential: false, expectedError: JidokaCodeCoreTests.ReplacementMatrixExpectedError.checkpoint(JidokaCodeCore.HerdrRoleHostReplacementCheckpoint.predecessorExited), expectedReplayError: JidokaCodeCoreTests.ReplacementMatrixExpectedError.herdr(JidokaCodeCore.HerdrPiWorkflowError.recoveryBoundaryReached)) at HerdrPiWorkflowRuntimeTests.swift:3127:22: Expectation failed: try await fixture.jobs.canaryRoleHostReplacementTerminalReport(
        request: incident.request
      ) → nil
◇ Test case passing 1 argument fault → ReplacementPreCutoverFaultCase(name: "predecessor-close", kind: JidokaCodeCoreTests.ReplacementPreCutoverFaultKind.close, expectedStatus: JidokaCodeCore.JobCanaryRoleHostReplacementStatus.remoteEffectAmbiguous, retainsCredential: false, expectedError: JidokaCodeCoreTests.ReplacementMatrixExpectedError.herdr(JidokaCodeCore.HerdrPiWorkflowError.topologyUnavailable), expectedReplayError: JidokaCodeCoreTests.ReplacementMatrixExpectedError.herdr(JidokaCodeCore.HerdrPiWorkflowError.recoveryBoundaryReached)) to "every pre-cutover fault preserves typed certainty credentials and other hosts" started.
✘ Test "every pre-cutover fault preserves typed certainty credentials and other hosts" recorded an issue with 1 argument fault → ReplacementPreCutoverFaultCase(name: "predecessor-close", kind: JidokaCodeCoreTests.ReplacementPreCutoverFaultKind.close, expectedStatus: JidokaCodeCore.JobCanaryRoleHostReplacementStatus.remoteEffectAmbiguous, retainsCredential: false, expectedError: JidokaCodeCoreTests.ReplacementMatrixExpectedError.herdr(JidokaCodeCore.HerdrPiWorkflowError.topologyUnavailable), expectedReplayError: JidokaCodeCoreTests.ReplacementMatrixExpectedError.herdr(JidokaCodeCore.HerdrPiWorkflowError.recoveryBoundaryReached)) at HerdrPiWorkflowRuntimeTests.swift:4998:19: Issue recorded
↳ predecessor-close threw JidokaCodeCore.RolloutAuthorityError.effectAdmissionClosed; expected .topologyUnavailable
✘ Test "every pre-cutover fault preserves typed certainty credentials and other hosts" recorded an issue with 1 argument fault → ReplacementPreCutoverFaultCase(name: "predecessor-close", kind: JidokaCodeCoreTests.ReplacementPreCutoverFaultKind.close, expectedStatus: JidokaCodeCore.JobCanaryRoleHostReplacementStatus.remoteEffectAmbiguous, retainsCredential: false, expectedError: JidokaCodeCoreTests.ReplacementMatrixExpectedError.herdr(JidokaCodeCore.HerdrPiWorkflowError.topologyUnavailable), expectedReplayError: JidokaCodeCoreTests.ReplacementMatrixExpectedError.herdr(JidokaCodeCore.HerdrPiWorkflowError.recoveryBoundaryReached)) at HerdrPiWorkflowRuntimeTests.swift:3127:22: Expectation failed: try await fixture.jobs.canaryRoleHostReplacementTerminalReport(
        request: incident.request
      ) → nil
◇ Test case passing 1 argument fault → ReplacementPreCutoverFaultCase(name: "remote-split", kind: JidokaCodeCoreTests.ReplacementPreCutoverFaultKind.remote(JidokaCodeCoreTests.ReplacementRuntimeRemoteFault.split), expectedStatus: JidokaCodeCore.JobCanaryRoleHostReplacementStatus.remoteEffectAmbiguous, retainsCredential: false, expectedError: JidokaCodeCoreTests.ReplacementMatrixExpectedError.herdr(JidokaCodeCore.HerdrPiWorkflowError.topologyUnavailable), expectedReplayError: JidokaCodeCoreTests.ReplacementMatrixExpectedError.herdr(JidokaCodeCore.HerdrPiWorkflowError.recoveryBoundaryReached)) to "every pre-cutover fault preserves typed certainty credentials and other hosts" started.
✘ Test "every pre-cutover fault preserves typed certainty credentials and other hosts" recorded an issue with 1 argument fault → ReplacementPreCutoverFaultCase(name: "remote-split", kind: JidokaCodeCoreTests.ReplacementPreCutoverFaultKind.remote(JidokaCodeCoreTests.ReplacementRuntimeRemoteFault.split), expectedStatus: JidokaCodeCore.JobCanaryRoleHostReplacementStatus.remoteEffectAmbiguous, retainsCredential: false, expectedError: JidokaCodeCoreTests.ReplacementMatrixExpectedError.herdr(JidokaCodeCore.HerdrPiWorkflowError.topologyUnavailable), expectedReplayError: JidokaCodeCoreTests.ReplacementMatrixExpectedError.herdr(JidokaCodeCore.HerdrPiWorkflowError.recoveryBoundaryReached)) at HerdrPiWorkflowRuntimeTests.swift:4998:19: Issue recorded
↳ remote-split threw JidokaCodeCore.RolloutAuthorityError.effectAdmissionClosed; expected .topologyUnavailable
✘ Test "every pre-cutover fault preserves typed certainty credentials and other hosts" recorded an issue with 1 argument fault → ReplacementPreCutoverFaultCase(name: "remote-split", kind: JidokaCodeCoreTests.ReplacementPreCutoverFaultKind.remote(JidokaCodeCoreTests.ReplacementRuntimeRemoteFault.split), expectedStatus: JidokaCodeCore.JobCanaryRoleHostReplacementStatus.remoteEffectAmbiguous, retainsCredential: false, expectedError: JidokaCodeCoreTests.ReplacementMatrixExpectedError.herdr(JidokaCodeCore.HerdrPiWorkflowError.topologyUnavailable), expectedReplayError: JidokaCodeCoreTests.ReplacementMatrixExpectedError.herdr(JidokaCodeCore.HerdrPiWorkflowError.recoveryBoundaryReached)) at HerdrPiWorkflowRuntimeTests.swift:3127:22: Expectation failed: try await fixture.jobs.canaryRoleHostReplacementTerminalReport(
        request: incident.request
      ) → nil
◇ Test case passing 1 argument fault → ReplacementPreCutoverFaultCase(name: "remote-postSplitPaneDisappeared", kind: JidokaCodeCoreTests.ReplacementPreCutoverFaultKind.remote(JidokaCodeCoreTests.ReplacementRuntimeRemoteFault.postSplitPaneDisappeared), expectedStatus: JidokaCodeCore.JobCanaryRoleHostReplacementStatus.remoteEffectAmbiguous, retainsCredential: false, expectedError: JidokaCodeCoreTests.ReplacementMatrixExpectedError.herdr(JidokaCodeCore.HerdrPiWorkflowError.topologyUnavailable), expectedReplayError: JidokaCodeCoreTests.ReplacementMatrixExpectedError.herdr(JidokaCodeCore.HerdrPiWorkflowError.recoveryBoundaryReached)) to "every pre-cutover fault preserves typed certainty credentials and other hosts" started.
✘ Test "every pre-cutover fault preserves typed certainty credentials and other hosts" recorded an issue with 1 argument fault → ReplacementPreCutoverFaultCase(name: "remote-postSplitPaneDisappeared", kind: JidokaCodeCoreTests.ReplacementPreCutoverFaultKind.remote(JidokaCodeCoreTests.ReplacementRuntimeRemoteFault.postSplitPaneDisappeared), expectedStatus: JidokaCodeCore.JobCanaryRoleHostReplacementStatus.remoteEffectAmbiguous, retainsCredential: false, expectedError: JidokaCodeCoreTests.ReplacementMatrixExpectedError.herdr(JidokaCodeCore.HerdrPiWorkflowError.topologyUnavailable), expectedReplayError: JidokaCodeCoreTests.ReplacementMatrixExpectedError.herdr(JidokaCodeCore.HerdrPiWorkflowError.recoveryBoundaryReached)) at HerdrPiWorkflowRuntimeTests.swift:4998:19: Issue recorded
↳ remote-postSplitPaneDisappeared threw JidokaCodeCore.RolloutAuthorityError.effectAdmissionClosed; expected .topologyUnavailable
✘ Test "every pre-cutover fault preserves typed certainty credentials and other hosts" recorded an issue with 1 argument fault → ReplacementPreCutoverFaultCase(name: "remote-postSplitPaneDisappeared", kind: JidokaCodeCoreTests.ReplacementPreCutoverFaultKind.remote(JidokaCodeCoreTests.ReplacementRuntimeRemoteFault.postSplitPaneDisappeared), expectedStatus: JidokaCodeCore.JobCanaryRoleHostReplacementStatus.remoteEffectAmbiguous, retainsCredential: false, expectedError: JidokaCodeCoreTests.ReplacementMatrixExpectedError.herdr(JidokaCodeCore.HerdrPiWorkflowError.topologyUnavailable), expectedReplayError: JidokaCodeCoreTests.ReplacementMatrixExpectedError.herdr(JidokaCodeCore.HerdrPiWorkflowError.recoveryBoundaryReached)) at HerdrPiWorkflowRuntimeTests.swift:3127:22: Expectation failed: try await fixture.jobs.canaryRoleHostReplacementTerminalReport(
        request: incident.request
      ) → nil
◇ Test case passing 1 argument fault → ReplacementPreCutoverFaultCase(name: "remote-postSplitTerminalRemapped", kind: JidokaCodeCoreTests.ReplacementPreCutoverFaultKind.remote(JidokaCodeCoreTests.ReplacementRuntimeRemoteFault.postSplitTerminalRemapped), expectedStatus: JidokaCodeCore.JobCanaryRoleHostReplacementStatus.remoteEffectAmbiguous, retainsCredential: false, expectedError: JidokaCodeCoreTests.ReplacementMatrixExpectedError.herdr(JidokaCodeCore.HerdrPiWorkflowError.topologyUnavailable), expectedReplayError: JidokaCodeCoreTests.ReplacementMatrixExpectedError.herdr(JidokaCodeCore.HerdrPiWorkflowError.recoveryBoundaryReached)) to "every pre-cutover fault preserves typed certainty credentials and other hosts" started.
✘ Test "every pre-cutover fault preserves typed certainty credentials and other hosts" recorded an issue with 1 argument fault → ReplacementPreCutoverFaultCase(name: "remote-postSplitTerminalRemapped", kind: JidokaCodeCoreTests.ReplacementPreCutoverFaultKind.remote(JidokaCodeCoreTests.ReplacementRuntimeRemoteFault.postSplitTerminalRemapped), expectedStatus: JidokaCodeCore.JobCanaryRoleHostReplacementStatus.remoteEffectAmbiguous, retainsCredential: false, expectedError: JidokaCodeCoreTests.ReplacementMatrixExpectedError.herdr(JidokaCodeCore.HerdrPiWorkflowError.topologyUnavailable), expectedReplayError: JidokaCodeCoreTests.ReplacementMatrixExpectedError.herdr(JidokaCodeCore.HerdrPiWorkflowError.recoveryBoundaryReached)) at HerdrPiWorkflowRuntimeTests.swift:4998:19: Issue recorded
↳ remote-postSplitTerminalRemapped threw JidokaCodeCore.RolloutAuthorityError.effectAdmissionClosed; expected .topologyUnavailable
✘ Test "every pre-cutover fault preserves typed certainty credentials and other hosts" recorded an issue with 1 argument fault → ReplacementPreCutoverFaultCase(name: "remote-postSplitTerminalRemapped", kind: JidokaCodeCoreTests.ReplacementPreCutoverFaultKind.remote(JidokaCodeCoreTests.ReplacementRuntimeRemoteFault.postSplitTerminalRemapped), expectedStatus: JidokaCodeCore.JobCanaryRoleHostReplacementStatus.remoteEffectAmbiguous, retainsCredential: false, expectedError: JidokaCodeCoreTests.ReplacementMatrixExpectedError.herdr(JidokaCodeCore.HerdrPiWorkflowError.topologyUnavailable), expectedReplayError: JidokaCodeCoreTests.ReplacementMatrixExpectedError.herdr(JidokaCodeCore.HerdrPiWorkflowError.recoveryBoundaryReached)) at HerdrPiWorkflowRuntimeTests.swift:3127:22: Expectation failed: try await fixture.jobs.canaryRoleHostReplacementTerminalReport(
        request: incident.request
      ) → nil
◇ Test case passing 1 argument fault → ReplacementPreCutoverFaultCase(name: "remote-text", kind: JidokaCodeCoreTests.ReplacementPreCutoverFaultKind.remote(JidokaCodeCoreTests.ReplacementRuntimeRemoteFault.text), expectedStatus: JidokaCodeCore.JobCanaryRoleHostReplacementStatus.remoteEffectAmbiguous, retainsCredential: false, expectedError: JidokaCodeCoreTests.ReplacementMatrixExpectedError.herdr(JidokaCodeCore.HerdrPiWorkflowError.topologyUnavailable), expectedReplayError: JidokaCodeCoreTests.ReplacementMatrixExpectedError.herdr(JidokaCodeCore.HerdrPiWorkflowError.recoveryBoundaryReached)) to "every pre-cutover fault preserves typed certainty credentials and other hosts" started.
✘ Test "every pre-cutover fault preserves typed certainty credentials and other hosts" recorded an issue with 1 argument fault → ReplacementPreCutoverFaultCase(name: "remote-text", kind: JidokaCodeCoreTests.ReplacementPreCutoverFaultKind.remote(JidokaCodeCoreTests.ReplacementRuntimeRemoteFault.text), expectedStatus: JidokaCodeCore.JobCanaryRoleHostReplacementStatus.remoteEffectAmbiguous, retainsCredential: false, expectedError: JidokaCodeCoreTests.ReplacementMatrixExpectedError.herdr(JidokaCodeCore.HerdrPiWorkflowError.topologyUnavailable), expectedReplayError: JidokaCodeCoreTests.ReplacementMatrixExpectedError.herdr(JidokaCodeCore.HerdrPiWorkflowError.recoveryBoundaryReached)) at HerdrPiWorkflowRuntimeTests.swift:4998:19: Issue recorded
↳ remote-text threw JidokaCodeCore.RolloutAuthorityError.effectAdmissionClosed; expected .topologyUnavailable
✘ Test "every pre-cutover fault preserves typed certainty credentials and other hosts" recorded an issue with 1 argument fault → ReplacementPreCutoverFaultCase(name: "remote-text", kind: JidokaCodeCoreTests.ReplacementPreCutoverFaultKind.remote(JidokaCodeCoreTests.ReplacementRuntimeRemoteFault.text), expectedStatus: JidokaCodeCore.JobCanaryRoleHostReplacementStatus.remoteEffectAmbiguous, retainsCredential: false, expectedError: JidokaCodeCoreTests.ReplacementMatrixExpectedError.herdr(JidokaCodeCore.HerdrPiWorkflowError.topologyUnavailable), expectedReplayError: JidokaCodeCoreTests.ReplacementMatrixExpectedError.herdr(JidokaCodeCore.HerdrPiWorkflowError.recoveryBoundaryReached)) at HerdrPiWorkflowRuntimeTests.swift:3127:22: Expectation failed: try await fixture.jobs.canaryRoleHostReplacementTerminalReport(
        request: incident.request
      ) → nil
◇ Test case passing 1 argument fault → ReplacementPreCutoverFaultCase(name: "remote-enter", kind: JidokaCodeCoreTests.ReplacementPreCutoverFaultKind.remote(JidokaCodeCoreTests.ReplacementRuntimeRemoteFault.enter), expectedStatus: JidokaCodeCore.JobCanaryRoleHostReplacementStatus.remoteEffectAmbiguous, retainsCredential: false, expectedError: JidokaCodeCoreTests.ReplacementMatrixExpectedError.herdr(JidokaCodeCore.HerdrPiWorkflowError.topologyUnavailable), expectedReplayError: JidokaCodeCoreTests.ReplacementMatrixExpectedError.herdr(JidokaCodeCore.HerdrPiWorkflowError.recoveryBoundaryReached)) to "every pre-cutover fault preserves typed certainty credentials and other hosts" started.
✘ Test "every pre-cutover fault preserves typed certainty credentials and other hosts" recorded an issue with 1 argument fault → ReplacementPreCutoverFaultCase(name: "remote-enter", kind: JidokaCodeCoreTests.ReplacementPreCutoverFaultKind.remote(JidokaCodeCoreTests.ReplacementRuntimeRemoteFault.enter), expectedStatus: JidokaCodeCore.JobCanaryRoleHostReplacementStatus.remoteEffectAmbiguous, retainsCredential: false, expectedError: JidokaCodeCoreTests.ReplacementMatrixExpectedError.herdr(JidokaCodeCore.HerdrPiWorkflowError.topologyUnavailable), expectedReplayError: JidokaCodeCoreTests.ReplacementMatrixExpectedError.herdr(JidokaCodeCore.HerdrPiWorkflowError.recoveryBoundaryReached)) at HerdrPiWorkflowRuntimeTests.swift:4998:19: Issue recorded
↳ remote-enter threw JidokaCodeCore.RolloutAuthorityError.effectAdmissionClosed; expected .topologyUnavailable
✘ Test "every pre-cutover fault preserves typed certainty credentials and other hosts" recorded an issue with 1 argument fault → ReplacementPreCutoverFaultCase(name: "remote-enter", kind: JidokaCodeCoreTests.ReplacementPreCutoverFaultKind.remote(JidokaCodeCoreTests.ReplacementRuntimeRemoteFault.enter), expectedStatus: JidokaCodeCore.JobCanaryRoleHostReplacementStatus.remoteEffectAmbiguous, retainsCredential: false, expectedError: JidokaCodeCoreTests.ReplacementMatrixExpectedError.herdr(JidokaCodeCore.HerdrPiWorkflowError.topologyUnavailable), expectedReplayError: JidokaCodeCoreTests.ReplacementMatrixExpectedError.herdr(JidokaCodeCore.HerdrPiWorkflowError.recoveryBoundaryReached)) at HerdrPiWorkflowRuntimeTests.swift:3127:22: Expectation failed: try await fixture.jobs.canaryRoleHostReplacementTerminalReport(
        request: incident.request
      ) → nil
◇ Test case passing 1 argument fault → ReplacementPreCutoverFaultCase(name: "remote-postEnterPaneDisappeared", kind: JidokaCodeCoreTests.ReplacementPreCutoverFaultKind.remote(JidokaCodeCoreTests.ReplacementRuntimeRemoteFault.postEnterPaneDisappeared), expectedStatus: JidokaCodeCore.JobCanaryRoleHostReplacementStatus.remoteEffectAmbiguous, retainsCredential: false, expectedError: JidokaCodeCoreTests.ReplacementMatrixExpectedError.herdr(JidokaCodeCore.HerdrPiWorkflowError.topologyUnavailable), expectedReplayError: JidokaCodeCoreTests.ReplacementMatrixExpectedError.herdr(JidokaCodeCore.HerdrPiWorkflowError.recoveryBoundaryReached)) to "every pre-cutover fault preserves typed certainty credentials and other hosts" started.
✘ Test "every pre-cutover fault preserves typed certainty credentials and other hosts" recorded an issue with 1 argument fault → ReplacementPreCutoverFaultCase(name: "remote-postEnterPaneDisappeared", kind: JidokaCodeCoreTests.ReplacementPreCutoverFaultKind.remote(JidokaCodeCoreTests.ReplacementRuntimeRemoteFault.postEnterPaneDisappeared), expectedStatus: JidokaCodeCore.JobCanaryRoleHostReplacementStatus.remoteEffectAmbiguous, retainsCredential: false, expectedError: JidokaCodeCoreTests.ReplacementMatrixExpectedError.herdr(JidokaCodeCore.HerdrPiWorkflowError.topologyUnavailable), expectedReplayError: JidokaCodeCoreTests.ReplacementMatrixExpectedError.herdr(JidokaCodeCore.HerdrPiWorkflowError.recoveryBoundaryReached)) at HerdrPiWorkflowRuntimeTests.swift:4998:19: Issue recorded
↳ remote-postEnterPaneDisappeared threw JidokaCodeCore.RolloutAuthorityError.effectAdmissionClosed; expected .topologyUnavailable
✘ Test "every pre-cutover fault preserves typed certainty credentials and other hosts" recorded an issue with 1 argument fault → ReplacementPreCutoverFaultCase(name: "remote-postEnterPaneDisappeared", kind: JidokaCodeCoreTests.ReplacementPreCutoverFaultKind.remote(JidokaCodeCoreTests.ReplacementRuntimeRemoteFault.postEnterPaneDisappeared), expectedStatus: JidokaCodeCore.JobCanaryRoleHostReplacementStatus.remoteEffectAmbiguous, retainsCredential: false, expectedError: JidokaCodeCoreTests.ReplacementMatrixExpectedError.herdr(JidokaCodeCore.HerdrPiWorkflowError.topologyUnavailable), expectedReplayError: JidokaCodeCoreTests.ReplacementMatrixExpectedError.herdr(JidokaCodeCore.HerdrPiWorkflowError.recoveryBoundaryReached)) at HerdrPiWorkflowRuntimeTests.swift:3127:22: Expectation failed: try await fixture.jobs.canaryRoleHostReplacementTerminalReport(
        request: incident.request
      ) → nil
◇ Test case passing 1 argument fault → ReplacementPreCutoverFaultCase(name: "remote-postEnterTerminalRemapped", kind: JidokaCodeCoreTests.ReplacementPreCutoverFaultKind.remote(JidokaCodeCoreTests.ReplacementRuntimeRemoteFault.postEnterTerminalRemapped), expectedStatus: JidokaCodeCore.JobCanaryRoleHostReplacementStatus.remoteEffectAmbiguous, retainsCredential: false, expectedError: JidokaCodeCoreTests.ReplacementMatrixExpectedError.herdr(JidokaCodeCore.HerdrPiWorkflowError.topologyUnavailable), expectedReplayError: JidokaCodeCoreTests.ReplacementMatrixExpectedError.herdr(JidokaCodeCore.HerdrPiWorkflowError.recoveryBoundaryReached)) to "every pre-cutover fault preserves typed certainty credentials and other hosts" started.
✘ Test "every pre-cutover fault preserves typed certainty credentials and other hosts" recorded an issue with 1 argument fault → ReplacementPreCutoverFaultCase(name: "remote-postEnterTerminalRemapped", kind: JidokaCodeCoreTests.ReplacementPreCutoverFaultKind.remote(JidokaCodeCoreTests.ReplacementRuntimeRemoteFault.postEnterTerminalRemapped), expectedStatus: JidokaCodeCore.JobCanaryRoleHostReplacementStatus.remoteEffectAmbiguous, retainsCredential: false, expectedError: JidokaCodeCoreTests.ReplacementMatrixExpectedError.herdr(JidokaCodeCore.HerdrPiWorkflowError.topologyUnavailable), expectedReplayError: JidokaCodeCoreTests.ReplacementMatrixExpectedError.herdr(JidokaCodeCore.HerdrPiWorkflowError.recoveryBoundaryReached)) at HerdrPiWorkflowRuntimeTests.swift:4998:19: Issue recorded
↳ remote-postEnterTerminalRemapped threw JidokaCodeCore.RolloutAuthorityError.effectAdmissionClosed; expected .topologyUnavailable
✘ Test "every pre-cutover fault preserves typed certainty credentials and other hosts" recorded an issue with 1 argument fault → ReplacementPreCutoverFaultCase(name: "remote-postEnterTerminalRemapped", kind: JidokaCodeCoreTests.ReplacementPreCutoverFaultKind.remote(JidokaCodeCoreTests.ReplacementRuntimeRemoteFault.postEnterTerminalRemapped), expectedStatus: JidokaCodeCore.JobCanaryRoleHostReplacementStatus.remoteEffectAmbiguous, retainsCredential: false, expectedError: JidokaCodeCoreTests.ReplacementMatrixExpectedError.herdr(JidokaCodeCore.HerdrPiWorkflowError.topologyUnavailable), expectedReplayError: JidokaCodeCoreTests.ReplacementMatrixExpectedError.herdr(JidokaCodeCore.HerdrPiWorkflowError.recoveryBoundaryReached)) at HerdrPiWorkflowRuntimeTests.swift:3127:22: Expectation failed: try await fixture.jobs.canaryRoleHostReplacementTerminalReport(
        request: incident.request
      ) → nil
◇ Test case passing 1 argument fault → ReplacementPreCutoverFaultCase(name: "replacement-process-discovery", kind: JidokaCodeCoreTests.ReplacementPreCutoverFaultKind.processDiscovery, expectedStatus: JidokaCodeCore.JobCanaryRoleHostReplacementStatus.remoteEffectAmbiguous, retainsCredential: false, expectedError: JidokaCodeCoreTests.ReplacementMatrixExpectedError.herdr(JidokaCodeCore.HerdrPiWorkflowError.roleHostUnavailable), expectedReplayError: JidokaCodeCoreTests.ReplacementMatrixExpectedError.herdr(JidokaCodeCore.HerdrPiWorkflowError.recoveryBoundaryReached)) to "every pre-cutover fault preserves typed certainty credentials and other hosts" started.
✘ Test "every pre-cutover fault preserves typed certainty credentials and other hosts" recorded an issue with 1 argument fault → ReplacementPreCutoverFaultCase(name: "replacement-process-discovery", kind: JidokaCodeCoreTests.ReplacementPreCutoverFaultKind.processDiscovery, expectedStatus: JidokaCodeCore.JobCanaryRoleHostReplacementStatus.remoteEffectAmbiguous, retainsCredential: false, expectedError: JidokaCodeCoreTests.ReplacementMatrixExpectedError.herdr(JidokaCodeCore.HerdrPiWorkflowError.roleHostUnavailable), expectedReplayError: JidokaCodeCoreTests.ReplacementMatrixExpectedError.herdr(JidokaCodeCore.HerdrPiWorkflowError.recoveryBoundaryReached)) at HerdrPiWorkflowRuntimeTests.swift:4998:19: Issue recorded
↳ replacement-process-discovery threw JidokaCodeCore.RolloutAuthorityError.effectAdmissionClosed; expected .roleHostUnavailable
✘ Test "every pre-cutover fault preserves typed certainty credentials and other hosts" recorded an issue with 1 argument fault → ReplacementPreCutoverFaultCase(name: "replacement-process-discovery", kind: JidokaCodeCoreTests.ReplacementPreCutoverFaultKind.processDiscovery, expectedStatus: JidokaCodeCore.JobCanaryRoleHostReplacementStatus.remoteEffectAmbiguous, retainsCredential: false, expectedError: JidokaCodeCoreTests.ReplacementMatrixExpectedError.herdr(JidokaCodeCore.HerdrPiWorkflowError.roleHostUnavailable), expectedReplayError: JidokaCodeCoreTests.ReplacementMatrixExpectedError.herdr(JidokaCodeCore.HerdrPiWorkflowError.recoveryBoundaryReached)) at HerdrPiWorkflowRuntimeTests.swift:3127:22: Expectation failed: try await fixture.jobs.canaryRoleHostReplacementTerminalReport(
        request: incident.request
      ) → nil
◇ Test case passing 1 argument fault → ReplacementPreCutoverFaultCase(name: "authority-prime", kind: JidokaCodeCoreTests.ReplacementPreCutoverFaultKind.prime, expectedStatus: JidokaCodeCore.JobCanaryRoleHostReplacementStatus.remoteEffectAmbiguous, retainsCredential: false, expectedError: JidokaCodeCoreTests.ReplacementMatrixExpectedError.herdr(JidokaCodeCore.HerdrPiWorkflowError.topologyUnavailable), expectedReplayError: JidokaCodeCoreTests.ReplacementMatrixExpectedError.herdr(JidokaCodeCore.HerdrPiWorkflowError.recoveryBoundaryReached)) to "every pre-cutover fault preserves typed certainty credentials and other hosts" started.
✘ Test "every pre-cutover fault preserves typed certainty credentials and other hosts" recorded an issue with 1 argument fault → ReplacementPreCutoverFaultCase(name: "authority-prime", kind: JidokaCodeCoreTests.ReplacementPreCutoverFaultKind.prime, expectedStatus: JidokaCodeCore.JobCanaryRoleHostReplacementStatus.remoteEffectAmbiguous, retainsCredential: false, expectedError: JidokaCodeCoreTests.ReplacementMatrixExpectedError.herdr(JidokaCodeCore.HerdrPiWorkflowError.topologyUnavailable), expectedReplayError: JidokaCodeCoreTests.ReplacementMatrixExpectedError.herdr(JidokaCodeCore.HerdrPiWorkflowError.recoveryBoundaryReached)) at HerdrPiWorkflowRuntimeTests.swift:4998:19: Issue recorded
↳ authority-prime threw JidokaCodeCore.RolloutAuthorityError.effectAdmissionClosed; expected .topologyUnavailable
✘ Test "every pre-cutover fault preserves typed certainty credentials and other hosts" recorded an issue with 1 argument fault → ReplacementPreCutoverFaultCase(name: "authority-prime", kind: JidokaCodeCoreTests.ReplacementPreCutoverFaultKind.prime, expectedStatus: JidokaCodeCore.JobCanaryRoleHostReplacementStatus.remoteEffectAmbiguous, retainsCredential: false, expectedError: JidokaCodeCoreTests.ReplacementMatrixExpectedError.herdr(JidokaCodeCore.HerdrPiWorkflowError.topologyUnavailable), expectedReplayError: JidokaCodeCoreTests.ReplacementMatrixExpectedError.herdr(JidokaCodeCore.HerdrPiWorkflowError.recoveryBoundaryReached)) at HerdrPiWorkflowRuntimeTests.swift:3127:22: Expectation failed: try await fixture.jobs.canaryRoleHostReplacementTerminalReport(
        request: incident.request
      ) → nil
◇ Test case passing 1 argument fault → ReplacementPreCutoverFaultCase(name: "attribution-cutover-write", kind: JidokaCodeCoreTests.ReplacementPreCutoverFaultKind.cutoverWrite, expectedStatus: JidokaCodeCore.JobCanaryRoleHostReplacementStatus.remoteEffectAmbiguous, retainsCredential: false, expectedError: JidokaCodeCoreTests.ReplacementMatrixExpectedError.sqlite(JidokaCodeCore.SQLiteStoreError.statementFailed(code: 19, message: "w5 cutover fault")), expectedReplayError: JidokaCodeCoreTests.ReplacementMatrixExpectedError.herdr(JidokaCodeCore.HerdrPiWorkflowError.recoveryBoundaryReached)) to "every pre-cutover fault preserves typed certainty credentials and other hosts" started.
✘ Test "every pre-cutover fault preserves typed certainty credentials and other hosts" recorded an issue with 1 argument fault → ReplacementPreCutoverFaultCase(name: "attribution-cutover-write", kind: JidokaCodeCoreTests.ReplacementPreCutoverFaultKind.cutoverWrite, expectedStatus: JidokaCodeCore.JobCanaryRoleHostReplacementStatus.remoteEffectAmbiguous, retainsCredential: false, expectedError: JidokaCodeCoreTests.ReplacementMatrixExpectedError.sqlite(JidokaCodeCore.SQLiteStoreError.statementFailed(code: 19, message: "w5 cutover fault")), expectedReplayError: JidokaCodeCoreTests.ReplacementMatrixExpectedError.herdr(JidokaCodeCore.HerdrPiWorkflowError.recoveryBoundaryReached)) at HerdrPiWorkflowRuntimeTests.swift:5028:19: Issue recorded
↳ attribution-cutover-write threw JidokaCodeCore.RolloutAuthorityError.effectAdmissionClosed; expected .statementFailed(code: 19, message: "w5 cutover fault")
✘ Test "every pre-cutover fault preserves typed certainty credentials and other hosts" recorded an issue with 1 argument fault → ReplacementPreCutoverFaultCase(name: "attribution-cutover-write", kind: JidokaCodeCoreTests.ReplacementPreCutoverFaultKind.cutoverWrite, expectedStatus: JidokaCodeCore.JobCanaryRoleHostReplacementStatus.remoteEffectAmbiguous, retainsCredential: false, expectedError: JidokaCodeCoreTests.ReplacementMatrixExpectedError.sqlite(JidokaCodeCore.SQLiteStoreError.statementFailed(code: 19, message: "w5 cutover fault")), expectedReplayError: JidokaCodeCoreTests.ReplacementMatrixExpectedError.herdr(JidokaCodeCore.HerdrPiWorkflowError.recoveryBoundaryReached)) at HerdrPiWorkflowRuntimeTests.swift:3127:22: Expectation failed: try await fixture.jobs.canaryRoleHostReplacementTerminalReport(
        request: incident.request
      ) → nil
◇ Test case passing 1 argument fault → ReplacementPreCutoverFaultCase(name: "cutover-committed", kind: JidokaCodeCoreTests.ReplacementPreCutoverFaultKind.checkpoint(JidokaCodeCore.HerdrRoleHostReplacementCheckpoint.cutoverCommitted), expectedStatus: JidokaCodeCore.JobCanaryRoleHostReplacementStatus.q4Prepared, retainsCredential: false, expectedError: JidokaCodeCoreTests.ReplacementMatrixExpectedError.checkpoint(JidokaCodeCore.HerdrRoleHostReplacementCheckpoint.cutoverCommitted), expectedReplayError: JidokaCodeCoreTests.ReplacementMatrixExpectedError.herdr(JidokaCodeCore.HerdrPiWorkflowError.recoveryBoundaryReached)) to "every pre-cutover fault preserves typed certainty credentials and other hosts" started.
✘ Test "every pre-cutover fault preserves typed certainty credentials and other hosts" recorded an issue with 1 argument fault → ReplacementPreCutoverFaultCase(name: "cutover-committed", kind: JidokaCodeCoreTests.ReplacementPreCutoverFaultKind.checkpoint(JidokaCodeCore.HerdrRoleHostReplacementCheckpoint.cutoverCommitted), expectedStatus: JidokaCodeCore.JobCanaryRoleHostReplacementStatus.q4Prepared, retainsCredential: false, expectedError: JidokaCodeCoreTests.ReplacementMatrixExpectedError.checkpoint(JidokaCodeCore.HerdrRoleHostReplacementCheckpoint.cutoverCommitted), expectedReplayError: JidokaCodeCoreTests.ReplacementMatrixExpectedError.herdr(JidokaCodeCore.HerdrPiWorkflowError.recoveryBoundaryReached)) at HerdrPiWorkflowRuntimeTests.swift:5016:19: Issue recorded
↳ cutover-committed threw JidokaCodeCore.RolloutAuthorityError.effectAdmissionClosed; expected checkpoint .cutoverCommitted
✘ Test "every pre-cutover fault preserves typed certainty credentials and other hosts" recorded an issue with 1 argument fault → ReplacementPreCutoverFaultCase(name: "cutover-committed", kind: JidokaCodeCoreTests.ReplacementPreCutoverFaultKind.checkpoint(JidokaCodeCore.HerdrRoleHostReplacementCheckpoint.cutoverCommitted), expectedStatus: JidokaCodeCore.JobCanaryRoleHostReplacementStatus.q4Prepared, retainsCredential: false, expectedError: JidokaCodeCoreTests.ReplacementMatrixExpectedError.checkpoint(JidokaCodeCore.HerdrRoleHostReplacementCheckpoint.cutoverCommitted), expectedReplayError: JidokaCodeCoreTests.ReplacementMatrixExpectedError.herdr(JidokaCodeCore.HerdrPiWorkflowError.recoveryBoundaryReached)) at HerdrPiWorkflowRuntimeTests.swift:3127:22: Expectation failed: try await fixture.jobs.canaryRoleHostReplacementTerminalReport(
        request: incident.request
      ) → nil
◇ Test case passing 1 argument fault → ReplacementPreCutoverFaultCase(name: "q4-publication-before-visibility", kind: JidokaCodeCoreTests.ReplacementPreCutoverFaultKind.q4PublicationBeforeVisibility, expectedStatus: JidokaCodeCore.JobCanaryRoleHostReplacementStatus.q4Prepared, retainsCredential: false, expectedError: JidokaCodeCoreTests.ReplacementMatrixExpectedError.publication(JidokaCodeCoreTests.ReplacementCommandPublicationFailure.beforeVisibility), expectedReplayError: JidokaCodeCoreTests.ReplacementMatrixExpectedError.herdr(JidokaCodeCore.HerdrPiWorkflowError.recoveryBoundaryReached)) to "every pre-cutover fault preserves typed certainty credentials and other hosts" started.
✘ Test "every pre-cutover fault preserves typed certainty credentials and other hosts" recorded an issue with 1 argument fault → ReplacementPreCutoverFaultCase(name: "q4-publication-before-visibility", kind: JidokaCodeCoreTests.ReplacementPreCutoverFaultKind.q4PublicationBeforeVisibility, expectedStatus: JidokaCodeCore.JobCanaryRoleHostReplacementStatus.q4Prepared, retainsCredential: false, expectedError: JidokaCodeCoreTests.ReplacementMatrixExpectedError.publication(JidokaCodeCoreTests.ReplacementCommandPublicationFailure.beforeVisibility), expectedReplayError: JidokaCodeCoreTests.ReplacementMatrixExpectedError.herdr(JidokaCodeCore.HerdrPiWorkflowError.recoveryBoundaryReached)) at HerdrPiWorkflowRuntimeTests.swift:5022:19: Issue recorded
↳ q4-publication-before-visibility threw JidokaCodeCore.RolloutAuthorityError.effectAdmissionClosed; expected .beforeVisibility
✘ Test "every pre-cutover fault preserves typed certainty credentials and other hosts" recorded an issue with 1 argument fault → ReplacementPreCutoverFaultCase(name: "q4-publication-before-visibility", kind: JidokaCodeCoreTests.ReplacementPreCutoverFaultKind.q4PublicationBeforeVisibility, expectedStatus: JidokaCodeCore.JobCanaryRoleHostReplacementStatus.q4Prepared, retainsCredential: false, expectedError: JidokaCodeCoreTests.ReplacementMatrixExpectedError.publication(JidokaCodeCoreTests.ReplacementCommandPublicationFailure.beforeVisibility), expectedReplayError: JidokaCodeCoreTests.ReplacementMatrixExpectedError.herdr(JidokaCodeCore.HerdrPiWorkflowError.recoveryBoundaryReached)) at HerdrPiWorkflowRuntimeTests.swift:3127:22: Expectation failed: try await fixture.jobs.canaryRoleHostReplacementTerminalReport(
        request: incident.request
      ) → nil
◇ Test case passing 1 argument fault → ReplacementPreCutoverFaultCase(name: "q4-publication-after-visibility", kind: JidokaCodeCoreTests.ReplacementPreCutoverFaultKind.checkpoint(JidokaCodeCore.HerdrRoleHostReplacementCheckpoint.q4Published), expectedStatus: JidokaCodeCore.JobCanaryRoleHostReplacementStatus.q4Enqueued, retainsCredential: true, expectedError: JidokaCodeCoreTests.ReplacementMatrixExpectedError.checkpoint(JidokaCodeCore.HerdrRoleHostReplacementCheckpoint.q4Published), expectedReplayError: JidokaCodeCoreTests.ReplacementMatrixExpectedError.herdr(JidokaCodeCore.HerdrPiWorkflowError.recoveryBoundaryReached)) to "every pre-cutover fault preserves typed certainty credentials and other hosts" started.
✘ Test "every pre-cutover fault preserves typed certainty credentials and other hosts" recorded an issue with 1 argument fault → ReplacementPreCutoverFaultCase(name: "q4-publication-after-visibility", kind: JidokaCodeCoreTests.ReplacementPreCutoverFaultKind.checkpoint(JidokaCodeCore.HerdrRoleHostReplacementCheckpoint.q4Published), expectedStatus: JidokaCodeCore.JobCanaryRoleHostReplacementStatus.q4Enqueued, retainsCredential: true, expectedError: JidokaCodeCoreTests.ReplacementMatrixExpectedError.checkpoint(JidokaCodeCore.HerdrRoleHostReplacementCheckpoint.q4Published), expectedReplayError: JidokaCodeCoreTests.ReplacementMatrixExpectedError.herdr(JidokaCodeCore.HerdrPiWorkflowError.recoveryBoundaryReached)) at HerdrPiWorkflowRuntimeTests.swift:5016:19: Issue recorded
↳ q4-publication-after-visibility threw JidokaCodeCore.RolloutAuthorityError.effectAdmissionClosed; expected checkpoint .q4Published
✘ Test "every pre-cutover fault preserves typed certainty credentials and other hosts" recorded an issue with 1 argument fault → ReplacementPreCutoverFaultCase(name: "q4-publication-after-visibility", kind: JidokaCodeCoreTests.ReplacementPreCutoverFaultKind.checkpoint(JidokaCodeCore.HerdrRoleHostReplacementCheckpoint.q4Published), expectedStatus: JidokaCodeCore.JobCanaryRoleHostReplacementStatus.q4Enqueued, retainsCredential: true, expectedError: JidokaCodeCoreTests.ReplacementMatrixExpectedError.checkpoint(JidokaCodeCore.HerdrRoleHostReplacementCheckpoint.q4Published), expectedReplayError: JidokaCodeCoreTests.ReplacementMatrixExpectedError.herdr(JidokaCodeCore.HerdrPiWorkflowError.recoveryBoundaryReached)) at HerdrPiWorkflowRuntimeTests.swift:3127:22: Expectation failed: try await fixture.jobs.canaryRoleHostReplacementTerminalReport(
        request: incident.request
      ) → nil
✘ Test "every pre-cutover fault preserves typed certainty credentials and other hosts" with 28 test cases failed after 11.255 seconds with 56 issues.
◇ Test "credential cleanup failure is exact and bounded before send-start authority" started.
✘ Test "credential cleanup failure is exact and bounded before send-start authority" recorded an issue at HerdrPiWorkflowRuntimeTests.swift:3233:11: Expectation failed: expected error ".runtimeFailure("CREDENTIAL_CLEANUP_FAILED")" of type HerdrPiWorkflowError, but ".effectAdmissionClosed" of type RolloutAuthorityError was thrown instead
✘ Test "credential cleanup failure is exact and bounded before send-start authority" failed after 0.398 seconds with 1 issue.
◇ Test "historical replacement retires only architecture and publishes exact q4" started.
✘ Test "historical replacement retires only architecture and publishes exact q4" recorded an issue at HerdrPiWorkflowRuntimeTests.swift:3253:4: Caught error: .effectAdmissionClosed
✘ Test "historical replacement retires only architecture and publishes exact q4" failed after 0.508 seconds with 1 issue.
◇ Test "historical replacement ambiguity is terminal and cannot replay" started.
✘ Test "historical replacement ambiguity is terminal and cannot replay" recorded an issue at HerdrPiWorkflowRuntimeTests.swift:3536:11: Expectation failed: expected error of type ReplacementCheckpointFailure, but ".effectAdmissionClosed" of type RolloutAuthorityError was thrown instead
✘ Test "historical replacement ambiguity is terminal and cannot replay" recorded an issue at HerdrPiWorkflowRuntimeTests.swift:3540:5: Expectation failed: (operations.map { $0.split(separator: ":", maxSplits: 1).first.map(String.init) ?? "" } → []) == ["close", "split", "send_text", "send_keys"]
± removed ["close", "split", "send_text", "send_keys"]
✘ Test "historical replacement ambiguity is terminal and cannot replay" recorded an issue at HerdrPiWorkflowRuntimeTests.swift:3544:5: Expectation failed: (probe.snapshot() → []) == ([.beforeSendStartQ4Revalidation]
        + replacementFinalAuthorityCheckpoints
        + [
          .sendStarted, .beforeRemoteEffectQ4Revalidation, .predecessorShutdownRequested,
          .predecessorExited, .predecessorPaneClosed, .replacementLaunched,
        ] → [JidokaCodeCore.HerdrRoleHostReplacementCheckpoint.beforeSendStartQ4Revalidation, JidokaCodeCore.HerdrRoleHostReplacementCheckpoint.finalPausedStateValidated, JidokaCodeCore.HerdrRoleHostReplacementCheckpoint.finalCanaryAuthorityValidated, JidokaCodeCore.HerdrRoleHostReplacementCheckpoint.finalSocketPeerValidated, JidokaCodeCore.HerdrRoleHostReplacementCheckpoint.finalResourceEvidenceValidated, JidokaCodeCore.HerdrRoleHostReplacementCheckpoint.finalStalePaneValidated, JidokaCodeCore.HerdrRoleHostReplacementCheckpoint.finalPredecessorValidated, JidokaCodeCore.HerdrRoleHostReplacementCheckpoint.finalPreservedHostsValidated, JidokaCodeCore.HerdrRoleHostReplacementCheckpoint.finalQ4PlanValidated, JidokaCodeCore.HerdrRoleHostReplacementCheckpoint.finalCredentialProjectionValidated, JidokaCodeCore.HerdrRoleHostReplacementCheckpoint.sendStarted, JidokaCodeCore.HerdrRoleHostReplacementCheckpoint.beforeRemoteEffectQ4Revalidation, JidokaCodeCore.HerdrRoleHostReplacementCheckpoint.predecessorShutdownRequested, JidokaCodeCore.HerdrRoleHostReplacementCheckpoint.predecessorExited, JidokaCodeCore.HerdrRoleHostReplacementCheckpoint.predecessorPaneClosed, JidokaCodeCore.HerdrRoleHostReplacementCheckpoint.replacementLaunched])
± removed [JidokaCodeCore.HerdrRoleHostReplacementCheckpoint.beforeSendStartQ4Revalidation, JidokaCodeCore.HerdrRoleHostReplacementCheckpoint.finalPausedStateValidated, JidokaCodeCore.HerdrRoleHostReplacementCheckpoint.finalCanaryAuthorityValidated, JidokaCodeCore.HerdrRoleHostReplacementCheckpoint.finalSocketPeerValidated, JidokaCodeCore.HerdrRoleHostReplacementCheckpoint.finalResourceEvidenceValidated, JidokaCodeCore.HerdrRoleHostReplacementCheckpoint.finalStalePaneValidated, JidokaCodeCore.HerdrRoleHostReplacementCheckpoint.finalPredecessorValidated, JidokaCodeCore.HerdrRoleHostReplacementCheckpoint.finalPreservedHostsValidated, JidokaCodeCore.HerdrRoleHostReplacementCheckpoint.finalQ4PlanValidated, JidokaCodeCore.HerdrRoleHostReplacementCheckpoint.finalCredentialProjectionValidated, JidokaCodeCore.HerdrRoleHostReplacementCheckpoint.sendStarted, JidokaCodeCore.HerdrRoleHostReplacementCheckpoint.beforeRemoteEffectQ4Revalidation, JidokaCodeCore.HerdrRoleHostReplacementCheckpoint.predecessorShutdownRequested, JidokaCodeCore.HerdrRoleHostReplacementCheckpoint.predecessorExited, JidokaCodeCore.HerdrRoleHostReplacementCheckpoint.predecessorPaneClosed, JidokaCodeCore.HerdrRoleHostReplacementCheckpoint.replacementLaunched]
✘ Test "historical replacement ambiguity is terminal and cannot replay" recorded an issue at HerdrPiWorkflowRuntimeTests.swift:3553:5: Expectation failed: try await fixture.database.scalarText(
        "SELECT state FROM herdr_topology_intents WHERE kind = 'replaceRoleHost'"
      ) == "unknown"
✘ Test "historical replacement ambiguity is terminal and cannot replay" recorded an issue at HerdrPiWorkflowRuntimeTests.swift:3586:11: Expectation failed: an error was expected but none was thrown
✘ Test "historical replacement ambiguity is terminal and cannot replay" failed after 0.512 seconds with 5 issues.
◇ Test "historical terminal replacement ambiguity preserves isolation after reopen" started.
✘ Test "historical terminal replacement ambiguity preserves isolation after reopen" recorded an issue at HerdrPiWorkflowRuntimeTests.swift:3643:11: Expectation failed: expected error of type ReplacementCheckpointFailure, but ".effectAdmissionClosed" of type RolloutAuthorityError was thrown instead
✘ Test "historical terminal replacement ambiguity preserves isolation after reopen" recorded an issue at HerdrPiWorkflowRuntimeTests.swift:3658:5: Expectation failed: (operationsAfterCrash.map {
        $0.split(separator: ":", maxSplits: 1).first.map(String.init) ?? ""
      } → []) == ["close", "split", "send_text", "send_keys"]
± removed ["close", "split", "send_text", "send_keys"]
✘ Test "historical terminal replacement ambiguity preserves isolation after reopen" recorded an issue at HerdrPiWorkflowRuntimeTests.swift:3663:5: Expectation failed: (intentAfterCrash.count → 0) == 1
✘ Test "historical terminal replacement ambiguity preserves isolation after reopen" recorded an issue at HerdrPiWorkflowRuntimeTests.swift:3664:5: Expectation failed: (intentAfterCrash.first?["state"] → nil) == .text("unknown")
✘ Test "historical terminal replacement ambiguity preserves isolation after reopen" recorded an issue at HerdrPiWorkflowRuntimeTests.swift:3665:5: Expectation failed: (intentAfterCrash.first?["attribution_json"] → nil) == .null
✘ Test "historical terminal replacement ambiguity preserves isolation after reopen" recorded an issue at HerdrPiWorkflowRuntimeTests.swift:3666:5: Expectation failed: (remoteAfterCrash.panes → [JidokaCodeCore.HerdrPaneSnapshot(paneID: "pane-root", terminalID: "terminal-root", workspaceID: "workspace-runtime", tabID: "tab-root", revision: 1, focused: false, agentStatus: JidokaCodeCore.HerdrAgentStatus.idle, cwd: Optional("/var/folders/ch/j0_jqg3x7v9c_lxrqdd1p97m0000gn/T/herdr-production-runtime-0a4b678d-7521-41dc-887b-29720667fac2/app/Repositories/61000000-0000-0000-0000-000000000061"), foregroundCWD: Optional("/var/folders/ch/j0_jqg3x7v9c_lxrqdd1p97m0000gn/T/herdr-production-runtime-0a4b678d-7521-41dc-887b-29720667fac2/app/Repositories/61000000-0000-0000-0000-000000000061"), label: Optional("root"), agent: nil, displayAgent: nil, title: nil, stateLabels: nil, tokens: nil, agentSession: nil), JidokaCodeCore.HerdrPaneSnapshot(paneID: "pane-role-1", terminalID: "terminal-role-1", workspaceID: "workspace-runtime", tabID: "tab-job", revision: 3, focused: false, agentStatus: JidokaCodeCore.HerdrAgentStatus.unknown, cwd: Optional("/var/folders/ch/j0_jqg3x7v9c_lxrqdd1p97m0000gn/T/herdr-production-runtime-0a4b678d-7521-41dc-887b-29720667fac2/app/Workspaces/62000000-0000-0000-0000-000000000062"), foregroundCWD: Optional("/var/folders/ch/j0_jqg3x7v9c_lxrqdd1p97m0000gn/T/herdr-production-runtime-0a4b678d-7521-41dc-887b-29720667fac2/app/Workspaces/62000000-0000-0000-0000-000000000062"), label: Optional("architecture"), agent: nil, displayAgent: nil, title: nil, stateLabels: nil, tokens: Optional(["run_id": "rolehost-0-b78279d4-415d-4d39-9ddb-5fce2392f9c8", "launch_attempt_id": "rolehost-0-b78279d4-415d-4d39-9ddb-5fce2392f9c8", "managed_by": "jidoka"]), agentSession: nil), JidokaCodeCore.HerdrPaneSnapshot(paneID: "pane-role-2", terminalID: "terminal-role-2", workspaceID: "workspace-runtime", tabID: "tab-job", revision: 1, focused: false, agentStatus: JidokaCodeCore.HerdrAgentStatus.idle, cwd: Optional("/var/folders/ch/j0_jqg3x7v9c_lxrqdd1p97m0000gn/T/herdr-production-runtime-0a4b678d-7521-41dc-887b-29720667fac2/app/Workspaces/62000000-0000-0000-0000-000000000062"), foregroundCWD: Optional("/var/folders/ch/j0_jqg3x7v9c_lxrqdd1p97m0000gn/T/herdr-production-runtime-0a4b678d-7521-41dc-887b-29720667fac2/app/Workspaces/62000000-0000-0000-0000-000000000062"), label: Optional("security"), agent: nil, displayAgent: nil, title: nil, stateLabels: nil, tokens: Optional(["run_id": "rolehost-1-34de5d7b-34da-4e51-b6ed-585334f5ca40", "launch_attempt_id": "rolehost-1-34de5d7b-34da-4e51-b6ed-585334f5ca40", "managed_by": "jidoka"]), agentSession: nil), JidokaCodeCore.HerdrPaneSnapshot(paneID: "pane-role-3", terminalID: "terminal-role-3", workspaceID: "workspace-runtime", tabID: "tab-job", revision: 1, focused: false, agentStatus: JidokaCodeCore.HerdrAgentStatus.idle, cwd: Optional("/var/folders/ch/j0_jqg3x7v9c_lxrqdd1p97m0000gn/T/herdr-production-runtime-0a4b678d-7521-41dc-887b-29720667fac2/app/Workspaces/62000000-0000-0000-0000-000000000062"), foregroundCWD: Optional("/var/folders/ch/j0_jqg3x7v9c_lxrqdd1p97m0000gn/T/herdr-production-runtime-0a4b678d-7521-41dc-887b-29720667fac2/app/Workspaces/62000000-0000-0000-0000-000000000062"), label: Optional("test"), agent: nil, displayAgent: nil, title: nil, stateLabels: nil, tokens: Optional(["managed_by": "jidoka", "run_id": "rolehost-2-4cf88243-faa2-4c66-b285-acbdb662f5be", "launch_attempt_id": "rolehost-2-4cf88243-faa2-4c66-b285-acbdb662f5be"]), agentSession: nil), JidokaCodeCore.HerdrPaneSnapshot(paneID: "pane-role-4", terminalID: "terminal-role-4", workspaceID: "workspace-runtime", tabID: "tab-job", revision: 1, focused: false, agentStatus: JidokaCodeCore.HerdrAgentStatus.idle, cwd: Optional("/var/folders/ch/j0_jqg3x7v9c_lxrqdd1p97m0000gn/T/herdr-production-runtime-0a4b678d-7521-41dc-887b-29720667fac2/app/Workspaces/62000000-0000-0000-0000-000000000062"), foregroundCWD: Optional("/var/folders/ch/j0_jqg3x7v9c_lxrqdd1p97m0000gn/T/herdr-production-runtime-0a4b678d-7521-41dc-887b-29720667fac2/app/Workspaces/62000000-0000-0000-0000-000000000062"), label: Optional("synthesis"), agent: nil, displayAgent: nil, title: nil, stateLabels: nil, tokens: Optional(["managed_by": "jidoka", "run_id": "rolehost-3-af440119-66fa-41c8-abe4-cc4befd7a3b4", "launch_attempt_id": "rolehost-3-af440119-66fa-41c8-abe4-cc4befd7a3b4"]), agentSession: nil)]).contains(where: { $0.paneID == "pane-replacement-1" })
✘ Test "historical terminal replacement ambiguity preserves isolation after reopen" recorded an issue at HerdrPiWorkflowRuntimeTests.swift:3667:5: Expectation failed: !((remoteAfterCrash.panes → [JidokaCodeCore.HerdrPaneSnapshot(paneID: "pane-root", terminalID: "terminal-root", workspaceID: "workspace-runtime", tabID: "tab-root", revision: 1, focused: false, agentStatus: JidokaCodeCore.HerdrAgentStatus.idle, cwd: Optional("/var/folders/ch/j0_jqg3x7v9c_lxrqdd1p97m0000gn/T/herdr-production-runtime-0a4b678d-7521-41dc-887b-29720667fac2/app/Repositories/61000000-0000-0000-0000-000000000061"), foregroundCWD: Optional("/var/folders/ch/j0_jqg3x7v9c_lxrqdd1p97m0000gn/T/herdr-production-runtime-0a4b678d-7521-41dc-887b-29720667fac2/app/Repositories/61000000-0000-0000-0000-000000000061"), label: Optional("root"), agent: nil, displayAgent: nil, title: nil, stateLabels: nil, tokens: nil, agentSession: nil), JidokaCodeCore.HerdrPaneSnapshot(paneID: "pane-role-1", terminalID: "terminal-role-1", workspaceID: "workspace-runtime", tabID: "tab-job", revision: 3, focused: false, agentStatus: JidokaCodeCore.HerdrAgentStatus.unknown, cwd: Optional("/var/folders/ch/j0_jqg3x7v9c_lxrqdd1p97m0000gn/T/herdr-production-runtime-0a4b678d-7521-41dc-887b-29720667fac2/app/Workspaces/62000000-0000-0000-0000-000000000062"), foregroundCWD: Optional("/var/folders/ch/j0_jqg3x7v9c_lxrqdd1p97m0000gn/T/herdr-production-runtime-0a4b678d-7521-41dc-887b-29720667fac2/app/Workspaces/62000000-0000-0000-0000-000000000062"), label: Optional("architecture"), agent: nil, displayAgent: nil, title: nil, stateLabels: nil, tokens: Optional(["run_id": "rolehost-0-b78279d4-415d-4d39-9ddb-5fce2392f9c8", "launch_attempt_id": "rolehost-0-b78279d4-415d-4d39-9ddb-5fce2392f9c8", "managed_by": "jidoka"]), agentSession: nil), JidokaCodeCore.HerdrPaneSnapshot(paneID: "pane-role-2", terminalID: "terminal-role-2", workspaceID: "workspace-runtime", tabID: "tab-job", revision: 1, focused: false, agentStatus: JidokaCodeCore.HerdrAgentStatus.idle, cwd: Optional("/var/folders/ch/j0_jqg3x7v9c_lxrqdd1p97m0000gn/T/herdr-production-runtime-0a4b678d-7521-41dc-887b-29720667fac2/app/Workspaces/62000000-0000-0000-0000-000000000062"), foregroundCWD: Optional("/var/folders/ch/j0_jqg3x7v9c_lxrqdd1p97m0000gn/T/herdr-production-runtime-0a4b678d-7521-41dc-887b-29720667fac2/app/Workspaces/62000000-0000-0000-0000-000000000062"), label: Optional("security"), agent: nil, displayAgent: nil, title: nil, stateLabels: nil, tokens: Optional(["run_id": "rolehost-1-34de5d7b-34da-4e51-b6ed-585334f5ca40", "launch_attempt_id": "rolehost-1-34de5d7b-34da-4e51-b6ed-585334f5ca40", "managed_by": "jidoka"]), agentSession: nil), JidokaCodeCore.HerdrPaneSnapshot(paneID: "pane-role-3", terminalID: "terminal-role-3", workspaceID: "workspace-runtime", tabID: "tab-job", revision: 1, focused: false, agentStatus: JidokaCodeCore.HerdrAgentStatus.idle, cwd: Optional("/var/folders/ch/j0_jqg3x7v9c_lxrqdd1p97m0000gn/T/herdr-production-runtime-0a4b678d-7521-41dc-887b-29720667fac2/app/Workspaces/62000000-0000-0000-0000-000000000062"), foregroundCWD: Optional("/var/folders/ch/j0_jqg3x7v9c_lxrqdd1p97m0000gn/T/herdr-production-runtime-0a4b678d-7521-41dc-887b-29720667fac2/app/Workspaces/62000000-0000-0000-0000-000000000062"), label: Optional("test"), agent: nil, displayAgent: nil, title: nil, stateLabels: nil, tokens: Optional(["managed_by": "jidoka", "run_id": "rolehost-2-4cf88243-faa2-4c66-b285-acbdb662f5be", "launch_attempt_id": "rolehost-2-4cf88243-faa2-4c66-b285-acbdb662f5be"]), agentSession: nil), JidokaCodeCore.HerdrPaneSnapshot(paneID: "pane-role-4", terminalID: "terminal-role-4", workspaceID: "workspace-runtime", tabID: "tab-job", revision: 1, focused: false, agentStatus: JidokaCodeCore.HerdrAgentStatus.idle, cwd: Optional("/var/folders/ch/j0_jqg3x7v9c_lxrqdd1p97m0000gn/T/herdr-production-runtime-0a4b678d-7521-41dc-887b-29720667fac2/app/Workspaces/62000000-0000-0000-0000-000000000062"), foregroundCWD: Optional("/var/folders/ch/j0_jqg3x7v9c_lxrqdd1p97m0000gn/T/herdr-production-runtime-0a4b678d-7521-41dc-887b-29720667fac2/app/Workspaces/62000000-0000-0000-0000-000000000062"), label: Optional("synthesis"), agent: nil, displayAgent: nil, title: nil, stateLabels: nil, tokens: Optional(["managed_by": "jidoka", "run_id": "rolehost-3-af440119-66fa-41c8-abe4-cc4befd7a3b4", "launch_attempt_id": "rolehost-3-af440119-66fa-41c8-abe4-cc4befd7a3b4"]), agentSession: nil)]).contains(where: {
        $0.terminalID == incident.predecessor.terminalID
      }) → true)
✘ Test "historical terminal replacement ambiguity preserves isolation after reopen" recorded an issue at HerdrPiWorkflowRuntimeTests.swift:3609:4: Caught error: .canaryRecoveryRequired
✘ Test "historical terminal replacement ambiguity preserves isolation after reopen" failed after 0.480 seconds with 8 issues.
◇ Test "historical replacement reconstructs prepared q4 after restart without replay authority" started.
✘ Test "historical replacement reconstructs prepared q4 after restart without replay authority" recorded an issue at HerdrPiWorkflowRuntimeTests.swift:3765:11: Expectation failed: expected error of type ReplacementCheckpointFailure, but ".effectAdmissionClosed" of type RolloutAuthorityError was thrown instead
✘ Test "historical replacement reconstructs prepared q4 after restart without replay authority" recorded an issue at HerdrPiWorkflowRuntimeTests.swift:3770:5: Expectation failed: (cutoverProbe.snapshot().last → nil) == .cutoverCommitted
✘ Test "historical replacement reconstructs prepared q4 after restart without replay authority" recorded an issue at HerdrPiWorkflowRuntimeTests.swift:3774:5: Expectation failed: (prepared.state → .failed) == .prepared
✘ Test "historical replacement reconstructs prepared q4 after restart without replay authority" recorded an issue at HerdrPiWorkflowRuntimeTests.swift:3775:5: Expectation failed: (prepared.queueSequence → 3) == 4
✘ Test "historical replacement reconstructs prepared q4 after restart without replay authority" recorded an issue at HerdrPiWorkflowRuntimeTests.swift:3743:4: Caught error: .unsafeRunDirectory
✘ Test "historical replacement reconstructs prepared q4 after restart without replay authority" failed after 0.394 seconds with 5 issues.
◇ Test "historical replacement close and reopen preserves prepared and enqueued q4" started.
◇ Test case passing 1 argument state → .prepared to "historical replacement close and reopen preserves prepared and enqueued q4" started.
✘ Test "historical replacement close and reopen preserves prepared and enqueued q4" recorded an issue with 1 argument state → .prepared at HerdrPiWorkflowRuntimeTests.swift:4609:11: Expectation failed: expected error of type ReplacementCheckpointFailure, but ".effectAdmissionClosed" of type RolloutAuthorityError was thrown instead
✘ Test "historical replacement close and reopen preserves prepared and enqueued q4" recorded an issue with 1 argument state → .prepared at HerdrPiWorkflowRuntimeTests.swift:4616:5: Expectation failed: (q4.state → .failed) == (state.launchState → .prepared)
✘ Test "historical replacement close and reopen preserves prepared and enqueued q4" recorded an issue with 1 argument state → .prepared at HerdrPiWorkflowRuntimeTests.swift:3896:5: Expectation failed: (launchesBefore.count → 3) == 4
✘ Test "historical replacement close and reopen preserves prepared and enqueued q4" recorded an issue with 1 argument state → .prepared at HerdrPiWorkflowRuntimeTests.swift:3902:5: Expectation failed: (q4.queueSequence → 3) == 4
✘ Test "historical replacement close and reopen preserves prepared and enqueued q4" recorded an issue with 1 argument state → .prepared at HerdrPiWorkflowRuntimeTests.swift:3903:5: Expectation failed: (q4.state → .failed) == (state.launchState → .prepared)
✘ Test "historical replacement close and reopen preserves prepared and enqueued q4" recorded an issue with 1 argument state → .prepared at HerdrPiWorkflowRuntimeTests.swift:3904:5: Expectation failed: (q4.executionRoleHostID → nil) == (incident.request.plannedReplacementRoleHostID → "rolehost-11111111-1111-4111-8111-111111111111")
✘ Test "historical replacement close and reopen preserves prepared and enqueued q4" recorded an issue with 1 argument state → .prepared at HerdrPiWorkflowRuntimeTests.swift:3905:5: Expectation failed: (replacementsBefore.count → 0) == 1
✘ Test "historical replacement close and reopen preserves prepared and enqueued q4" recorded an issue with 1 argument state → .prepared at HerdrPiWorkflowRuntimeTests.swift:3906:5: Expectation failed: (hostsBefore.first(where: { $0.id == incident.predecessor.id })?.state → .waiting) == .stopped
✘ Test "historical replacement close and reopen preserves prepared and enqueued q4" recorded an issue with 1 argument state → .prepared at HerdrPiWorkflowRuntimeTests.swift:3855:4: Caught error: .canaryRecoveryRequired
◇ Test case passing 1 argument state → .enqueuedMissingCommand to "historical replacement close and reopen preserves prepared and enqueued q4" started.
✘ Test "historical replacement close and reopen preserves prepared and enqueued q4" recorded an issue with 1 argument state → .enqueuedMissingCommand at HerdrPiWorkflowRuntimeTests.swift:4609:11: Expectation failed: expected error of type ReplacementCheckpointFailure, but ".effectAdmissionClosed" of type RolloutAuthorityError was thrown instead
✘ Test "historical replacement close and reopen preserves prepared and enqueued q4" recorded an issue with 1 argument state → .enqueuedMissingCommand at HerdrPiWorkflowRuntimeTests.swift:4616:5: Expectation failed: (q4.state → .failed) == (state.launchState → .enqueued)
✘ Test "historical replacement close and reopen preserves prepared and enqueued q4" recorded an issue with 1 argument state → .enqueuedMissingCommand at HerdrPiWorkflowRuntimeTests.swift:4619:7: Expectation failed: (FileManager.default → <NSFileManager: 0x100d19b20>).fileExists(atPath: commandURL.path → "/private/var/folders/ch/j0_jqg3x7v9c_lxrqdd1p97m0000gn/T/herdr-production-runtime-e5372ac4-8d90-42fe-b5c6-08a403bb4e4b/app/HerdrRuntime/Descriptors/rolehost-11111111-1111-4111-8111-111111111111/command-00000004.json")
✘ Test "historical replacement close and reopen preserves prepared and enqueued q4" recorded an issue with 1 argument state → .enqueuedMissingCommand at HerdrPiWorkflowRuntimeTests.swift:3855:4: Caught error: Error Domain=NSCocoaErrorDomain Code=4 "“command-00000004.json” couldn’t be removed." UserInfo={NSUserStringVariant=(
    Remove
), NSFilePath=/private/var/folders/ch/j0_jqg3x7v9c_lxrqdd1p97m0000gn/T/herdr-production-runtime-e5372ac4-8d90-42fe-b5c6-08a403bb4e4b/app/HerdrRuntime/Descriptors/rolehost-11111111-1111-4111-8111-111111111111/command-00000004.json, NSURL=file:///private/var/folders/ch/j0_jqg3x7v9c_lxrqdd1p97m0000gn/T/herdr-production-runtime-e5372ac4-8d90-42fe-b5c6-08a403bb4e4b/app/HerdrRuntime/Descriptors/rolehost-11111111-1111-4111-8111-111111111111/command-00000004.json, NSUnderlyingError=0x74a5da8030 {Error Domain=NSPOSIXErrorDomain Code=2 "No such file or directory"}}
✘ Test "historical replacement close and reopen preserves prepared and enqueued q4" with 2 test cases failed after 0.936 seconds with 13 issues.
◇ Test "historical replacement known pre-effect failure is durable and has no replay authority" started.
✘ Test "historical replacement known pre-effect failure is durable and has no replay authority" recorded an issue at HerdrPiWorkflowRuntimeTests.swift:4027:11: Expectation failed: expected error of type ReplacementIntentStoreFailure, but ".effectAdmissionClosed" of type RolloutAuthorityError was thrown instead
✘ Test "historical replacement known pre-effect failure is durable and has no replay authority" recorded an issue at HerdrPiWorkflowRuntimeTests.swift:4037:28: Expectation failed: (failedIntentRows → []).first → nil → nil
✘ Test "historical replacement known pre-effect failure is durable and has no replay authority" failed after 0.413 seconds with 2 issues.
◇ Test "historical replacement sent intent becomes unknown once after reopen" started.
✘ Test "historical replacement sent intent becomes unknown once after reopen" recorded an issue at HerdrPiWorkflowRuntimeTests.swift:4131:11: Expectation failed: expected error ".resultDivergent" of type HerdrPiWorkflowError, but ".effectAdmissionClosed" of type RolloutAuthorityError was thrown instead
✘ Test "historical replacement sent intent becomes unknown once after reopen" recorded an issue at HerdrPiWorkflowRuntimeTests.swift:4137:5: Expectation failed: (checkpoint.snapshot() → []) == ([.beforeSendStartQ4Revalidation]
        + replacementFinalAuthorityCheckpoints
        + [.sendStarted] → [JidokaCodeCore.HerdrRoleHostReplacementCheckpoint.beforeSendStartQ4Revalidation, JidokaCodeCore.HerdrRoleHostReplacementCheckpoint.finalPausedStateValidated, JidokaCodeCore.HerdrRoleHostReplacementCheckpoint.finalCanaryAuthorityValidated, JidokaCodeCore.HerdrRoleHostReplacementCheckpoint.finalSocketPeerValidated, JidokaCodeCore.HerdrRoleHostReplacementCheckpoint.finalResourceEvidenceValidated, JidokaCodeCore.HerdrRoleHostReplacementCheckpoint.finalStalePaneValidated, JidokaCodeCore.HerdrRoleHostReplacementCheckpoint.finalPredecessorValidated, JidokaCodeCore.HerdrRoleHostReplacementCheckpoint.finalPreservedHostsValidated, JidokaCodeCore.HerdrRoleHostReplacementCheckpoint.finalQ4PlanValidated, JidokaCodeCore.HerdrRoleHostReplacementCheckpoint.finalCredentialProjectionValidated, JidokaCodeCore.HerdrRoleHostReplacementCheckpoint.sendStarted])
± removed [JidokaCodeCore.HerdrRoleHostReplacementCheckpoint.beforeSendStartQ4Revalidation, JidokaCodeCore.HerdrRoleHostReplacementCheckpoint.finalPausedStateValidated, JidokaCodeCore.HerdrRoleHostReplacementCheckpoint.finalCanaryAuthorityValidated, JidokaCodeCore.HerdrRoleHostReplacementCheckpoint.finalSocketPeerValidated, JidokaCodeCore.HerdrRoleHostReplacementCheckpoint.finalResourceEvidenceValidated, JidokaCodeCore.HerdrRoleHostReplacementCheckpoint.finalStalePaneValidated, JidokaCodeCore.HerdrRoleHostReplacementCheckpoint.finalPredecessorValidated, JidokaCodeCore.HerdrRoleHostReplacementCheckpoint.finalPreservedHostsValidated, JidokaCodeCore.HerdrRoleHostReplacementCheckpoint.finalQ4PlanValidated, JidokaCodeCore.HerdrRoleHostReplacementCheckpoint.finalCredentialProjectionValidated, JidokaCodeCore.HerdrRoleHostReplacementCheckpoint.sendStarted]
✘ Test "historical replacement sent intent becomes unknown once after reopen" recorded an issue at HerdrPiWorkflowRuntimeTests.swift:4143:5: Expectation failed: try await fixture.database.scalarText(
        "SELECT state FROM herdr_topology_intents WHERE kind = 'replaceRoleHost'"
      ) == "sendStarted"
✘ Test "historical replacement sent intent becomes unknown once after reopen" recorded an issue at HerdrPiWorkflowRuntimeTests.swift:4160:5: Expectation failed: (unknownIntent.count → 0) == 1
✘ Test "historical replacement sent intent becomes unknown once after reopen" recorded an issue at HerdrPiWorkflowRuntimeTests.swift:4161:5: Expectation failed: try await reopened.database.scalarText(
        "SELECT state FROM herdr_topology_intents WHERE kind = 'replaceRoleHost'"
      ) == "unknown"
✘ Test "historical replacement sent intent becomes unknown once after reopen" recorded an issue at HerdrPiWorkflowRuntimeTests.swift:4101:4: Caught error: .canaryRecoveryRequired
✘ Test "historical replacement sent intent becomes unknown once after reopen" failed after 0.548 seconds with 6 issues.
◇ Test "production reload keeps paused replacement recovery dispatch closed" started.
✘ Test "production reload keeps paused replacement recovery dispatch closed" recorded an issue at HerdrPiWorkflowRuntimeTests.swift:4609:11: Expectation failed: expected error of type ReplacementCheckpointFailure, but ".effectAdmissionClosed" of type RolloutAuthorityError was thrown instead
✘ Test "production reload keeps paused replacement recovery dispatch closed" recorded an issue at HerdrPiWorkflowRuntimeTests.swift:4616:5: Expectation failed: (q4.state → .failed) == (state.launchState → .prepared)
✘ Test "production reload keeps paused replacement recovery dispatch closed" recorded an issue at HerdrPiWorkflowRuntimeTests.swift:4209:4: Caught error: .canaryRecoveryRequired
✘ Test "production reload keeps paused replacement recovery dispatch closed" failed after 0.495 seconds with 3 issues.
◇ Test "exact paused canary startup leaves every unrelated durable row unchanged" started.
✔ Test "exact paused canary startup leaves every unrelated durable row unchanged" passed after 0.079 seconds.
◇ Test "production reload skips startup execution while paused" started.
✔ Test "production reload skips startup execution while paused" passed after 0.043 seconds.
✘ Suite "Production Herdr Pi workflow runtime" failed after 73.213 seconds with 164 issues.
✘ Test run with 46 tests in 2 suites failed after 73.213 seconds with 164 issues.

Exit status: 1
UTC end: 2026-09-05T13:41:17Z
