UTC start: 2026-09-05T08:12:54Z
Command: make check
test "$(PATH=/nonexistent /bin/bash ./scripts/qualified-runtime-node.sh)" = "/private/tmp/jidoka-code-progressive-production-automation/build/runtime-input/qualified-runtime/node/bin/node"
[0/1] Planning build
Building for production...
[0/2] Write swift-version--58304C5D6DBC2206.txt
[1/3] Write sources
[3/4] Compiling JidokaCodeCore EngineProtocol.swift
/private/tmp/jidoka-code-progressive-production-automation/Sources/JidokaCodeCore/Keychain/GitHubTokenStore.swift:319:32: warning: 'SecKeychainItemGetTypeID()' was deprecated in macOS 10.10: SecKeychain is deprecated [#DeprecatedDeclaration]
317 |     case errSecSuccess:
318 |       guard let result,
319 |         CFGetTypeID(result) == SecKeychainItemGetTypeID()
    |                                `- warning: 'SecKeychainItemGetTypeID()' was deprecated in macOS 10.10: SecKeychain is deprecated [#DeprecatedDeclaration]
320 |       else {
321 |         throw GitHubTokenStoreError.inconsistentMutation

/private/tmp/jidoka-code-progressive-production-automation/Sources/JidokaCodeCore/Keychain/GitHubTokenStore.swift:333:11: warning: 'SecKeychainItemCopyAccess' was deprecated in macOS 10.10: SecKeychain is deprecated [#DeprecatedDeclaration]
331 |   private func access(for item: SecKeychainItem) throws -> SecAccess {
332 |     var access: SecAccess?
333 |     guard SecKeychainItemCopyAccess(item, &access) == errSecSuccess,
    |           `- warning: 'SecKeychainItemCopyAccess' was deprecated in macOS 10.10: SecKeychain is deprecated [#DeprecatedDeclaration]
334 |       let access
335 |     else {

/private/tmp/jidoka-code-progressive-production-automation/Sources/JidokaCodeCore/Keychain/GitHubTokenStore.swift:625:9: warning: 'SecTrustedApplicationCreateFromPath' was deprecated in macOS 10.10: SecKeychain is deprecated [#DeprecatedDeclaration]
623 |       var application: SecTrustedApplication?
624 |       let status = path.withCString {
625 |         SecTrustedApplicationCreateFromPath($0, &application)
    |         `- warning: 'SecTrustedApplicationCreateFromPath' was deprecated in macOS 10.10: SecKeychain is deprecated [#DeprecatedDeclaration]
626 |       }
627 |       guard status == errSecSuccess, let application else {

/private/tmp/jidoka-code-progressive-production-automation/Sources/JidokaCodeCore/Keychain/GitHubTokenStore.swift:633:18: warning: 'SecAccessCreate' was deprecated in macOS 10.10: SecKeychain is deprecated [#DeprecatedDeclaration]
631 |     }
632 |     var access: SecAccess?
633 |     let status = SecAccessCreate(
    |                  `- warning: 'SecAccessCreate' was deprecated in macOS 10.10: SecKeychain is deprecated [#DeprecatedDeclaration]
634 |       descriptor as CFString,
635 |       trustedApplications as CFArray,

/private/tmp/jidoka-code-progressive-production-automation/Sources/JidokaCodeCore/Keychain/GitHubTokenStore.swift:706:7: warning: 'SecAccessCopyOwnerAndACL' was deprecated in macOS 10.10: SecKeychain is deprecated [#DeprecatedDeclaration]
704 |     var ownerType = SecAccessOwnerType()
705 |     guard
706 |       SecAccessCopyOwnerAndACL(
    |       `- warning: 'SecAccessCopyOwnerAndACL' was deprecated in macOS 10.10: SecKeychain is deprecated [#DeprecatedDeclaration]
707 |         access,
708 |         &userID,

/private/tmp/jidoka-code-progressive-production-automation/Sources/JidokaCodeCore/Keychain/GitHubTokenStore.swift:717:11: warning: 'SecAccessCopyACLList' was deprecated in macOS 10.10: SecKeychain is deprecated [#DeprecatedDeclaration]
715 |     }
716 |     var list: CFArray?
717 |     guard SecAccessCopyACLList(access, &list) == errSecSuccess,
    |           `- warning: 'SecAccessCopyACLList' was deprecated in macOS 10.10: SecKeychain is deprecated [#DeprecatedDeclaration]
718 |       let entries = list as? [SecACL],
719 |       (1...32).contains(entries.count)

/private/tmp/jidoka-code-progressive-production-automation/Sources/JidokaCodeCore/Keychain/GitHubTokenStore.swift:727:30: warning: 'SecACLCopyAuthorizations' was deprecated in macOS 10.10: SecKeychain is deprecated [#DeprecatedDeclaration]
725 |     for entry in entries {
726 |       guard
727 |         let authorizations = SecACLCopyAuthorizations(entry) as? [String],
    |                              `- warning: 'SecACLCopyAuthorizations' was deprecated in macOS 10.10: SecKeychain is deprecated [#DeprecatedDeclaration]
728 |         (1...32).contains(authorizations.count)
729 |       else {

/private/tmp/jidoka-code-progressive-production-automation/Sources/JidokaCodeCore/Keychain/GitHubTokenStore.swift:736:9: warning: 'SecACLCopyContents' was deprecated in macOS 10.10: SecKeychain is deprecated [#DeprecatedDeclaration]
734 |       var prompt = SecKeychainPromptSelector()
735 |       guard
736 |         SecACLCopyContents(
    |         `- warning: 'SecACLCopyContents' was deprecated in macOS 10.10: SecKeychain is deprecated [#DeprecatedDeclaration]
737 |           entry,
738 |           &applicationList,

/private/tmp/jidoka-code-progressive-production-automation/Sources/JidokaCodeCore/Keychain/GitHubTokenStore.swift:754:17: warning: 'SecTrustedApplicationCopyData' was deprecated in macOS 10.10: SecKeychain is deprecated [#DeprecatedDeclaration]
752 |         for application in applications {
753 |           var value: CFData?
754 |           guard SecTrustedApplicationCopyData(application, &value) == errSecSuccess,
    |                 `- warning: 'SecTrustedApplicationCopyData' was deprecated in macOS 10.10: SecKeychain is deprecated [#DeprecatedDeclaration]
755 |             let value,
756 |             (value as Data).count <= 16_384

[#DeprecatedDeclaration]: <https://docs.swift.org/compiler/documentation/diagnostics/deprecated-declaration>
[4/5] Compiling JidokaCodeAppSupport AppViewModel.swift
[5/6] Compiling JidokaCodeApp ApplicationComposition.swift
[5/7] Write Objects.LinkFileList
[6/7] Linking JidokaCodeApp
Build of product 'JidokaCodeApp' complete! (64.25s)
Building for production...
[0/2] Write swift-version--58304C5D6DBC2206.txt
[2/4] Compiling JidokaCodeBoundedCommand main.swift
[2/4] Write Objects.LinkFileList
[3/4] Linking JidokaCodeBoundedCommand
Build of product 'JidokaCodeBoundedCommand' complete! (1.11s)
./scripts/verify-toolchain.sh
toolchain=ok xcode=26.6 build=17F113 sdk=26.5 swift=6.3.3 swift-format=6.3.0
shellcheck scripts/verify-toolchain.sh scripts/qualified-runtime-node.sh scripts/tests/fixtures/pi-rpc-process.sh scripts/package-app.sh scripts/package-installer.sh scripts/production-readiness-preflight.sh scripts/progressive-production-rollout-preflight.sh scripts/build-location-probe-packages.sh scripts/audit-location-probe-packages.sh scripts/tests/test-production-readiness-preflight.sh scripts/tests/test-progressive-production-rollout-preflight.sh scripts/tests/test-progressive-production-automation.sh scripts/tests/test-location-probe-packaging.sh scripts/spikes/test-s1-package.sh scripts/spikes/test-s2-lifecycle.sh scripts/spikes/test-s3-keychain.sh scripts/spikes/test-s4-pi.sh scripts/spikes/test-s5-s7-local.sh scripts/spikes/test-s8-workflows.sh scripts/spikes/test-s9-topology.sh scripts/spikes/test-s10-ui.sh scripts/spikes/test-s11-herdr.sh scripts/spikes/test-s12-pi-tui.sh
./scripts/tests/test-production-readiness-preflight.sh
/private/var/folders/ch/j0_jqg3x7v9c_lxrqdd1p97m0000gn/T/jidoka-preflight-test.wUQhdK/fixture/parents/Library/Application Support/JidokaProbe/Applications/Probe.app/Contents/Helpers/ProbeEngine: replacing existing signature
/private/var/folders/ch/j0_jqg3x7v9c_lxrqdd1p97m0000gn/T/jidoka-preflight-test.wUQhdK/fixture/parents/Library/Application Support/JidokaProbe/Applications/Probe.app/Contents/MacOS/Probe Main: replacing existing signature
/private/var/folders/ch/j0_jqg3x7v9c_lxrqdd1p97m0000gn/T/jidoka-preflight-test.wUQhdK/fixture/parents/Library/Application Support/JidokaProbe/Applications/Probe.app: replacing existing signature
/private/var/folders/ch/j0_jqg3x7v9c_lxrqdd1p97m0000gn/T/jidoka-preflight-test.wUQhdK/fixture/parents/Library/Application Support/JidokaProbe/Applications/Probe.app/Contents/Helpers/ProbeEngine: replacing existing signature
/private/var/folders/ch/j0_jqg3x7v9c_lxrqdd1p97m0000gn/T/jidoka-preflight-test.wUQhdK/fixture/parents/Library/Application Support/JidokaProbe/Applications/Probe.app: replacing existing signature
test-production-readiness-preflight passed
/private/tmp/jidoka-code-progressive-production-automation/build/runtime-input/qualified-runtime/node/bin/node --check scripts/generate-progressive-production-release.mjs
/private/tmp/jidoka-code-progressive-production-automation/build/runtime-input/qualified-runtime/node/bin/node --check scripts/tests/validate-progressive-rollout-expected.mjs
./scripts/tests/test-progressive-production-rollout-preflight.sh
progressive-production-rollout-preflight tests: PASS credentialReads=0 providerCalls=0 githubMutations=0 gitRemoteReads=0
./scripts/tests/test-location-probe-packaging.sh
test-location-probe-packaging passed
/usr/bin/perl -c scripts/run-bounded-command.pl
scripts/run-bounded-command.pl syntax OK
/usr/bin/plutil -lint Packaging/app-component.plist
Packaging/app-component.plist: OK
/usr/bin/plutil -convert xml1 -o /dev/null Resources/Herdr/runtime-builds.json
test "$(/usr/bin/plutil -extract protocol raw Resources/Herdr/api-schema-0.8.2.json)" = "20"
test "$(/usr/bin/shasum -a 256 Resources/Herdr/api-schema-0.8.2.json | /usr/bin/awk '{print $1}')" = "c48f1f54ee0150ca27e11fd44455fe94aeadb20fdf4e4a62393ed822a4e5b150"
/private/tmp/jidoka-code-progressive-production-automation/build/runtime-input/qualified-runtime/node/bin/node --check scripts/tests/test-herdr-schema-compatibility.mjs
/private/tmp/jidoka-code-progressive-production-automation/build/runtime-input/qualified-runtime/node/bin/node scripts/tests/test-herdr-schema-compatibility.mjs
Herdr 0.8.2 used-contract compatibility tests: PASS
/private/tmp/jidoka-code-progressive-production-automation/build/runtime-input/qualified-runtime/node/bin/node --check scripts/spikes/herdr-s11-fixture.mjs
/private/tmp/jidoka-code-progressive-production-automation/build/runtime-input/qualified-runtime/node/bin/node --check scripts/spikes/herdr-s12-fixture.mjs
/private/tmp/jidoka-code-progressive-production-automation/build/runtime-input/qualified-runtime/node/bin/node --check scripts/spikes/pi-tui-fixture-provider.ts
/private/tmp/jidoka-code-progressive-production-automation/build/runtime-input/qualified-runtime/node/bin/node --check scripts/spikes/jidoka-local-spikes.mjs
/private/tmp/jidoka-code-progressive-production-automation/build/runtime-input/qualified-runtime/node/bin/node --check scripts/tests/test-local-spike-runtime-attestation.mjs
/private/tmp/jidoka-code-progressive-production-automation/build/runtime-input/qualified-runtime/node/bin/node scripts/tests/test-local-spike-runtime-attestation.mjs
Local spike runtime attestation tests: PASS
/private/tmp/jidoka-code-progressive-production-automation/build/runtime-input/qualified-runtime/node/bin/node --check scripts/spikes/pi-keychain-denial-probe.mjs
/private/tmp/jidoka-code-progressive-production-automation/build/runtime-input/qualified-runtime/node/bin/node --check scripts/spikes/pi-provider-gate-probe.mjs
/private/tmp/jidoka-code-progressive-production-automation/build/runtime-input/qualified-runtime/node/bin/node --check scripts/spikes/pi-runtime-attestation.mjs
/private/tmp/jidoka-code-progressive-production-automation/build/runtime-input/qualified-runtime/node/bin/node --check scripts/tests/test-pi-runtime-attestation.mjs
/private/tmp/jidoka-code-progressive-production-automation/build/runtime-input/qualified-runtime/node/bin/node scripts/tests/test-pi-runtime-attestation.mjs
Pi runtime attestation tests: PASS
/private/tmp/jidoka-code-progressive-production-automation/build/runtime-input/qualified-runtime/node/bin/node --check scripts/tests/test-jidoka-extension-contract.mjs
/private/tmp/jidoka-code-progressive-production-automation/build/runtime-input/qualified-runtime/node/bin/node scripts/tests/test-jidoka-extension-contract.mjs
Jidoka extension contract tests: PASS
/private/tmp/jidoka-code-progressive-production-automation/build/runtime-input/qualified-runtime/node/bin/node --check scripts/tests/test-jidoka-extension-rpc.mjs
/private/tmp/jidoka-code-progressive-production-automation/build/runtime-input/qualified-runtime/node/bin/node scripts/tests/test-jidoka-extension-rpc.mjs
Jidoka extension RPC preflight: PASS, providerCalls=0
/private/tmp/jidoka-code-progressive-production-automation/build/runtime-input/qualified-runtime/node/bin/node --check scripts/tests/test-jidoka-tui-contract.mjs
/private/tmp/jidoka-code-progressive-production-automation/build/runtime-input/qualified-runtime/node/bin/node scripts/tests/test-jidoka-tui-contract.mjs
✔ strict private configuration pins prompt and runtime identity (2.665458ms)
✔ terminal result is create-only, canonical, and idempotent (13.270125ms)
✔ complete prepared result recovers, partial staging is ignored, and partial prepared fails closed (27.268916ms)
✔ boundaryless resume requires an existing exact same-run session proof (23.295875ms)
✔ resume requires a causally paired successful terminal tool result (0.58175ms)
✔ cross-run resume requires an exact settled terminal boundary (0.725583ms)
✔ planning and orchestration writer rounds resume after the exact prior boundary (1.096375ms)
✔ runtime failure is create-only and bound to the logical run (10.779833ms)
✔ acknowledgement binds run identity and result digest (52.82075ms)
✔ symlinked configuration is rejected (0.729625ms)
ℹ tests 10
ℹ suites 0
ℹ pass 10
ℹ fail 0
ℹ cancelled 0
ℹ skipped 0
ℹ todo 0
ℹ duration_ms 136.033875
/private/tmp/jidoka-code-progressive-production-automation/build/runtime-input/qualified-runtime/node/bin/node --check scripts/spikes/pi-rpc-profile-probe.mjs
/private/tmp/jidoka-code-progressive-production-automation/build/runtime-input/qualified-runtime/node/bin/node --check scripts/spikes/pi-rpc-workflow-probe.mjs
/private/tmp/jidoka-code-progressive-production-automation/build/runtime-input/qualified-runtime/node/bin/node --check Resources/Pi/extensions/jidoka-code.ts
/private/tmp/jidoka-code-progressive-production-automation/build/runtime-input/qualified-runtime/node/bin/node --check Resources/Pi/extensions/jidoka-deny-user-bash.js
/private/tmp/jidoka-code-progressive-production-automation/build/runtime-input/qualified-runtime/node/bin/node --check Resources/Pi/extensions/jidoka-runtime.ts
/private/tmp/jidoka-code-progressive-production-automation/build/runtime-input/qualified-runtime/node/bin/node --check Resources/Pi/extensions/jidoka-tui-runtime.ts
/private/tmp/jidoka-code-progressive-production-automation/build/runtime-input/qualified-runtime/node/bin/node --check Resources/Pi/runtime/jidoka-extension-contract.mjs
/private/tmp/jidoka-code-progressive-production-automation/build/runtime-input/qualified-runtime/node/bin/node --check Resources/Pi/runtime/jidoka-model-catalog.mjs
/private/tmp/jidoka-code-progressive-production-automation/build/runtime-input/qualified-runtime/node/bin/node --check Resources/Pi/runtime/jidoka-tui-contract.mjs
xcrun swift-format lint --recursive --strict Sources Tests
xcrun swift build --configuration debug
[0/1] Planning build
Building for debugging...
[0/21] Write swift-version--58304C5D6DBC2206.txt
Build complete! (0.22s)
xcrun swift build --configuration release
[0/1] Planning build
Building for production...
[0/12] Write sources
[1/12] Write swift-version--58304C5D6DBC2206.txt
[3/13] Compiling JidokaCodeCore EngineProtocol.swift
/private/tmp/jidoka-code-progressive-production-automation/Sources/JidokaCodeCore/Keychain/GitHubTokenStore.swift:319:32: warning: 'SecKeychainItemGetTypeID()' was deprecated in macOS 10.10: SecKeychain is deprecated [#DeprecatedDeclaration]
317 |     case errSecSuccess:
318 |       guard let result,
319 |         CFGetTypeID(result) == SecKeychainItemGetTypeID()
    |                                `- warning: 'SecKeychainItemGetTypeID()' was deprecated in macOS 10.10: SecKeychain is deprecated [#DeprecatedDeclaration]
320 |       else {
321 |         throw GitHubTokenStoreError.inconsistentMutation

/private/tmp/jidoka-code-progressive-production-automation/Sources/JidokaCodeCore/Keychain/GitHubTokenStore.swift:333:11: warning: 'SecKeychainItemCopyAccess' was deprecated in macOS 10.10: SecKeychain is deprecated [#DeprecatedDeclaration]
331 |   private func access(for item: SecKeychainItem) throws -> SecAccess {
332 |     var access: SecAccess?
333 |     guard SecKeychainItemCopyAccess(item, &access) == errSecSuccess,
    |           `- warning: 'SecKeychainItemCopyAccess' was deprecated in macOS 10.10: SecKeychain is deprecated [#DeprecatedDeclaration]
334 |       let access
335 |     else {

/private/tmp/jidoka-code-progressive-production-automation/Sources/JidokaCodeCore/Keychain/GitHubTokenStore.swift:625:9: warning: 'SecTrustedApplicationCreateFromPath' was deprecated in macOS 10.10: SecKeychain is deprecated [#DeprecatedDeclaration]
623 |       var application: SecTrustedApplication?
624 |       let status = path.withCString {
625 |         SecTrustedApplicationCreateFromPath($0, &application)
    |         `- warning: 'SecTrustedApplicationCreateFromPath' was deprecated in macOS 10.10: SecKeychain is deprecated [#DeprecatedDeclaration]
626 |       }
627 |       guard status == errSecSuccess, let application else {

/private/tmp/jidoka-code-progressive-production-automation/Sources/JidokaCodeCore/Keychain/GitHubTokenStore.swift:633:18: warning: 'SecAccessCreate' was deprecated in macOS 10.10: SecKeychain is deprecated [#DeprecatedDeclaration]
631 |     }
632 |     var access: SecAccess?
633 |     let status = SecAccessCreate(
    |                  `- warning: 'SecAccessCreate' was deprecated in macOS 10.10: SecKeychain is deprecated [#DeprecatedDeclaration]
634 |       descriptor as CFString,
635 |       trustedApplications as CFArray,

/private/tmp/jidoka-code-progressive-production-automation/Sources/JidokaCodeCore/Keychain/GitHubTokenStore.swift:706:7: warning: 'SecAccessCopyOwnerAndACL' was deprecated in macOS 10.10: SecKeychain is deprecated [#DeprecatedDeclaration]
704 |     var ownerType = SecAccessOwnerType()
705 |     guard
706 |       SecAccessCopyOwnerAndACL(
    |       `- warning: 'SecAccessCopyOwnerAndACL' was deprecated in macOS 10.10: SecKeychain is deprecated [#DeprecatedDeclaration]
707 |         access,
708 |         &userID,

/private/tmp/jidoka-code-progressive-production-automation/Sources/JidokaCodeCore/Keychain/GitHubTokenStore.swift:717:11: warning: 'SecAccessCopyACLList' was deprecated in macOS 10.10: SecKeychain is deprecated [#DeprecatedDeclaration]
715 |     }
716 |     var list: CFArray?
717 |     guard SecAccessCopyACLList(access, &list) == errSecSuccess,
    |           `- warning: 'SecAccessCopyACLList' was deprecated in macOS 10.10: SecKeychain is deprecated [#DeprecatedDeclaration]
718 |       let entries = list as? [SecACL],
719 |       (1...32).contains(entries.count)

/private/tmp/jidoka-code-progressive-production-automation/Sources/JidokaCodeCore/Keychain/GitHubTokenStore.swift:727:30: warning: 'SecACLCopyAuthorizations' was deprecated in macOS 10.10: SecKeychain is deprecated [#DeprecatedDeclaration]
725 |     for entry in entries {
726 |       guard
727 |         let authorizations = SecACLCopyAuthorizations(entry) as? [String],
    |                              `- warning: 'SecACLCopyAuthorizations' was deprecated in macOS 10.10: SecKeychain is deprecated [#DeprecatedDeclaration]
728 |         (1...32).contains(authorizations.count)
729 |       else {

/private/tmp/jidoka-code-progressive-production-automation/Sources/JidokaCodeCore/Keychain/GitHubTokenStore.swift:736:9: warning: 'SecACLCopyContents' was deprecated in macOS 10.10: SecKeychain is deprecated [#DeprecatedDeclaration]
734 |       var prompt = SecKeychainPromptSelector()
735 |       guard
736 |         SecACLCopyContents(
    |         `- warning: 'SecACLCopyContents' was deprecated in macOS 10.10: SecKeychain is deprecated [#DeprecatedDeclaration]
737 |           entry,
738 |           &applicationList,

/private/tmp/jidoka-code-progressive-production-automation/Sources/JidokaCodeCore/Keychain/GitHubTokenStore.swift:754:17: warning: 'SecTrustedApplicationCopyData' was deprecated in macOS 10.10: SecKeychain is deprecated [#DeprecatedDeclaration]
752 |         for application in applications {
753 |           var value: CFData?
754 |           guard SecTrustedApplicationCopyData(application, &value) == errSecSuccess,
    |                 `- warning: 'SecTrustedApplicationCopyData' was deprecated in macOS 10.10: SecKeychain is deprecated [#DeprecatedDeclaration]
755 |             let value,
756 |             (value as Data).count <= 16_384

[#DeprecatedDeclaration]: <https://docs.swift.org/compiler/documentation/diagnostics/deprecated-declaration>
[4/28] Compiling JidokaCodeAskPass main.swift
[4/29] Write Objects.LinkFileList
[6/29] Compiling JidokaCodeHerdrHost main.swift
[6/29] Write Objects.LinkFileList
[8/29] Compiling JidokaCodePushGuard main.swift
[8/29] Write Objects.LinkFileList
[10/29] Compiling JidokaCodeLocationProbeEngine main.swift
[10/29] Write Objects.LinkFileList
[12/29] Compiling JidokaCodeLocationProbeApp main.swift
[12/29] Write Objects.LinkFileList
[14/29] Compiling JidokaCodeBoundedCommand main.swift
[14/30] Write Objects.LinkFileList
[16/30] Compiling JidokaCodeHerdrFixture main.swift
[16/30] Write Objects.LinkFileList
[18/30] Compiling JidokaCodeEngineProbe JidokaCodeEngineMain.swift
[18/30] Write Objects.LinkFileList
[19/30] Linking JidokaCodeAskPass
[19/30] Linking JidokaCodePushGuard
[21/30] Linking JidokaCodeHerdrHost
[22/30] Linking JidokaCodeLocationProbeEngine
[23/30] Linking JidokaCodeBoundedCommand
[24/30] Linking JidokaCodeLocationProbeApp
[25/30] Linking JidokaCodeHerdrFixture
[26/30] Linking JidokaCodeEngineProbe
[28/30] Compiling JidokaCodeAppSupport AppViewModel.swift
[29/33] Compiling JidokaCodeUIFixture JidokaCodeUIFixtureMain.swift
[29/33] Write Objects.LinkFileList
[31/33] Compiling JidokaCodeApp ApplicationComposition.swift
[31/34] Write Objects.LinkFileList
[32/34] Linking JidokaCodeUIFixture
[33/34] Linking JidokaCodeApp
Build complete! (64.85s)
xcrun swift test
[0/1] Planning build
Building for debugging...
[0/23] Write sources
[1/23] Write swift-version--58304C5D6DBC2206.txt
[3/6] Emitting module JidokaCodeCoreTests
[4/6] Compiling JidokaCodeCoreTests RolloutLeaseAuthorityTests.swift
[5/6] Compiling JidokaCodeCoreTests SQLiteStoreTests.swift
[6/13] Compiling JidokaCodeCoreTests PiRunStoreTests.swift
[7/13] Compiling JidokaCodeCoreTests PiJobWorkflowPreparerTests.swift
[8/13] Compiling JidokaCodeCoreTests VerificationCommandRunnerTests.swift
[9/13] Compiling JidokaCodeCoreTests EngineRedactedLogTests.swift
[10/13] Compiling JidokaCodeCoreTests GitTestSupport.swift
[11/13] Compiling JidokaCodeCoreTests PackagedExecutableSnapshotTests.swift
[12/13] Compiling JidokaCodeCoreTests HerdrPiWorkflowRuntimeTests.swift
/private/tmp/jidoka-code-progressive-production-automation/Tests/JidokaCodeCoreTests/HerdrPiWorkflowRuntimeTests.swift:7119:9: warning: initialization of immutable value 'run' was never used; consider replacing with assignment to '_' or removing it [#no-usage]
7117 |         "SELECT paused FROM app_settings WHERE singleton = 1"
7118 |       ) ?? 0
7119 |     let run = try await withDurableResumeDenialLifted { () async throws -> PiRunRecord in
     |         `- warning: initialization of immutable value 'run' was never used; consider replacing with assignment to '_' or removing it [#no-usage]
7120 |       _ = try await database.execute(
7121 |         "UPDATE app_settings SET paused = 0 WHERE singleton = 1"
[12/14] Write Objects.LinkFileList
[13/14] Linking JidokaCodePackageTests
Build complete! (11.17s)
Test Suite 'All tests' started at 2026-09-05 10:17:03.065.
Test Suite 'JidokaCodePackageTests.xctest' started at 2026-09-05 10:17:03.066.
Test Suite 'XCTestSmokeTests' started at 2026-09-05 10:17:03.066.
Test Case '-[JidokaCodeCoreTests.XCTestSmokeTests testExpectedProductionIdentitiesAreStable]' started.
Test Case '-[JidokaCodeCoreTests.XCTestSmokeTests testExpectedProductionIdentitiesAreStable]' passed (0.002 seconds).
Test Suite 'XCTestSmokeTests' passed at 2026-09-05 10:17:03.068.
	 Executed 1 test, with 0 failures (0 unexpected) in 0.002 (0.002) seconds
Test Suite 'JidokaCodePackageTests.xctest' passed at 2026-09-05 10:17:03.068.
	 Executed 1 test, with 0 failures (0 unexpected) in 0.002 (0.002) seconds
Test Suite 'All tests' passed at 2026-09-05 10:17:03.068.
	 Executed 1 test, with 0 failures (0 unexpected) in 0.002 (0.003) seconds
◇ Test run started.
↳ Testing Library Version: 1902
↳ Target Platform: arm64e-apple-macos14.0
◇ Suite "Fake-first application flow" started.
◇ Suite "Contained artifact store" started.
◇ Suite "Persistent configuration" started.
◇ Suite "Deterministic fake-provider replay for all Pi workflows" started.
◇ Suite "Exact Pi TUI invocation and structured settlement channel" started.
◇ Suite "Workflow label bootstrap" started.
◇ Suite "Durable scheduler" started.
◇ Suite "Bounded credentialless process execution" started.
◇ Test "app support target loads" started.
◇ Suite "Application helper handoff" started.
◇ Suite "Atomic create-only Git publication" started.
◇ Suite "SQLite durable store" started.
◇ Suite "Production Herdr composition contract" started.
◇ Suite "App-managed repository mirrors and workspaces" started.
◇ Suite "Byte-exact GitHub markers" started.
◇ Suite "Durable exact workflow-label mutations" started.
◇ Suite "Deterministic authoritative complexity classifier" started.
◇ Suite "Durable approved command authority" started.
◇ Suite "Pull request review job from exact commits to durable marker" started.
◇ Suite "Rollout release identity attestor" started.
◇ Suite "GitHub discovery with durable terminal evidence" started.
◇ Suite "Production engine external services" started.
◇ Suite "Lifecycle probe contract" started.
◇ Suite "Packaged executable private snapshot" started.
◇ Suite "One-shot Git askpass capability" started.
◇ Suite "Frozen argv-only verification command runner" started.
◇ Suite "Application-only Pi job workflow preparation" started.
◇ Suite "Redacted engine log" started.
◇ Suite "Job-scoped GitHub mutation read-back" started.
◇ Suite "GitHub HTTP classification and broker" started.
◇ Suite "Job-scoped approved command execution" started.
◇ Suite "GitHub token Keychain boundary" started.
◇ Suite "Progressive rollout authority" started.
◇ Suite "End-to-end scheduler job coordinator" started.
◇ Suite "Prepared-before-send GitHub mutation executor" started.
◇ Suite "Scoped Pi provider credential snapshots" started.
◇ Suite "Validated workspace import into app mirror" started.
◇ Suite "Durable multipart GitHub marker publication" started.
◇ Suite "Local spike closed command contract" started.
◇ Suite "Closed GitHub REST request inventory" started.
◇ Suite "Rollout Git preview reads" started.
◇ Suite "Repository lease rollout authority" started.
◇ Suite "Broker-localized Git submodules" started.
◇ Suite "Operation-specific GitHub read-back observations" started.
◇ Suite "Application engine service" started.
◇ Suite "Durable mutation reconciliation" started.
◇ Suite "Issue triage job from snapshot to durable verdict" started.
◇ Suite "Packaged Pi resource tree snapshot" started.
◇ Suite "Production Pi model catalog integration" started.
◇ Suite "Workflow probe closed command contract" started.
◇ Suite "Strict Pi RPC JSONL and terminal result contract" started.
◇ Suite "Digest-attested Pi and Node runtime resolver" started.
◇ Suite "Persistent exact Herdr role host" started.
◇ Suite "Packaged resource private snapshot" started.
◇ Suite "Durable Pi and Herdr ownership store" started.
◇ Suite "Single UI instance lock" started.
◇ Suite "Attested external Herdr readiness" started.
◇ Suite "Independent fetched pull request commit derivation" started.
◇ Suite "Issue implementation job from exact claim to post-open review" started.
◇ Suite "Pi model catalog discovery boundary" started.
◇ Suite "Versioned application engine protocol" started.
◇ Suite "Production implementation orchestration rails" started.
◇ Suite "Production Pi RPC workflow adapter" started.
◇ Suite "Herdr protocol and explicit socket boundary" started.
◇ Suite "Durable jobs, dispositions, leases, and recovery" started.
◇ Suite "Bounded full-duplex Pi RPC process runner" started.
◇ Suite "Pi probe closed command contract" started.
◇ Suite "Historical canary effect denial" started.
◇ Suite "Packaged preflight" started.
◇ Suite "Pi model catalog" started.
◇ Suite "Issue and base revision" started.
◇ Suite "Keychain isolation contract" started.
◇ Suite "Herdr prepared topology and exact recovery" started.
◇ Suite "Herdr exact host and custom lifecycle relay" started.
◇ Suite "Production Herdr Pi workflow runtime" started.
◇ Suite "Engine XPC peer validation" started.
◇ Suite "Durable frozen command plan snapshots" started.
◇ Suite "Rollout remote preview revalidation" started.
◇ Suite "Job runtime and recovery state machines" started.
◇ Suite "App-versioned Pi workflow resources and runtime configuration" started.
◇ Suite "Crash-safe approved command executor" started.
◇ Suite "Durable pull request create publication" started.
◇ Suite "Repository store interruption recovery" started.
◇ Suite "Location probe protocol" started.
◇ Suite "Pi workflow routers preserve role, session, command, and safety boundaries" started.
◇ Suite "Atomic Git push old-zero guard" started.
◇ Test "onboarding requires every gate and clears secret input" started.
◇ Test "ambiguous UI emits only late recheck or exact authorization" started.
◇ Test "invalid credential error is actionable and redacted" started.
◇ Test "W8 settings migrate from W6 and credential replacement metadata is durable" started.
◇ Test "settings lazily refreshes once and preserves Custom drafts across catalog changes" started.
◇ Test "exclusive-write collision preserves the unowned existing file" started.
◇ Test "secret-classified and oversized payloads are rejected before write" started.
◇ Test "durable quit waits for an in-flight refresh" started.
◇ Test "mutated artifact fails digest verification" started.
◇ Test "creates only missing labels and preserves matching labels on every rerun" started.
◇ Test "planning and orchestration resumes bind the prior settled session boundary" started.
◇ Test "symlink and persisted traversal paths fail closed" started.
◇ Test "menu stop and drain suppresses poll but durable quit still checkpoints" started.
◇ Test "result acknowledgement and release bind the exact digest and run identity" started.
◇ Test "locked settings admit only exact Pi-owned persisted version and terminal theme shapes" started.
◇ Test "repository toggles, model profiles, and app settings survive reopen" started.
◇ Test "repository and branch validation fail closed" started.
◇ Test "accessibility identifiers and user-facing errors are stable and secret-free" started.
◇ Test "session identity origin and boundary match the exact launch configuration" started.
◇ Test "configuration pins private prompt, model, session, and directories" started.
◇ Test "write and read persist typed digest evidence with strict permissions" started.
◇ Test "repository parser accepts GitHub URL and owner/repository only" started.
◇ Test "TUI environment adds only its private configuration capability" started.
◇ Test "polling reports one deterministic blocker for every dispatch gate" started.
◇ Test "TUI argv omits RPC mode and prompt while preserving exact resource order" started.
◇ Test "concurrent publication for one repository ref is rejected before a second create" started.
◇ Test "configuration schema and API reject credential-shaped values" started.
◇ Test "race injection preserves the competing ref and never retries automatically" started.
◇ Test "golden delta-only transcripts decode all four strict result schemas" started.
◇ Test "durable publisher denial leaves a prepared intent and performs no Git send" started.
◇ Test "durable publisher records send epoch and recovers unknown sends read-only" started.
◇ Test "replay executor consumes each exact workflow-role-round fixture once" started.
◇ Test "system Git publishes old-zero create, reads exact SHA, and never overwrites" started.
◇ Test "mismatched and divergent settlement files fail closed" started.
◇ Test "unstructured output, extension error, missing settled, and multiple result fail" started.
◇ Test "unknown schema fields and hard-risk flags cannot pass decoder strictness" started.
◇ Test "a schema-10 database stamped by an unshipped migration body fails closed" started.
◇ Test "canary CLI accepts only exact bounded commands" started.
◇ Test "max concurrency is bounded and drives durable lease admission" started.
◇ Test "registration failure reopens bootstrap and returns a redacted code" started.
◇ Test "priority order is locked while starvation is observation-only" started.
◇ Test "a cold agent missing from BTM can quit durably before any snapshot" started.
◇ Test "every workflow role preserves the W5 model, resource, skill, tool, and command contract" started.
◇ Test "resume pins the exact existing session without another prompt argument" started.
◇ Test "credential deletion rechecks background access before the next helper request" started.
◇ Test "an unregistered agent missing from BTM uses bootstrap and can quit durably" started.
◇ Test "invalid job and database failure leave no newly written file" started.
◇ Test "a sleeping run loop wakes for an immediate trigger" started.
◇ Test "explicit WAL checkpoint is durable and closed stores reject it" started.
◇ Test "a ref created before advertisement cannot be fast-forwarded" started.
◇ Test "a due pass that drops to readback-only reconciles and then pauses" started.
◇ Test "requires approval remains on the bootstrap control plane without starting jobs" started.
◇ Test "the production retry policy tolerates a slow helper and pins its exact bound" started.
◇ Test "every post-send outcome reconciles without a blind second create" started.
◇ Test "an authority that cannot answer denies the due pass instead of running it" started.
◇ Test "rollout admission selects active, readback-only, denied, and error paths" started.
◇ Test "explicit backup is consistent and closed stores fail closed" started.
◇ Test "pause drops pending triggers and resume schedules one immediate pass" started.
◇ Test "ambiguous helper startup failure preserves registered recovery authority" started.
◇ Test "catalog model identifiers with slashes remain exact Pi arguments" started.
◇ Test "disabling login checkpoints the helper before unregistering" started.
◇ Test "TUI capability roots reject allow ACLs and accept deny-only ACLs" started.
◇ Test "first onboarding checkpoints bootstrap before registration and helper handoff" started.
◇ Test "repository backoff persists 60 through 1800 seconds and resets" started.
◇ Test "production schema upgrades through architecture role-host replacement authority" started.
◇ Test "applied migrations record their body digest and reopen idempotently" started.
◇ Test "an enabled helper verifies the credential ACL once per UI process" started.
◇ Test "production activation notification identity is exact" started.
◇ Test "two mutating commands remain fail-closed" started.
◇ Test "immediate triggers are bounded and overlapping passes coalesce once" started.
◇ Test "production schema 8 to 9 rolls back after every exact migration statement" started.
◇ Test "branch traversal, malformed SHA, and missing commit fail before a send" started.
◇ Test "settings updates repositories, Pi catalog profiles, concurrency, login, and credential" started.
◇ Test "startup coordinator persists recovery before scheduling discovery" started.
◇ Test "injected virtual clock drives startup, periodic, wake, and network triggers" started.
◇ Test "empty database migrates with required pragmas and permissions" started.
◇ Test "failed migration rolls back schema and migration version" started.
◇ Test "terminal replacement replay is denied before marker or launch admission" started.
◇ Test "symbolic-link database and parent paths fail closed" started.
◇ Test "missing, duplicate, reordered, mutated, and wrong-author parts fail" started.
◇ Test "canary CLI keeps the pane-inspection preview on the bounded long timeout" started.
◇ Test "application XPC and CLI JSON preserve every typed replacement outcome" started.
◇ Test "multipart preserves UTF-8 boundaries, hostile HTML, and marker-like payload" started.
◇ Test "foreign keys and append-only triggers reject invalid writes" started.
◇ Test "every application termination path shares one durable checkpoint gate" started.
◇ Test "initial runtime reload emits only closed diagnostic phases" started.
✔ Test "app support target loads" passed after 0.002 seconds.
◇ Test "operator retirement cleans only an exact clean evidence-bound workspace" started.
◇ Test "typed transaction commits once and rolls back on error" started.
◇ Test "all 13 actual production seams preserve one real release identity" started.
◇ Test "a successful credential replacement avoids a second ACL prompt during handoff" started.
◇ Test "helper startup does not retry a typed non-availability failure" started.
◇ Test "unsafe roots, branches, collisions, and missing jobs fail closed" started.
◇ Test "packaging verifies staged input before copy and creates inventory privately" started.
◇ Test "packaged diagnostics stay inside one bounded process-group supervisor" started.
◇ Test "retirement cleanup remains provider-independent without runtime components" started.
◇ Test "a database this binary refuses as too new is never written to" started.
◇ Test "canonical bytes lock line endings, final LF, and digest" started.
◇ Test "historical attributed intents cannot authorize a changed current label set" started.
◇ Test "a notification checkpoint completes before synchronous termination" started.
◇ Test "topology changes require an explicit durable checkpoint receipt" started.
◇ Test "symlink executables and working directories fail closed" started.
◇ Test "unknown composite label send with no effect remains safely retryable" started.
◇ Test "deterministic fuzz preserves every canonical payload byte" started.
◇ Test "production schema 9 to 10 rolls back after every exact migration statement" started.
◇ Test "maintenance CLI accepts only closed evidence-bound commands" started.
◇ Test "periodic tick is exactly 600 seconds" started.
◇ Test "a failed notification checkpoint resolves a concurrent AppKit quit" started.
◇ Test "a changed expected workflow-label subset blocks before every send" started.
◇ Test "an interactive command waits for the active automatic snapshot" started.
◇ Test "generation rollover CLI accepts only canonical two-phase authority" started.
◇ Test "irreversible upgrade creates a readable pre-migration backup" started.
◇ Test "production schema upgrades to rollout authority without manufacturing authority" started.
◇ Test "ordinary release compilation excludes diagnostic and ad hoc runtime authority" started.
◇ Test "external Pi closure drift cannot satisfy the release-owned production contract" started.
◇ Test "incomplete bootstrap never attempts registration" started.
◇ Test "every hard risk is human-owned and approval cannot bypass it" started.
◇ Test "unknown, missing evidence, or reporter disagreement is at least complex" started.
◇ Test "external lookup spy has a clean-machine throwing negative control" started.
◇ Test "55000 and 55001 byte boundaries follow the locked split algorithm" started.
◇ Test "lost response after a verified first operation resumes the attributed prefix" started.
◇ Test "started commands become irreversible unknown and a new generation cannot bypass them" started.
◇ Test "a writer cannot downgrade reviewer facts or synthesis severity" started.
◇ Test "five workstreams and every design trigger are complex" started.
◇ Test "two through four bounded workstreams are moderate" started.
◇ Test "production replacement boundary returns every typed outcome and closes authority" started.
◇ Test "logical slot collisions and durable pause fail before start" started.
◇ Test "reopen resumes an attributed prefix and a prepared unsent suffix" started.
◇ Test "claim transition sends each operation once and reentry only reads" started.
◇ Test "oversized logical documents fail before multipart allocation" started.
◇ Test "only a full persisted expectation attributes marker comments" started.
◇ Test "all production Pi workflows share Herdr and recovery precedes job recovery" started.
◇ Test "production endpoint and attestation resources cannot come from process input" started.
◇ Test "decision digest binds classification, facts, reporters, reasons, and evidence" started.
◇ Test "pause closure waits for admitted commands and rejects later starts" started.
◇ Test "observed session-escaping descendants are identity-cleaned with exact leader status" started.
◇ Test "REST and fetched Git commit divergence stops before review or publication" started.
◇ Test "command prefix ordering requires accepted evidence" started.
◇ Test "one fully evidenced localized workstream is simple" started.
◇ Test "post-registration control-plane failure checkpoints before rollback" started.
◇ Test "reopen advances a durably completed review without rerunning Pi" started.
◇ Test "a fresh coordinator stops an interrupted production review for explicit recovery" started.
◇ Test "topology recovery bypasses a stale attempt review-selection event exactly once" started.
◇ Test "supplemental source routing names all finite production boundaries" started.
◇ Test "same-second PID reuse cannot bind an original process group" started.
◇ Test "timeout removes an observed session escape by PID and microsecond start time" started.
◇ Test "inspection failures are normalized to fail-closed rollout drift" started.
◇ Test "a stale never-started attempt is superseded before a new start grant" started.
◇ Test "credential deletion converges after Keychain mutation and process reopen" started.
◇ Test "real local Git, review routing, multipart-safe publication, and cleanup complete once" started.
◇ Test "prepare start result and replay are immutable and idempotent" started.
◇ Test "the durable schema rejects a partial credential replacement journal" started.
◇ Test "startup completes old-account cleanup after the metadata commit boundary" started.
◇ Test "authorized retry attributes the old generation if it becomes visible before resend" started.
◇ Test "packaged release identity must match every executable and resource binding" started.
◇ Test "credentialless environment has exact locked boundaries" started.
◇ Test "XPC request and response validate exact identity" started.
◇ Test "same-account recovery does not mistake the old token for a completed rotation" started.
◇ Test "authorized retry uses a fresh mutation generation after an ambiguous marker send" started.
◇ Test "installer publishes only the validated copied and expanded payload" started.
◇ Test "packaged probe resolves resources when launchd supplies a basename argv zero" started.
◇ Test "unknown service status fails closed" started.
◇ Test "arbitrary lifecycle arguments are rejected" started.
◇ Test "PR discovery rejects drafts and terminal evidence but accepts a new head SHA" started.
◇ Test "topology gate keeps each passing candidate" started.
◇ Test "mirror, exact PR ref, local-origin workspace, and cleanup are durable" started.
◇ Test "descriptor-bound source becomes an exact private executable snapshot" started.
◇ Test "all 13 actual production seams deny release drift before effect" started.
◇ Test "an existing divergent digest path is never overwritten" started.
◇ Test "credential ACL migration failure never reaches the helper" started.
◇ Test "missing, duplicate, and invalid reporter inputs fail closed" started.
◇ Test "issue discovery excludes PR entries and every workflow label" started.
◇ Test "a source path swap during signature validation fails closed" started.
◇ Test "rollout preview budgets account for the identity request and page" started.
◇ Test "a late exact marker is read-only attributed and recovered without another send" started.
◇ Test "reconciliation is the first launch event" started.
◇ Test "unknown ids, changed definitions, forbidden shapes, and cwd escape fail closed" started.
◇ Test "Git commands reject gitdir indirection, core worktree overrides, and alternates" started.
◇ Test "an exact final file from a pre-chmod crash resumes to executable mode" started.
◇ Test "private destination must independently satisfy the signature policy" started.
◇ Test "packaging and source gates use the native microsecond-identity supervisor" started.
◇ Test "signature rejection occurs before a private snapshot is created" started.
◇ Test "old-token cleanup converges before an immediate retry and after reopen" started.
◇ Test "Git read and stage disable repository hooks and optional read locks" started.
◇ Test "Git reads accept only exact operation-specific options" started.
◇ Test "repository script keeps metacharacters as data and locks source digest" started.
◇ Test "frozen plan digest binds artifact, plan bytes, classifier, and command order" started.
◇ Test "prepared and staging crash artifacts recover to one exact snapshot" started.
◇ Test "log accepts only closed event fields and rotates private files" started.
◇ Test "wrong-identity and unordered responses are rejected" started.
◇ Test "historical records without a phase remain decodable" started.
◇ Test "service generation arguments are exact" started.
◇ Test "human-owned planning decisions can never become executable plans" started.
◇ Test "signature cleanup never unlinks a swapped destination inode" started.
◇ Test "direct client completes 100 unique ordered round trips" started.
◇ Test "duplicate add race resolves through one atomic update" started.
◇ Test "implementation discovery requires exact ready or approved label states" started.
◇ Test "invalid account and payload fail before backend access" started.
◇ Test "packaged access policy trusts only the UI bundle and engine helper" started.
◇ Test "unsafe directory and filename fail closed" started.
◇ Test "artifact, model profile, prior results, and write scope become bounded prompt data" started.
◇ Test "review roles get no write paths and use the review profile" started.
◇ Test "activation rejects a confirmed digest that differs from canonical preview bytes" started.
◇ Test "startup recovery transforms only the bound rollout job before explicit continuation" started.
◇ Test "topology gate blocks when every candidate fails" started.
◇ Test "direct request identity is validated" started.
◇ Test "a Keychain success followed by an error is completed from the durable journal" started.
◇ Test "runner reports timeout and bounded output as failed evidence" started.
◇ Test "execution activation cannot invent a job beyond the planning checkpoint" started.
◇ Test "a rollout job cannot settle an unreserved mutation effect" started.
◇ Test "service lifetime handles cancellation before entering its wait" started.
◇ Test "background ACL migration is idempotent and verifies persisted access" started.
◇ Test "claim marker and exact workflow labels reconcile as one attributable effect" started.
◇ Test "definition digest frames argument and environment domains independently" started.
◇ Test "an exact transient failure closes the lane instead of retrying" started.
◇ Test "a failure before the Keychain write rolls the journal back to the old account" started.
◇ Test "preview is read-only and exact activation is atomic" started.
◇ Test "provider admission binds artifact, narrative, resources, and model profile" started.
◇ Test "execution start is not misreported as a completed stage" started.
◇ Test "service lifetime suspends without blocking the main executor" started.
◇ Test "exact execution evaluates only its bound waiting-human job" started.
◇ Test "timeout and output bounds terminate the whole process group" started.
◇ Test "canonical preview rejects unknown fields and changed bytes" started.
◇ Test "expiry closes and terminalizes the lane before any fresh effect" started.
◇ Test "planning authority cannot cross the durable simple-plan boundary" started.
◇ Test "first finite window admits only its closed future predicate and uses operational expiry" started.
◇ Test "database lease triggers reject an unbound quarantined generated review" started.
◇ Test "confirmed recovery resumes only the same exact job after every effect settles" started.
◇ Test "issue marker revision and label sends are bound to the live planning step" started.
◇ Test "the same durable provider run reuses one permit without consuming another slot" started.
◇ Test "GitHub reads require the matching task-local scope and settle exactly once" started.
◇ Test "closed lifecycle arguments parse" started.
◇ Test "stable service and account support atomic create then replace" started.
◇ Test "stop enters draining before durable pause and terminalizes only after drain" started.
◇ Test "normal Git commit runs approved hooks and unsafe local config blocks execution" started.
◇ Test "generated review activation cannot invent an unlinked child job" started.
◇ Test "an exact interrupted provider boundary requires explicit recovery" started.
◇ Test "marker cap failure rolls back the complete reservation batch" started.
◇ Test "an exact intentional terminal result settles and pauses its stage" started.
◇ Test "reconciliation dispatch runs before any new discovery read" started.
◇ Test "definitive denial escalates while timeout remains read-back only" started.
◇ Test "direct canary runs exactly one leased job and never walks the queue" started.
◇ Test "Pi transport interruption is classified as unknown writer state, never blind retry" started.
◇ Test "terminal historical evidence does not block a later drain" started.
◇ Test "a settled local provider result reconciles only its bound reservation" started.
◇ Test "status and transport failures have operation-specific outcomes" started.
◇ Test "credential preflight failure leaves the durable intent provably unsent" started.
◇ Test "effect reservations consume a finite cap and remain immutable" started.
◇ Test "activation rejects a canonical preview at its exact expiry boundary" started.
◇ Test "W0: repository flag drift leaves an already queued job inert" started.
◇ Test "restart reattaches only pre-boundary orphan reservations after exact recovery" started.
◇ Test "stale approval checkpoints into a separately authorized planning step" started.
◇ Test "intent is sendStarted before transport and a repeated create never sends again" started.
◇ Test "argv stays discrete and output is captured without a shell" started.
◇ Test "concurrent reservations cannot overrun the provider cap" started.
◇ Test "transient workflow failure enters durable backoff instead of terminal block" started.
◇ Test "the first real scheduler pass recovers an interrupted leased job before discovery" started.
◇ Test "canary marker gate is inert normally and exact while active" started.
◇ Test "paused legacy passes promote exactly-due and overdue retries but not future deadlines" started.
◇ Test "branch, ancestry, tree, changed files, hooks, and exact SHA gate import" started.
◇ Test "one unexpired OAuth provider is projected and securely removed" started.
◇ Test "durable pause atomically rejects discovery creation and new leases" started.
◇ Test "finite activation requires a same-stage exact receipt" started.
◇ Test "authorized retry reads the old marker generation before resend" started.
◇ Test "a response-lost partial multipart create reconciles and escalates without another send" started.
◇ Test "operation mismatches and invalid attempts fail before remote reads" started.
◇ Test "canary authorizes the whole marker batch before part one" started.
◇ Test "revocation denies fresh effects but preserves exact uncertain-effect readback" started.
◇ Test "service status values are stable" started.
◇ Test "W0: pause suppresses unbound recovery as well as discovery" started.
◇ Test "activation rejects every stale preview digest" started.
◇ Test "closed local spike commands parse" started.
◇ Test "a generation-1 job stays gated even where no lane was ever opened" started.
◇ Test "all parts are prepared, sent once, reconstructed, and attributed" started.
◇ Test "every allowed operation has an exact method, host, and operation id" started.
◇ Test "discovery failure persists repository backoff without terminal skip" started.
◇ Test "router command IDs execute only in the bound workspace" started.
◇ Test "preview fetches only the exact base and pull-request head under a finite permit" started.
◇ Test "closing read admission after reservation prevents Git transport" started.
◇ Test "brokered credential is host-bound, one-shot, and absent from disk and environment" started.
◇ Test "changed-file parser rejects malformed UTF-8" started.
◇ Test "an open lane rejects an unbound generation-0 lease on its own repository" started.
◇ Test "send permits are task-bound, single-use transport capabilities" started.
◇ Test "transferring a live lease to the bound job stays gated during drain or recovery" started.
◇ Test "a missing lease still reports a typed error rather than a raw SQLite abort" started.
◇ Test "a paused or draining lane still refuses fresh admission" started.
◇ Test "reactivating a released lease is admission and stays gated while a lane is open" started.
◇ Test "an open lane on one repository never gates another repository" started.
◇ Test "a live lease's identity changes are checked as admission" started.
◇ Test "nested inventories stop before any recursive network invocation" started.
◇ Test "preview rejects duplicate labels and lists larger than their budgets" started.
◇ Test "the insert and update gates share the active-row condition and an identical tail" started.
◇ Test "recovery that needs a guarded rerun preserves the current step in backoff" started.
◇ Test "a symbolic ancestor cannot redirect submodule materialization" started.
◇ Test "untrusted path, query, and payload values fail closed" started.
◇ Test "PR and branch read-back reject duplicate or divergent remote state" started.
◇ Test "comment read-back requires all exact marker parts and author identity" started.
◇ Test "the upsert lease shape is gated exactly like the plain statements" started.
◇ Test "delayed visibility attributes exact effects without any second send" started.
◇ Test "workflow labels compare the full workflow subset" started.
◇ Test "system reconciliation sleeper rejects invalid durations" started.
◇ Test "local mirror override materializes without contacting the declared URL" started.
◇ Test "inventory is strict and rejects network shapes outside canonical GitHub HTTPS" started.
◇ Test "W0: onboarding completion remains paused without rollout authority" started.
◇ Test "unknown startup failure cannot expand private data into the real log" started.
◇ Test "every closed authorization state releases the gate for ordinary jobs" started.
◇ Test "an empty authorization table leaves ordinary generation-0 leases admissible" started.
◇ Test "W0: an unscoped pass cannot dispatch two serial queued jobs" started.
◇ Test "a lease the open lane does not bind stops being a continuation" started.
◇ Test "typed startup failure preserves its phase and non-fallback error code" started.
◇ Test "generation rollover service keeps phases paused exclusive and checkpointed" started.
◇ Test "arbitrary local spike commands fail closed" started.
◇ Test "one pass dispatches only the exact bound workflow and leaves other jobs queued" started.
◇ Test "startup sweep finishes cleanup stranded by a terminal crash boundary" started.
◇ Test "query and body allowlists are exact" started.
◇ Test "marker, exact verdict label, domain labels, disposition, and cleanup complete once" started.
◇ Test "onboarding persists exact prerequisites and never persists token bytes" started.
◇ Test "startup recovery advances each durably completed triage step exactly once" started.
◇ Test "nested intermediate rename and symlink substitution fails closed" started.
◇ Test "missing mirror escalates before any Git subprocess" started.
◇ Test "job maintenance requires pause exact evidence checkpoint and cleanup" started.
◇ Test "request digest, operation mapping, and read/write separation fail closed" started.
◇ Test "Herdr readiness closes dispatch and focus remains an explicit command" started.
◇ Test "human input changed during triage discards stale output and reruns before mutation" started.
◇ Test "configuration drift fails and pauses the active lane before another effect" started.
◇ Test "late marker after a stale-input rerun uses the paired latest issue revision" started.
◇ Test "operation-specific policy never retries an unknown non-idempotent create" started.
◇ Test "retirement cleanup failure replays committed authority before checkpoint" started.
◇ Test "quit waits for the runtime checkpoint and returns durable evidence" started.
◇ Test "six crash windows across every operation have one conservative outcome" started.
◇ Test "an unavailable real log sink cannot change startup authority" started.
◇ Test "unsafe and divergent private destinations are preserved and rejected" started.
◇ Test "source swaps symlinks hard links and manifest drift fail closed" started.
◇ Test "a generation-1 job stays gated after its own lane has closed" started.
◇ Test "label bootstrap distinguishes absent, exact, and semantic conflict" started.
◇ Test "successful startup records its complete ordered tail" started.
◇ Test "arbitrary workflow commands fail closed" started.
◇ Test "readiness regained on wake rebuilds runtime before requesting a pass" started.
◇ Test "divergent crash artifacts are preserved and rejected" started.
◇ Test "canary service remains paused and binds preview execute and checkpoint" started.
◇ Test "wake and network regain forward only lifecycle scheduler reasons" started.
◇ Test "replacement service checkpoints every typed terminal outcome with balanced exclusivity" started.
◇ Test "ambiguous retry requires byte-exact current evidence" started.
◇ Test "production catalog construction is release-owned and has no private runtime fallback" started.
◇ Test "owned partial staging and prepared crash artifacts recover exactly" started.
◇ Test "consent withdrawal and profile changes durably close dispatch" started.
◇ Test "closed workflow commands parse" started.
◇ Test "model catalog refresh is explicit, informational, and fail-closed" started.
◇ Test "reopen collects and settles every uncertain multipart intent" started.
◇ Test "terminal evidence is causally ordered after prompt acceptance" started.
◇ Test "input invalidation crash recovers to triage without a false completed mutation" started.
◇ Test "prepared-before-send, send epoch, and terminal evidence persist across reopen" started.
◇ Test "workflow and TUI resources become one exact private tree" started.
◇ Test "Node executable must match an exact packaged digest" started.
◇ Test "mandatory agent, turn, user, and assistant lifecycle cannot be omitted or reordered" started.
◇ Test "fresh stores and workflow recover a completed triage step after SQLite reopen" started.
◇ Test "range membership never authorizes an unattested Pi build" started.
◇ Test "database failures are attributed before and after runtime reload" started.
◇ Test "a nonterminal tool result closes its turn before the next assistant message" started.
◇ Test "one changed critical runtime byte fails closed" started.
◇ Test "release-owned mutation matrix fails with typed authority errors" started.
◇ Test "malformed compatibility policy produces an actionable packaged-app failure" started.
◇ Test "release manifest and runtime mutations fail closed" started.
◇ Test "a shared launcher digest can attest distinct Node closures" started.
◇ Test "Node dependency closure rejects missing and additional policy entries" started.
◇ Test "release signing mode binds distinct exact Node CodeDirectories" started.
◇ Test "empty, oversized, malformed, and unterminated records fail closed" started.
◇ Test "authorized triage retry attributes a newly visible old marker before resend" started.
◇ Test "LF framing preserves Unicode separators and accepts one trailing CR" started.
◇ Test "production rejects detached and user-renamable application runtime paths" started.
◇ Test "round-trip bounds fail closed" started.
◇ Test "Pi package rejects writable roots and hard-linked imported files" started.
◇ Test "Node rpath resolution rejects an earlier unpinned shadow library" started.
◇ Test "one changed Node dynamic-library byte fails closed" started.
◇ Test "pause and drain stop admission but never a held lease's heartbeat" started.
◇ Test "private runtime snapshot removes unsafe source ancestors from reopen authority" started.
◇ Test "artifact mismatch and ambiguous profiles fail before launch preparation" started.
◇ Test "release manifest rejects non-canonical and unknown fields" started.
◇ Test "generation rollover bootstrap binds lineage and starts only at q4" started.
◇ Test "tool lifecycle rejects unauthorized, orphaned, and mismatched calls" started.
◇ Test "external closure drift cannot become release-owned production authority" started.
◇ Test "replacement descriptor starts at q4 and rejects every predecessor sequence" started.
◇ Test "release signature evidence is exact and fail closed" started.
◇ Test "one changed executable package byte outside the critical subset fails closed" started.
◇ Test "bootstrap and queue records reject mutation and wrong host identity" started.
◇ Test "one complete Node build cannot ambiguously attest two version labels" started.
◇ Test "process absence distinguishes matching replacement and missing identities" started.
◇ Test "prepared crash state recovers without overwriting divergent final data" started.
◇ Test "one role host executes a contiguous create-only command queue" started.
◇ Test "production app and Node requirements are exact Apple-anchored Jidoka identities" started.
◇ Test "correlated accepted prompt plus one settled result is the only success" started.
◇ Test "Node rejects writable executables and hard-linked dynamic libraries" started.
◇ Test "containment pause remains idempotent and generic resume is denied" started.
◇ Test "descriptor-pinned inspection rejects root, path, vnode, and read races" started.
◇ Test "an attested internal relative Pi link is accepted" started.
◇ Test "source symlinks, hard links, and path swaps fail closed" started.
◇ Test "Finder-style symlinks resolve to exact attested Pi and Node builds" started.
◇ Test "unknown create absent after the full visibility window escalates" started.
◇ Test "an existing non-private destination ancestor is rejected" started.
◇ Test "state and command inventory require exact model and provenance" started.
◇ Test "release package and runtime root replacement fail before final authority" started.
◇ Test "one attributed agent authority commits q4 once and q5 remains impossible" started.
◇ Test "absolute Pi shebang binds the exact canonical Node executable" started.
◇ Test "an exact script under a group-writable ancestor becomes one private snapshot" started.
◇ Test "later attested Node builds resolve through the stable candidate" started.
◇ Test "a queue gap fails before any child execution" started.
◇ Test "replacement durable state rejects a forged well-formed authorization digest" started.
◇ Test "replacement SQL rejects every global ordinary lifecycle collision" started.
◇ Test "a failed Pi command is immutable and a later authorized command can run" started.
◇ Test "paused topology intents require the exact open canary authority" started.
◇ Test "ordinary physical identity updates never alias a replacement host" started.
◇ Test "production team mismatch rejects before strict nested signature validation" started.
◇ Test "Darwin allow ACLs cannot authorize runtime source or snapshot mutation" started.
◇ Test "critical runtime symbolic links are rejected even with matching bytes" started.
◇ Test "replacement attribution denies every one-field q4 backing digest drift" started.
◇ Test "replacement lifecycle, sequence, identity, and q5 mutations fail closed" started.
◇ Test "semantic versions reject prefixes, prereleases, and leading zeroes" started.
◇ Test "single-host activation rejects every replacement physical identity" started.
◇ Test "symbolic links and permissive directories fail closed" started.
◇ Test "replacement q4 SQL requires the exact preview-bound descriptor digest" started.
◇ Test "replacement terminal outcomes reconstruct after close and reopen without replay" started.
◇ Test "a digest mismatch creates no private catalog directory" started.
◇ Test "replacement service balances exclusivity when production runtime throws" started.
◇ Test "topology intent timestamps are transition-bound while replays remain exact" started.
◇ Test "bindings are exact and append-only events reject mutation" started.
◇ Test "ordinary raw DML rejects every replacement lifecycle collision" started.
◇ Test "replacement lifecycle permits every declared edge with one durable sequence" started.
◇ Test "multiple or out-of-plan terminal command results fail closed" started.
◇ Test "exclusive maximum and lower versions are rejected before digest acceptance" started.
◇ Test "noncolliding ordinary and replacement hosts remain valid controls" started.
◇ Test "commit-count and aggregate wall-clock budgets stop before narrative expansion" started.
◇ Test "ordinary raw activation rejects replacement physical identities" started.
◇ Test "replacement attribution rejects authorization and evidence drift" started.
◇ Test "replacement SQL denies every one-field q4 backing digest drift before cutover" started.
◇ Test "local Git produces a complete topological narrative from base to exact head" started.
◇ Test "topology activation commits every role or rolls the whole generation back" started.
◇ Test "replacement cutover rolls back at every durable write" started.
◇ Test "replacement q4 SQL rejects every one-field event authority drift" started.
◇ Test "replacement attribution rejects each adjacent q4 digest-role transposition" started.
◇ Test "replacement SQL rejects cross-job ordinary-host physical identity collisions" started.
◇ Test "ordinary store preparation and activation reject replacement identities" started.
◇ Test "replacement q4 must use the authorization's planned launch identity" started.
◇ Test "replacement authorization rejects every one-field q4 backing digest drift" started.
◇ Test "replacement authorization rejects each adjacent q4 digest-role transposition" started.
◇ Test "replacement host must use the authorization's planned durable identity" started.
◇ Test "schema v10 preserves legacy RPC runs and creates each migration backup" started.
◇ Test "logical slots collide explicitly and durable pause blocks prepare" started.
◇ Test "result settlement commits before idempotent acknowledgement and release" started.
◇ Test "cold Herdr socket replacement preserves history and advances topology generation" started.
◇ Test "lost generation retry lineage advances through one q4 successor" started.
◇ Test "one owner holds the lock and release permits a later owner" started.
◇ Test "replacement SQL rejects every ordinary-host physical identity collision" started.
◇ Test "ordinary store rebind rejects a replacement pane" started.
◇ Test "replacement store constructs the one exact q4 event authority" started.
◇ Test "ambiguous complex-plan marker never sends the plan-review label mutation" started.
◇ Test "ambiguous blocked publication retains workspace and does not publish blocked label" started.
◇ Test "stale base consumes only approval and publishes a replacement complex plan" started.
◇ Test "unreachable, equal, and missing revisions fail closed" started.
◇ Test "replacement intent requires the exact durable authorization payload" started.
◇ Test "completed blocked publication recovers cleanup before terminal state" started.
◇ Test "replacement authorization is inert, idempotent, immutable, and exact" started.
◇ Test "unknown responses, extension errors, retry, and events after settled are fatal" started.
◇ Test "source release manifest matches the compiled production anchor" started.
◇ Test "authorized claim retry attributes a newly visible old marker before resend" started.
◇ Test "completed complex-plan publication recovers cleanup before returning to human gate" started.
◇ Test "topology intent transitions are digest-bound and idempotent" started.
◇ Test "startup recovery advances each durably completed implementation step exactly once" started.
◇ Test "replacement SQL rejects each adjacent q4 digest-role transposition before cutover" started.
◇ Test "mutated script and unsafe Pi agent directory fail before process execution" started.
◇ Test "interrupted Pi writer with workspace changes blocks and preserves evidence" started.
◇ Test "completed approved claim resumes orchestration without replanning" started.
◇ Test "replacement store rejects global ordinary-host identities" started.
◇ Test "mixed-case workflow labels use the same canonical eligibility throughout" started.
◇ Test "cross-run boundary and same-run retry preserve causal session provenance" started.
◇ Test "startup recovery imports durable orchestration evidence before workspace drift blocks" started.
◇ Test "production XPC handler returns exact envelopes without reflecting credential bytes" started.
◇ Test "replacement q4 rejects a mismatched canary authorization SHA" started.
◇ Test "prepared replacement intent remains the only nonterminal continuation after restart" started.
◇ Test "all commands survive a Codable round trip without changing kind" started.
◇ Test "executor constructs the canonical launch from application-only preparation" started.
◇ Test "read-only roles reject write paths and session directives stay canonical" started.
◇ Test "replacement store rejects every ordinary-host physical identity collision" started.
◇ Test "plan commits first, hooks stay active, frozen checks pass, code commits second, and exact head imports" started.
◇ Test "stale human input consumes only approval, replans, and returns to plan review" started.
◇ Test "generation rollover responses bind phase authority and checkpoints" started.
◇ Test "replacement terminal outcomes serialize only closed status and effect shapes" started.
◇ Test "a role host process restart cannot replay a started queue" started.
◇ Test "canary responses require paused exact evidence and checkpoint authority" started.
◇ Test "fresh stores and workflow recover a completed plan after SQLite reopen" started.
◇ Test "schema 9 decodes the immutable schema 7 retry report fixture" started.
◇ Test "logical identity suppresses rediscovery across restart and contract bump" started.
◇ Test "transition event keys make attempt and step changes exactly once" started.
◇ Test "only exact resource failures after the boundary are safely requeued" started.
◇ Test "replacement rejects a coherent post-preview q4 authorization rebind" started.
◇ Test "maintenance rejects every active durable authority" started.
◇ Test "maintenance responses remain bound to exact scope count and evidence" started.
◇ Test "exact paused canary admits one repaired PR and bounds every effect" started.
◇ Test "maintenance apply requires pause and byte-exact current evidence" started.
◇ Test "claim generations persist ready, stale, and approved sequences" started.
◇ Test "resource retry rejects a candidate with durable job-step evidence" started.
◇ Test "exact pre-boundary retirement is atomic suppresses rediscovery and replays" started.
◇ Test "completed steps are append-only, ordinal-bound, and digest-validated" started.
◇ Test "application preparation cannot select the wrong model profile" started.
◇ Test "a child that closes stdin cannot terminate the engine with SIGPIPE" started.
◇ Test "repository lease and global semaphore enforce both bounds" started.
◇ Test "attributed and ambiguous dispositions control rediscovery and retry" started.
◇ Test "correlated fake provider transcript settles and every descendant is removed" started.
◇ Test "a child that never reads stdin cannot escape the monotonic timeout" started.
◇ Test "timeout directly removes an observed session-escaping identity" started.
◇ Test "startup recovery persists the total matrix before dispatch" started.
◇ Test "maintenance batch rollback is all-or-nothing" started.
◇ Test "a settled child must still exit successfully when it exits on its own" started.
◇ Test "stale approval cannot replan before consume attribution" started.
◇ Test "closed commands parse" started.
◇ Test "invocation builder excludes generic discovery and secret-shaped environment keys" started.
◇ Test "request and response bind version, identity, and operation" started.
◇ Test "a historical canary send is denied and marks no intent as started" started.
◇ Test "malformed or incomplete manifest fails closed" started.
◇ Test "unsupported versions and malformed request IDs fail closed" started.
◇ Test "complex plan releases its claim and workspace, then exact approval resumes a new generation" started.
◇ Test "unexpected resource name fails closed" started.
◇ Test "decoder accepts canonical Pi output and sorts deterministically" started.
◇ Test "oversized manifest fails before decoding" started.
◇ Test "resource-directory symbolic link is rejected" started.
◇ Test "manifest symbolic link is rejected" started.
◇ Test "unknown claim marker never sends a workflow-label mutation" started.
◇ Test "resolver binds executable, version, schema, and credentialless argv" started.
◇ Test "one-byte manifest change changes digest" started.
◇ Test "production helper allowlist covers every non-ServiceManagement command" started.
◇ Test "base revision binds validated branch and exact SHA" started.
◇ Test "duplicate immutable IDs and malformed timestamps fail closed" started.
◇ Test "unsafe application directories fail before the process runner" started.
◇ Test "ready issue completes claim, plan, implementation, publication, QA, cleanup, and review enqueue" started.
◇ Test "human edits, comments, domain labels, and linked digests make plans stale" started.
◇ Test "JCS golden vector excludes only a fully attributed app marker" started.
◇ Test "Security status classification is total for known boundaries" started.
◇ Test "workflow labels and attributed markers are revision-stable" started.
◇ Test "decoder rejects duplicates, unsupported levels, extra fields, and oversized output" started.
◇ Test "NDJSON parser preserves fragmented and coalesced records" started.
◇ Test "probe identifiers are fixed" started.
◇ Test "a historical canary permit cannot be verified or settled" started.
◇ Test "an observed session escape stays identity-owned across exact leader outcome" started.
◇ Test "every unsupported schema fails closed" started.
◇ Test "closed commands parse" started.
◇ Test "stderr and non-JSONL output fail with exact protocol outcomes" started.
◇ Test "arbitrary Keychain commands fail closed" started.
◇ Test "a historical canary context cannot reserve any fresh effect" started.
◇ Test "a closed no-effect canary retry requires a new preview and admission" started.
◇ Test "unexpected bundle identity fails closed" started.
◇ Test "timeout sends one abort, requires acknowledgement, and still cleans descendants" started.
◇ Test "Unicode is not normalized and numeric comment order is deterministic" started.
◇ Test "deterministic operation property preserves repository and global lease bounds" started.
◇ Test "missing manifest fails closed" started.
◇ Test "digest is lowercase SHA-256" started.
◇ Test case passing 1 argument workflow → .orchestration to "planning and orchestration resumes bind the prior settled session boundary" started.
◇ Test case passing 1 argument workflow → .planning to "planning and orchestration resumes bind the prior settled session boundary" started.
◇ Test "pause gate waits for admitted mutations and rejects every later send" started.
◇ Test "release-owned direct request is exact, bounded, and source inputs remain unchanged" started.
◇ Test "arbitrary Pi commands fail closed" started.
◇ Test "valid manifest produces exact attributable evidence" started.
◇ Test "UID, PID, and exact executable path all fail closed" started.
◇ Test "packaged and development helpers derive only the exact sibling app executable" started.
◇ Test "descriptor store is create-only private digest-bound and rejects mutation" started.
◇ Test "round trip reconstructs every digest-bound invariant" started.
◇ Test "changed snapshot digest fails closed" started.
◇ Test case passing 1 argument testCase → issue-triage-triage to "every workflow role preserves the W5 model, resource, skill, tool, and command contract" started.
◇ Test case passing 1 argument testCase → pr-review-architecture to "every workflow role preserves the W5 model, resource, skill, tool, and command contract" started.
◇ Test case passing 1 argument testCase → pr-review-security to "every workflow role preserves the W5 model, resource, skill, tool, and command contract" started.
◇ Test case passing 1 argument testCase → pr-review-test to "every workflow role preserves the W5 model, resource, skill, tool, and command contract" started.
◇ Test case passing 1 argument testCase → pr-review-synthesis to "every workflow role preserves the W5 model, resource, skill, tool, and command contract" started.
◇ Test case passing 1 argument testCase → planning-writer to "every workflow role preserves the W5 model, resource, skill, tool, and command contract" started.
◇ Test case passing 1 argument testCase → planning-architecture to "every workflow role preserves the W5 model, resource, skill, tool, and command contract" started.
◇ Test case passing 1 argument testCase → planning-security to "every workflow role preserves the W5 model, resource, skill, tool, and command contract" started.
◇ Test case passing 1 argument testCase → planning-test to "every workflow role preserves the W5 model, resource, skill, tool, and command contract" started.
◇ Test case passing 1 argument testCase → planning-synthesis to "every workflow role preserves the W5 model, resource, skill, tool, and command contract" started.
◇ Test case passing 1 argument testCase → orchestration-writer to "every workflow role preserves the W5 model, resource, skill, tool, and command contract" started.
◇ Test case passing 1 argument testCase → orchestration-architecture to "every workflow role preserves the W5 model, resource, skill, tool, and command contract" started.
◇ Test case passing 1 argument testCase → orchestration-security to "every workflow role preserves the W5 model, resource, skill, tool, and command contract" started.
◇ Test case passing 1 argument testCase → orchestration-test to "every workflow role preserves the W5 model, resource, skill, tool, and command contract" started.
◇ Test case passing 1 argument testCase → orchestration-synthesis to "every workflow role preserves the W5 model, resource, skill, tool, and command contract" started.
◇ Test "exact triage preview binds issue, labels, and default-branch base" started.
◇ Test "exact triage preview rejects issue-label and repository-label drift" started.
◇ Test "issue identity and default-branch reference drift are rejected" started.
◇ Test "a finite window binds its observed object-number upper bound" started.
◇ Test "repository-label inventory drift is rejected in every shape" started.
◇ Test "finite preview binds the complete deterministic candidate set" started.
◇ Test "exact PR preview rejects every independently drifted remote binding" started.
◇ Test "a preview whose canonical bytes no longer round-trip is rejected" started.
◇ Test "the builder refuses a non-positive object number, so discovery never sees one" started.
◇ Test "all unlisted state and event pairs fail closed" started.
◇ Test "a review-stage preview cannot be built with missing labels at all" started.
◇ Test "success requires exact SHA-256 acceptance evidence" started.
◇ Test "the builder refuses a missing job binding, so no preview carries one" started.
◇ Test "a transport failure during revalidation is drift, never a pass" started.
◇ Test "claim generations preserve distinct ready, approved, and stale paths" started.
◇ Test case passing 1 argument initialStatus → .notRegistered to "first onboarding checkpoints bootstrap before registration and helper handoff" started.
◇ Test case passing 1 argument initialStatus → .notFound to "first onboarding checkpoints bootstrap before registration and helper handoff" started.
◇ Test "the builder refuses a finite window at the exact-only stages" started.
◇ Test "retry requires a future persisted deadline" started.
◇ Test "exact execution preview binds the approved waiting-human checkpoint" started.
◇ Test "multi-step transitions advance exactly once and feedback does not advance" started.
◇ Test "read-only roles and unsafe paths cannot gain a write surface" started.
◇ Test "the builder refuses a step the workflow-label switch does not cover" started.
◇ Test "every normative runtime transition has the exact effect" started.
◇ Test "command provenance has no user or project resource" started.
◇ Test "recovery is total and preserves attempts, steps, and deadlines" started.
◇ Test "workflow and role select only the primary skill plus one fixed role skill" started.
◇ Test case passing 1 argument completedStatementCount → 2 to "production schema 8 to 9 rolls back after every exact migration statement" started.
◇ Test case passing 1 argument completedStatementCount → 1 to "production schema 8 to 9 rolls back after every exact migration statement" started.
◇ Test case passing 1 argument completedStatementCount → 3 to "production schema 8 to 9 rolls back after every exact migration statement" started.
◇ Test case passing 1 argument completedStatementCount → 4 to "production schema 8 to 9 rolls back after every exact migration statement" started.
◇ Test case passing 1 argument completedStatementCount → 5 to "production schema 8 to 9 rolls back after every exact migration statement" started.
◇ Test case passing 1 argument completedStatementCount → 6 to "production schema 8 to 9 rolls back after every exact migration statement" started.
◇ Test case passing 1 argument completedStatementCount → 7 to "production schema 8 to 9 rolls back after every exact migration statement" started.
◇ Test case passing 1 argument completedStatementCount → 8 to "production schema 8 to 9 rolls back after every exact migration statement" started.
◇ Test case passing 1 argument completedStatementCount → 9 to "production schema 8 to 9 rolls back after every exact migration statement" started.
◇ Test "mutated, redirected, linked, or writable resources fail closed" started.
◇ Test case passing 1 argument completedStatementCount → 10 to "production schema 8 to 9 rolls back after every exact migration statement" started.
◇ Test case passing 1 argument completedStatementCount → 11 to "production schema 8 to 9 rolls back after every exact migration statement" started.
◇ Test case passing 1 argument completedStatementCount → 12 to "production schema 8 to 9 rolls back after every exact migration statement" started.
◇ Test case passing 1 argument completedStatementCount → 13 to "production schema 8 to 9 rolls back after every exact migration statement" started.
◇ Test case passing 1 argument completedStatementCount → 14 to "production schema 8 to 9 rolls back after every exact migration statement" started.
◇ Test case passing 1 argument completedStatementCount → 15 to "production schema 8 to 9 rolls back after every exact migration statement" started.
◇ Test case passing 1 argument completedStatementCount → 16 to "production schema 8 to 9 rolls back after every exact migration statement" started.
◇ Test "exact manifest attests every production extension, policy, and skill" started.
◇ Test case passing 1 argument completedStatementCount → 17 to "production schema 8 to 9 rolls back after every exact migration statement" started.
◇ Test case passing 1 argument completedStatementCount → 18 to "production schema 8 to 9 rolls back after every exact migration statement" started.
◇ Test "runtime configuration derives tool policy and writes one private immutable file" started.
◇ Test case passing 1 argument completedStatementCount → 19 to "production schema 8 to 9 rolls back after every exact migration statement" started.
◇ Test case passing 1 argument completedStatementCount → 20 to "production schema 8 to 9 rolls back after every exact migration statement" started.
◇ Test case passing 1 argument completedStatementCount → 21 to "production schema 8 to 9 rolls back after every exact migration statement" started.
◇ Test case passing 1 argument completedStatementCount → 22 to "production schema 8 to 9 rolls back after every exact migration statement" started.
◇ Test case passing 1 argument completedStatementCount → 23 to "production schema 8 to 9 rolls back after every exact migration statement" started.
◇ Test case passing 1 argument completedStatementCount → 24 to "production schema 8 to 9 rolls back after every exact migration statement" started.
◇ Test case passing 1 argument completedStatementCount → 25 to "production schema 8 to 9 rolls back after every exact migration statement" started.
◇ Test case passing 1 argument completedStatementCount → 26 to "production schema 8 to 9 rolls back after every exact migration statement" started.
◇ Test case passing 1 argument completedStatementCount → 27 to "production schema 8 to 9 rolls back after every exact migration statement" started.
◇ Test case passing 1 argument completedStatementCount → 28 to "production schema 8 to 9 rolls back after every exact migration statement" started.
◇ Test case passing 1 argument completedStatementCount → 29 to "production schema 8 to 9 rolls back after every exact migration statement" started.
◇ Test case passing 1 argument completedStatementCount → 30 to "production schema 8 to 9 rolls back after every exact migration statement" started.
◇ Test case passing 1 argument completedStatementCount → 31 to "production schema 8 to 9 rolls back after every exact migration statement" started.
◇ Test case passing 1 argument completedStatementCount → 32 to "production schema 8 to 9 rolls back after every exact migration statement" started.
◇ Test case passing 1 argument completedStatementCount → 33 to "production schema 8 to 9 rolls back after every exact migration statement" started.
◇ Test case passing 1 argument completedStatementCount → 34 to "production schema 8 to 9 rolls back after every exact migration statement" started.
◇ Test case passing 1 argument completedStatementCount → 35 to "production schema 8 to 9 rolls back after every exact migration statement" started.
◇ Test case passing 1 argument completedStatementCount → 36 to "production schema 8 to 9 rolls back after every exact migration statement" started.
◇ Test case passing 1 argument completedStatementCount → 37 to "production schema 8 to 9 rolls back after every exact migration statement" started.
◇ Test case passing 1 argument completedStatementCount → 38 to "production schema 8 to 9 rolls back after every exact migration statement" started.
◇ Test case passing 1 argument completedStatementCount → 39 to "production schema 8 to 9 rolls back after every exact migration statement" started.
◇ Test case passing 1 argument completedStatementCount → 40 to "production schema 8 to 9 rolls back after every exact migration statement" started.
◇ Test case passing 1 argument completedStatementCount → 41 to "production schema 8 to 9 rolls back after every exact migration statement" started.
◇ Test case passing 1 argument completedStatementCount → 42 to "production schema 8 to 9 rolls back after every exact migration statement" started.
◇ Test case passing 1 argument completedStatementCount → 43 to "production schema 8 to 9 rolls back after every exact migration statement" started.
◇ Test case passing 1 argument completedStatementCount → 44 to "production schema 8 to 9 rolls back after every exact migration statement" started.
◇ Test case passing 1 argument completedStatementCount → 45 to "production schema 8 to 9 rolls back after every exact migration statement" started.
◇ Test case passing 1 argument completedStatementCount → 46 to "production schema 8 to 9 rolls back after every exact migration statement" started.
◇ Test case passing 1 argument outcomeCase → .noRemoteEffectFailure to "application XPC and CLI JSON preserve every typed replacement outcome" started.
◇ Test case passing 1 argument completedStatementCount → 47 to "production schema 8 to 9 rolls back after every exact migration statement" started.
◇ Test case passing 1 argument completedStatementCount → 48 to "production schema 8 to 9 rolls back after every exact migration statement" started.
◇ Test case passing 1 argument outcomeCase → .remoteEffectAmbiguous to "application XPC and CLI JSON preserve every typed replacement outcome" started.
◇ Test case passing 1 argument completedStatementCount → 49 to "production schema 8 to 9 rolls back after every exact migration statement" started.
◇ Test case passing 1 argument outcomeCase → .q4Prepared to "application XPC and CLI JSON preserve every typed replacement outcome" started.
◇ Test case passing 1 argument completedStatementCount → 50 to "production schema 8 to 9 rolls back after every exact migration statement" started.
◇ Test case passing 1 argument outcomeCase → .q4Enqueued to "application XPC and CLI JSON preserve every typed replacement outcome" started.
◇ Test case passing 1 argument completedStatementCount → 51 to "production schema 8 to 9 rolls back after every exact migration statement" started.
◇ Test case passing 1 argument outcomeCase → .q4OutcomeAmbiguous to "application XPC and CLI JSON preserve every typed replacement outcome" started.
◇ Test case passing 1 argument completedStatementCount → 52 to "production schema 8 to 9 rolls back after every exact migration statement" started.
◇ Test case passing 1 argument outcomeCase → .q4Failed to "application XPC and CLI JSON preserve every typed replacement outcome" started.
◇ Test case passing 1 argument completedStatementCount → 53 to "production schema 8 to 9 rolls back after every exact migration statement" started.
◇ Test case passing 1 argument outcomeCase → .q4Settled to "application XPC and CLI JSON preserve every typed replacement outcome" started.
◇ Test case passing 1 argument completedStatementCount → 54 to "production schema 8 to 9 rolls back after every exact migration statement" started.
◇ Test case passing 1 argument completedStatementCount → 55 to "production schema 8 to 9 rolls back after every exact migration statement" started.
◇ Test case passing 1 argument outcomeCase → .replacementHostLost to "application XPC and CLI JSON preserve every typed replacement outcome" started.
◇ Test case passing 1 argument completedStatementCount → 56 to "production schema 8 to 9 rolls back after every exact migration statement" started.
◇ Test case passing 1 argument completedStatementCount → 57 to "production schema 8 to 9 rolls back after every exact migration statement" started.
◇ Test case passing 1 argument completedStatementCount → 58 to "production schema 8 to 9 rolls back after every exact migration statement" started.
◇ Test case passing 1 argument completedStatementCount → 59 to "production schema 8 to 9 rolls back after every exact migration statement" started.
◇ Test case passing 1 argument completedStatementCount → 60 to "production schema 8 to 9 rolls back after every exact migration statement" started.
◇ Test case passing 1 argument completedStatementCount → 61 to "production schema 8 to 9 rolls back after every exact migration statement" started.
◇ Test case passing 1 argument completedStatementCount → 62 to "production schema 8 to 9 rolls back after every exact migration statement" started.
◇ Test case passing 1 argument completedStatementCount → 63 to "production schema 8 to 9 rolls back after every exact migration statement" started.
◇ Test case passing 1 argument completedStatementCount → 64 to "production schema 8 to 9 rolls back after every exact migration statement" started.
◇ Test case passing 1 argument completedStatementCount → 65 to "production schema 8 to 9 rolls back after every exact migration statement" started.
◇ Test case passing 1 argument completedStatementCount → 66 to "production schema 8 to 9 rolls back after every exact migration statement" started.
◇ Test case passing 1 argument completedStatementCount → 67 to "production schema 8 to 9 rolls back after every exact migration statement" started.
◇ Test case passing 1 argument completedStatementCount → 68 to "production schema 8 to 9 rolls back after every exact migration statement" started.
◇ Test case passing 1 argument completedStatementCount → 69 to "production schema 8 to 9 rolls back after every exact migration statement" started.
◇ Test case passing 1 argument completedStatementCount → 70 to "production schema 8 to 9 rolls back after every exact migration statement" started.
◇ Test case passing 1 argument completedStatementCount → 71 to "production schema 8 to 9 rolls back after every exact migration statement" started.
◇ Test case passing 1 argument completedStatementCount → 72 to "production schema 8 to 9 rolls back after every exact migration statement" started.
◇ Test case passing 1 argument completedStatementCount → 73 to "production schema 8 to 9 rolls back after every exact migration statement" started.
◇ Test case passing 1 argument completedStatementCount → 74 to "production schema 8 to 9 rolls back after every exact migration statement" started.
◇ Test case passing 1 argument completedStatementCount → 75 to "production schema 8 to 9 rolls back after every exact migration statement" started.
◇ Test case passing 1 argument completedStatementCount → 76 to "production schema 8 to 9 rolls back after every exact migration statement" started.
◇ Test case passing 1 argument completedStatementCount → 1 to "production schema 9 to 10 rolls back after every exact migration statement" started.
◇ Test case passing 1 argument completedStatementCount → 2 to "production schema 9 to 10 rolls back after every exact migration statement" started.
◇ Test case passing 1 argument completedStatementCount → 3 to "production schema 9 to 10 rolls back after every exact migration statement" started.
◇ Test case passing 1 argument completedStatementCount → 4 to "production schema 9 to 10 rolls back after every exact migration statement" started.
◇ Test case passing 1 argument completedStatementCount → 5 to "production schema 9 to 10 rolls back after every exact migration statement" started.
◇ Test case passing 1 argument completedStatementCount → 6 to "production schema 9 to 10 rolls back after every exact migration statement" started.
◇ Test case passing 1 argument completedStatementCount → 7 to "production schema 9 to 10 rolls back after every exact migration statement" started.
◇ Test case passing 1 argument completedStatementCount → 8 to "production schema 9 to 10 rolls back after every exact migration statement" started.
◇ Test case passing 1 argument completedStatementCount → 9 to "production schema 9 to 10 rolls back after every exact migration statement" started.
◇ Test case passing 1 argument completedStatementCount → 10 to "production schema 9 to 10 rolls back after every exact migration statement" started.
◇ Test case passing 1 argument completedStatementCount → 11 to "production schema 9 to 10 rolls back after every exact migration statement" started.
◇ Test case passing 1 argument completedStatementCount → 12 to "production schema 9 to 10 rolls back after every exact migration statement" started.
◇ Test case passing 1 argument completedStatementCount → 13 to "production schema 9 to 10 rolls back after every exact migration statement" started.
◇ Test case passing 1 argument completedStatementCount → 14 to "production schema 9 to 10 rolls back after every exact migration statement" started.
◇ Test case passing 1 argument completedStatementCount → 15 to "production schema 9 to 10 rolls back after every exact migration statement" started.
◇ Test case passing 1 argument completedStatementCount → 16 to "production schema 9 to 10 rolls back after every exact migration statement" started.
◇ Test case passing 1 argument completedStatementCount → 17 to "production schema 9 to 10 rolls back after every exact migration statement" started.
◇ Test case passing 1 argument completedStatementCount → 18 to "production schema 9 to 10 rolls back after every exact migration statement" started.
◇ Test case passing 1 argument completedStatementCount → 19 to "production schema 9 to 10 rolls back after every exact migration statement" started.
◇ Test case passing 1 argument completedStatementCount → 20 to "production schema 9 to 10 rolls back after every exact migration statement" started.
◇ Test case passing 1 argument completedStatementCount → 21 to "production schema 9 to 10 rolls back after every exact migration statement" started.
◇ Test case passing 1 argument completedStatementCount → 22 to "production schema 9 to 10 rolls back after every exact migration statement" started.
◇ Test case passing 1 argument completedStatementCount → 23 to "production schema 9 to 10 rolls back after every exact migration statement" started.
◇ Test case passing 1 argument completedStatementCount → 24 to "production schema 9 to 10 rolls back after every exact migration statement" started.
◇ Test case passing 1 argument completedStatementCount → 25 to "production schema 9 to 10 rolls back after every exact migration statement" started.
◇ Test case passing 1 argument completedStatementCount → 26 to "production schema 9 to 10 rolls back after every exact migration statement" started.
◇ Test case passing 1 argument completedStatementCount → 27 to "production schema 9 to 10 rolls back after every exact migration statement" started.
◇ Test case passing 1 argument completedStatementCount → 28 to "production schema 9 to 10 rolls back after every exact migration statement" started.
◇ Test case passing 1 argument completedStatementCount → 29 to "production schema 9 to 10 rolls back after every exact migration statement" started.
◇ Test case passing 1 argument completedStatementCount → 30 to "production schema 9 to 10 rolls back after every exact migration statement" started.
◇ Test case passing 1 argument completedStatementCount → 31 to "production schema 9 to 10 rolls back after every exact migration statement" started.
◇ Test case passing 1 argument completedStatementCount → 32 to "production schema 9 to 10 rolls back after every exact migration statement" started.
◇ Test case passing 1 argument completedStatementCount → 33 to "production schema 9 to 10 rolls back after every exact migration statement" started.
◇ Test case passing 1 argument completedStatementCount → 34 to "production schema 9 to 10 rolls back after every exact migration statement" started.
◇ Test case passing 1 argument completedStatementCount → 35 to "production schema 9 to 10 rolls back after every exact migration statement" started.
◇ Test case passing 1 argument completedStatementCount → 36 to "production schema 9 to 10 rolls back after every exact migration statement" started.
◇ Test case passing 1 argument completedStatementCount → 37 to "production schema 9 to 10 rolls back after every exact migration statement" started.
◇ Test case passing 1 argument completedStatementCount → 38 to "production schema 9 to 10 rolls back after every exact migration statement" started.
◇ Test case passing 1 argument completedStatementCount → 39 to "production schema 9 to 10 rolls back after every exact migration statement" started.
◇ Test case passing 1 argument completedStatementCount → 40 to "production schema 9 to 10 rolls back after every exact migration statement" started.
◇ Test case passing 1 argument completedStatementCount → 41 to "production schema 9 to 10 rolls back after every exact migration statement" started.
◇ Test case passing 1 argument completedStatementCount → 42 to "production schema 9 to 10 rolls back after every exact migration statement" started.
◇ Test case passing 1 argument completedStatementCount → 43 to "production schema 9 to 10 rolls back after every exact migration statement" started.
◇ Test case passing 1 argument completedStatementCount → 44 to "production schema 9 to 10 rolls back after every exact migration statement" started.
◇ Test case passing 1 argument completedStatementCount → 45 to "production schema 9 to 10 rolls back after every exact migration statement" started.
◇ Test case passing 1 argument completedStatementCount → 46 to "production schema 9 to 10 rolls back after every exact migration statement" started.
◇ Test case passing 1 argument completedStatementCount → 47 to "production schema 9 to 10 rolls back after every exact migration statement" started.
◇ Test case passing 1 argument completedStatementCount → 48 to "production schema 9 to 10 rolls back after every exact migration statement" started.
◇ Test case passing 1 argument completedStatementCount → 49 to "production schema 9 to 10 rolls back after every exact migration statement" started.
◇ Test case passing 1 argument completedStatementCount → 50 to "production schema 9 to 10 rolls back after every exact migration statement" started.
◇ Test case passing 1 argument completedStatementCount → 51 to "production schema 9 to 10 rolls back after every exact migration statement" started.
◇ Test case passing 1 argument completedStatementCount → 52 to "production schema 9 to 10 rolls back after every exact migration statement" started.
◇ Test case passing 1 argument completedStatementCount → 53 to "production schema 9 to 10 rolls back after every exact migration statement" started.
◇ Test case passing 1 argument completedStatementCount → 54 to "production schema 9 to 10 rolls back after every exact migration statement" started.
◇ Test case passing 1 argument completedStatementCount → 55 to "production schema 9 to 10 rolls back after every exact migration statement" started.
◇ Test case passing 1 argument completedStatementCount → 56 to "production schema 9 to 10 rolls back after every exact migration statement" started.
◇ Test case passing 1 argument completedStatementCount → 57 to "production schema 9 to 10 rolls back after every exact migration statement" started.
◇ Test case passing 1 argument completedStatementCount → 58 to "production schema 9 to 10 rolls back after every exact migration statement" started.
◇ Test case passing 1 argument completedStatementCount → 59 to "production schema 9 to 10 rolls back after every exact migration statement" started.
◇ Test case passing 1 argument completedStatementCount → 60 to "production schema 9 to 10 rolls back after every exact migration statement" started.
◇ Test case passing 1 argument completedStatementCount → 61 to "production schema 9 to 10 rolls back after every exact migration statement" started.
◇ Test case passing 1 argument completedStatementCount → 62 to "production schema 9 to 10 rolls back after every exact migration statement" started.
◇ Test case passing 1 argument completedStatementCount → 63 to "production schema 9 to 10 rolls back after every exact migration statement" started.
◇ Test case passing 1 argument completedStatementCount → 64 to "production schema 9 to 10 rolls back after every exact migration statement" started.
◇ Test case passing 1 argument completedStatementCount → 65 to "production schema 9 to 10 rolls back after every exact migration statement" started.
◇ Test case passing 1 argument completedStatementCount → 66 to "production schema 9 to 10 rolls back after every exact migration statement" started.
◇ Test case passing 1 argument completedStatementCount → 67 to "production schema 9 to 10 rolls back after every exact migration statement" started.
◇ Test case passing 1 argument completedStatementCount → 68 to "production schema 9 to 10 rolls back after every exact migration statement" started.
◇ Test case passing 1 argument completedStatementCount → 69 to "production schema 9 to 10 rolls back after every exact migration statement" started.
◇ Test case passing 1 argument completedStatementCount → 70 to "production schema 9 to 10 rolls back after every exact migration statement" started.
◇ Test case passing 1 argument completedStatementCount → 71 to "production schema 9 to 10 rolls back after every exact migration statement" started.
◇ Test case passing 1 argument completedStatementCount → 72 to "production schema 9 to 10 rolls back after every exact migration statement" started.
◇ Test case passing 1 argument completedStatementCount → 73 to "production schema 9 to 10 rolls back after every exact migration statement" started.
◇ Test case passing 1 argument completedStatementCount → 74 to "production schema 9 to 10 rolls back after every exact migration statement" started.
◇ Test case passing 1 argument completedStatementCount → 75 to "production schema 9 to 10 rolls back after every exact migration statement" started.
◇ Test case passing 1 argument completedStatementCount → 76 to "production schema 9 to 10 rolls back after every exact migration statement" started.
◇ Test case passing 1 argument completedStatementCount → 78 to "production schema 9 to 10 rolls back after every exact migration statement" started.
◇ Test case passing 1 argument completedStatementCount → 77 to "production schema 9 to 10 rolls back after every exact migration statement" started.
◇ Test case passing 1 argument completedStatementCount → 79 to "production schema 9 to 10 rolls back after every exact migration statement" started.
◇ Test case passing 1 argument completedStatementCount → 80 to "production schema 9 to 10 rolls back after every exact migration statement" started.
◇ Test case passing 1 argument completedStatementCount → 81 to "production schema 9 to 10 rolls back after every exact migration statement" started.
◇ Test case passing 1 argument count → 2 to "two through four bounded workstreams are moderate" started.
◇ Test case passing 1 argument completedStatementCount → 82 to "production schema 9 to 10 rolls back after every exact migration statement" started.
◇ Test case passing 1 argument completedStatementCount → 83 to "production schema 9 to 10 rolls back after every exact migration statement" started.
◇ Test case passing 1 argument count → 3 to "two through four bounded workstreams are moderate" started.
◇ Test case passing 1 argument scenario → .noRemoteEffectFailure to "production replacement boundary returns every typed outcome and closes authority" started.
◇ Test case passing 1 argument count → 4 to "two through four bounded workstreams are moderate" started.
◇ Test case passing 1 argument completedStatementCount → 84 to "production schema 9 to 10 rolls back after every exact migration statement" started.
◇ Test case passing 1 argument scenario → .remoteEffectAmbiguous to "production replacement boundary returns every typed outcome and closes authority" started.
◇ Test case passing 1 argument completedStatementCount → 85 to "production schema 9 to 10 rolls back after every exact migration statement" started.
◇ Test case passing 1 argument scenario → .q4Prepared to "production replacement boundary returns every typed outcome and closes authority" started.
◇ Test case passing 1 argument completedStatementCount → 86 to "production schema 9 to 10 rolls back after every exact migration statement" started.
◇ Test case passing 1 argument scenario → .q4Enqueued to "production replacement boundary returns every typed outcome and closes authority" started.
◇ Test case passing 1 argument completedStatementCount → 87 to "production schema 9 to 10 rolls back after every exact migration statement" started.
◇ Test case passing 1 argument completedStatementCount → 88 to "production schema 9 to 10 rolls back after every exact migration statement" started.
◇ Test case passing 1 argument scenario → .q4OutcomeAmbiguous to "production replacement boundary returns every typed outcome and closes authority" started.
◇ Test case passing 1 argument completedStatementCount → 89 to "production schema 9 to 10 rolls back after every exact migration statement" started.
◇ Test case passing 1 argument scenario → .q4Failed to "production replacement boundary returns every typed outcome and closes authority" started.
◇ Test case passing 1 argument scenario → .q4Settled to "production replacement boundary returns every typed outcome and closes authority" started.
◇ Test case passing 1 argument completedStatementCount → 90 to "production schema 9 to 10 rolls back after every exact migration statement" started.
◇ Test case passing 1 argument scenario → .replacementHostLost to "production replacement boundary returns every typed outcome and closes authority" started.
◇ Test case passing 1 argument scenario → .thrownError to "production replacement boundary returns every typed outcome and closes authority" started.
◇ Test case passing 1 argument exitCode → 0 to "observed session-escaping descendants are identity-cleaned with exact leader status" started.
◇ Test case passing 1 argument exitCode → 37 to "observed session-escaping descendants are identity-cleaned with exact leader status" started.
◇ Test "runtime mutation drift and fault matrices have exact unique shape" started.
◇ Test "executor preserves a definitive pre-process authority denial" started.
◇ Test "an accepted local result settles its exact send-started reservation after restart" started.
◇ Test "closing admission after command reservation denies process creation" started.
◇ Test "a Git send permit is task-bound and consumed before transport" started.
◇ Test "an accepted result replays after store reopen without another process effect" started.
◇ Test "an approved-command permit is task-bound and consumed before process creation" started.
◇ Test "an effect followed by lost evidence becomes unknown and never starts again" started.
◇ Test case passing 1 argument arguments → [] to "arbitrary lifecycle arguments are rejected" started.
◇ Test case passing 1 argument arguments → ["main"] to "arbitrary lifecycle arguments are rejected" started.
◇ Test case passing 1 argument arguments → ["main", "status", "extra"] to "arbitrary lifecycle arguments are rejected" started.
◇ Test case passing 1 argument arguments → ["direct", "round-trips", "0"] to "arbitrary lifecycle arguments are rejected" started.
◇ Test case passing 1 argument arguments → ["helper", "round-trips", "1001"] to "arbitrary lifecycle arguments are rejected" started.
◇ Test case passing 1 argument arguments → ["helper", "run", "/tmp/arbitrary"] to "arbitrary lifecycle arguments are rejected" started.
◇ Test "an exact PR that becomes visible after escalation is attributed by read-only late check" started.
◇ Test "global retry generation does not require a nonexistent prior PR intent" started.
◇ Test "retry checks every older PR generation, not only the immediately preceding one" started.
◇ Test "authorized retry reads the old generation before creating a new PR" started.
◇ Test "a crash after durable prepare but before send is sent exactly once on retry" started.
◇ Test "workspace failures remove only owned pending or moved directories" started.
◇ Test "lost response with no PR escalates and cannot recreate" started.
◇ Test "a mirror replaced by a symlink is rejected before Git follows it" started.
◇ Test "lost response after create attributes the exact PR and reentry never sends again" started.
◇ Test case passing 2 arguments rawValue → 0, expected → .notRegistered to "service status values are stable" started.
◇ Test case passing 2 arguments rawValue → 1, expected → .enabled to "service status values are stable" started.
◇ Test case passing 2 arguments rawValue → 2, expected → .requiresApproval to "service status values are stable" started.
◇ Test case passing 2 arguments rawValue → 3, expected → .notFound to "service status values are stable" started.
◇ Test case passing 1 argument arguments → [] to "arbitrary local spike commands fail closed" started.
◇ Test case passing 1 argument arguments → ["security", "extra"] to "arbitrary local spike commands fail closed" started.
◇ Test case passing 1 argument arguments → ["git"] to "arbitrary local spike commands fail closed" started.
◇ Test case passing 1 argument arguments → ["shell", "echo"] to "arbitrary local spike commands fail closed" started.
◇ Test "request rejects malformed nonce" started.
◇ Test case passing 1 argument arguments → ["mutation-recovery", "/tmp/arbitrary"] to "arbitrary local spike commands fail closed" started.
◇ Test "response rejects operation nonce peer process and path drift" started.
◇ Test "request and response bind one canonical nonce and exact installed paths" started.
◇ Test "UAT identifiers remain distinct from production authority" started.
◇ Test case passing 1 argument kind → .triage to "startup recovery advances each durably completed triage step exactly once" started.
◇ Test case passing 1 argument kind → .publish to "startup recovery advances each durably completed triage step exactly once" started.
◇ Test case passing 1 argument kind → .reconcile to "startup recovery advances each durably completed triage step exactly once" started.
◇ Test case passing 1 argument arguments → [] to "arbitrary workflow commands fail closed" started.
◇ Test case passing 1 argument arguments → ["live", "review"] to "arbitrary workflow commands fail closed" started.
◇ Test case passing 1 argument arguments → ["profile", "review"] to "arbitrary workflow commands fail closed" started.
◇ Test case passing 1 argument arguments → ["shell", "echo"] to "arbitrary workflow commands fail closed" started.
◇ Test case passing 1 argument arguments → ["preflight", "/tmp/arbitrary"] to "arbitrary workflow commands fail closed" started.
◇ Test case passing 1 argument outcomeCase → .noRemoteEffectFailure to "replacement service checkpoints every typed terminal outcome with balanced exclusivity" started.
◇ Test case passing 1 argument outcomeCase → .remoteEffectAmbiguous to "replacement service checkpoints every typed terminal outcome with balanced exclusivity" started.
◇ Test case passing 1 argument outcomeCase → .q4Prepared to "replacement service checkpoints every typed terminal outcome with balanced exclusivity" started.
◇ Test case passing 1 argument outcomeCase → .q4Enqueued to "replacement service checkpoints every typed terminal outcome with balanced exclusivity" started.
◇ Test case passing 1 argument outcomeCase → .q4OutcomeAmbiguous to "replacement service checkpoints every typed terminal outcome with balanced exclusivity" started.
◇ Test case passing 1 argument outcomeCase → .q4Failed to "replacement service checkpoints every typed terminal outcome with balanced exclusivity" started.
◇ Test case passing 1 argument outcomeCase → .q4Settled to "replacement service checkpoints every typed terminal outcome with balanced exclusivity" started.
◇ Test case passing 1 argument outcomeCase → .replacementHostLost to "replacement service checkpoints every typed terminal outcome with balanced exclusivity" started.
◇ Test case passing 1 argument mutation → .rootSymlink to "release-owned mutation matrix fails with typed authority errors" started.
◇ Test case passing 1 argument mutation → .rootACL to "release-owned mutation matrix fails with typed authority errors" started.
◇ Test case passing 1 argument mutation → .unsafeAncestor to "release-owned mutation matrix fails with typed authority errors" started.
◇ Test case passing 1 argument mutation → .missingRootEntry to "release-owned mutation matrix fails with typed authority errors" started.
◇ Test case passing 1 argument mutation → .wrongRootEntryKind to "release-owned mutation matrix fails with typed authority errors" started.
◇ Test case passing 1 argument mutation → .hardLinkedPiFile to "release-owned mutation matrix fails with typed authority errors" started.
◇ Test case passing 1 argument mutation → .piFileACL to "release-owned mutation matrix fails with typed authority errors" started.
◇ Test case passing 1 argument mutation → .writablePiMode to "release-owned mutation matrix fails with typed authority errors" started.
◇ Test case passing 1 argument mutation → .writableRuntimeRoot to "release-owned mutation matrix fails with typed authority errors" started.
◇ Test case passing 1 argument mutation → .nestedIntermediateTOCTOU to "release-owned mutation matrix fails with typed authority errors" started.
◇ Test case passing 1 argument mutation → .nestedLeafTOCTOU to "release-owned mutation matrix fails with typed authority errors" started.
◇ Test case passing 1 argument mutation → .malformedNodeMachO to "release-owned mutation matrix fails with typed authority errors" started.
◇ Test case passing 1 argument mutation → .wrongNodeArchitecture to "release-owned mutation matrix fails with typed authority errors" started.
◇ Test case passing 1 argument mutation → .nonSystemNodeDependency to "release-owned mutation matrix fails with typed authority errors" started.
◇ Test case passing 1 argument mutation → .unboundRelativeNodeDependency to "release-owned mutation matrix fails with typed authority errors" started.
◇ Test case passing 1 argument mutation → .signatureIdentifier to "release-owned mutation matrix fails with typed authority errors" started.
◇ Test case passing 1 argument mutation → .signatureTeam to "release-owned mutation matrix fails with typed authority errors" started.
◇ Test case passing 1 argument mutation → .signatureCodeDirectory to "release-owned mutation matrix fails with typed authority errors" started.
◇ Test case passing 1 argument mutation → .signatureHardenedRuntime to "release-owned mutation matrix fails with typed authority errors" started.
◇ Test case passing 1 argument mutation → .signatureEntitlements to "release-owned mutation matrix fails with typed authority errors" started.
◇ Test case passing 1 argument mutation → .piBytes to "release-owned mutation matrix fails with typed authority errors" started.
◇ Test case passing 1 argument mutation → .escapingRelativePiLink to "release-owned mutation matrix fails with typed authority errors" started.
◇ Test case passing 1 argument mutation → .absolutePiLink to "release-owned mutation matrix fails with typed authority errors" started.
◇ Test case passing 1 argument mutation → .cyclicPiLinks to "release-owned mutation matrix fails with typed authority errors" started.
◇ Test case passing 1 argument mutation → .retargetedPiLink to "release-owned mutation matrix fails with typed authority errors" started.
◇ Test case passing 1 argument count → 0 to "round-trip bounds fail closed" started.
◇ Test case passing 1 argument count → -1 to "round-trip bounds fail closed" started.
◇ Test case passing 1 argument count → 1001 to "round-trip bounds fail closed" started.
◇ Test case passing 1 argument count → 9223372036854775807 to "round-trip bounds fail closed" started.
◇ Test "replacement architecture failure propagates before later roles or effects" started.
◇ Test "PR narrative accepts a connected oldest-first fork and merge topology" started.
◇ Test "replacement review executes only the existing architecture launch" started.
◇ Test "changed argv, refspec, and extra input fail closed" started.
◇ Test "orchestration executes only frozen IDs and reviews evidence after the writer" started.
◇ Test "orchestration rejects a candidate plan without complete planning approvals" started.
◇ Test "a remote ref observed before advertisement is rejected" started.
◇ Test "head mismatch and reordered narrative stop before any model execution" started.
◇ Test "an exact absent remote ref is accepted before transfer" started.
◇ Test "failed verification remains blocked after three fix rounds" started.
◇ Test "missing and symbolic guard executables fail before Git" started.
◇ Test "the writer cannot select a subset of the frozen command plan" started.
◇ Test case passing 1 argument scenario → 0 to "one attributed agent authority commits q4 once and q5 remains impossible" started.
◇ Test case passing 1 argument scenario → 1 to "one attributed agent authority commits q4 once and q5 remains impossible" started.
◇ Test case passing 1 argument scenario → 2 to "one attributed agent authority commits q4 once and q5 remains impossible" started.
◇ Test "final plan identity binds exact role records and approval digests" started.
◇ Test "planning stops after exactly three unresolved review rounds" started.
◇ Test case passing 1 argument collisionCase → CrossTableHostCollisionCase(dimension: 4, state: "prepared") to "replacement SQL rejects every global ordinary lifecycle collision" started.
◇ Test "reviewer disagreement is complex and waits for plan approval" started.
◇ Test case passing 1 argument collisionCase → CrossTableHostCollisionCase(dimension: 4, state: "waiting") to "replacement SQL rejects every global ordinary lifecycle collision" started.
◇ Test case passing 1 argument collisionCase → CrossTableHostCollisionCase(dimension: 4, state: "running") to "replacement SQL rejects every global ordinary lifecycle collision" started.
◇ Test "PR review keeps oldest-first narrative and sends synthesis only normalized role results" started.
◇ Test case passing 1 argument collisionCase → CrossTableHostCollisionCase(dimension: 4, state: "stopping") to "replacement SQL rejects every global ordinary lifecycle collision" started.
◇ Test "clean planning freezes canonical commands after exact fresh reviewer approval" started.
◇ Test case passing 1 argument collisionCase → CrossTableHostCollisionCase(dimension: 4, state: "stopped") to "replacement SQL rejects every global ordinary lifecycle collision" started.
◇ Test case passing 1 argument collisionCase → CrossTableHostCollisionCase(dimension: 4, state: "lost") to "replacement SQL rejects every global ordinary lifecycle collision" started.
◇ Test case passing 1 argument collision → 1 to "ordinary physical identity updates never alias a replacement host" started.
◇ Test case passing 1 argument collision → 2 to "ordinary physical identity updates never alias a replacement host" started.
◇ Test case passing 1 argument collisionCase → CrossTableHostCollisionCase(dimension: 1, state: "waiting") to "replacement SQL rejects every global ordinary lifecycle collision" started.
◇ Test case passing 1 argument collision → 3 to "ordinary physical identity updates never alias a replacement host" started.
◇ Test case passing 1 argument collisionCase → CrossTableHostCollisionCase(dimension: 1, state: "running") to "replacement SQL rejects every global ordinary lifecycle collision" started.
◇ Test case passing 1 argument collision → 4 to "ordinary physical identity updates never alias a replacement host" started.
◇ Test "a writer veto prevents every frozen command from executing" started.
◇ Test case passing 1 argument collisionCase → CrossTableHostCollisionCase(dimension: 1, state: "stopping") to "replacement SQL rejects every global ordinary lifecycle collision" started.
◇ Test "a failed command prevents every later command in the frozen plan" started.
◇ Test case passing 1 argument collisionCase → CrossTableHostCollisionCase(dimension: 1, state: "stopped") to "replacement SQL rejects every global ordinary lifecycle collision" started.
◇ Test case passing 1 argument collisionCase → CrossTableHostCollisionCase(dimension: 1, state: "lost") to "replacement SQL rejects every global ordinary lifecycle collision" started.
◇ Test case passing 1 argument collisionCase → CrossTableHostCollisionCase(dimension: 2, state: "waiting") to "replacement SQL rejects every global ordinary lifecycle collision" started.
◇ Test case passing 1 argument collisionCase → CrossTableHostCollisionCase(dimension: 2, state: "running") to "replacement SQL rejects every global ordinary lifecycle collision" started.
◇ Test case passing 1 argument collisionCase → CrossTableHostCollisionCase(dimension: 2, state: "stopping") to "replacement SQL rejects every global ordinary lifecycle collision" started.
◇ Test case passing 1 argument collisionCase → CrossTableHostCollisionCase(dimension: 2, state: "stopped") to "replacement SQL rejects every global ordinary lifecycle collision" started.
◇ Test case passing 1 argument collisionCase → CrossTableHostCollisionCase(dimension: 2, state: "lost") to "replacement SQL rejects every global ordinary lifecycle collision" started.
◇ Test case passing 1 argument collisionCase → CrossTableHostCollisionCase(dimension: 3, state: "waiting") to "replacement SQL rejects every global ordinary lifecycle collision" started.
◇ Test "triage hard-risk flags override a model ready guess" started.
◇ Test case passing 1 argument collisionCase → CrossTableHostCollisionCase(dimension: 3, state: "running") to "replacement SQL rejects every global ordinary lifecycle collision" started.
◇ Test case passing 1 argument collisionCase → CrossTableHostCollisionCase(dimension: 3, state: "stopping") to "replacement SQL rejects every global ordinary lifecycle collision" started.
◇ Test case passing 1 argument collisionCase → CrossTableHostCollisionCase(dimension: 3, state: "stopped") to "replacement SQL rejects every global ordinary lifecycle collision" started.
◇ Test case passing 1 argument field → 0 to "replacement attribution denies every one-field q4 backing digest drift" started.
◇ Test case passing 1 argument field → 1 to "replacement attribution denies every one-field q4 backing digest drift" started.
◇ Test case passing 1 argument collisionCase → CrossTableHostCollisionCase(dimension: 3, state: "lost") to "replacement SQL rejects every global ordinary lifecycle collision" started.
◇ Test case passing 1 argument field → 2 to "replacement attribution denies every one-field q4 backing digest drift" started.
◇ Test case passing 1 argument field → 3 to "replacement attribution denies every one-field q4 backing digest drift" started.
◇ Test case passing 1 argument field → 4 to "replacement attribution denies every one-field q4 backing digest drift" started.
◇ Test "security facts stay human-owned even when writer and synthesis say simple" started.
◇ Test case passing 1 argument field → 5 to "replacement attribution denies every one-field q4 backing digest drift" started.
◇ Test case passing 1 argument field → 6 to "replacement attribution denies every one-field q4 backing digest drift" started.
◇ Test case passing 1 argument collision → 1 to "single-host activation rejects every replacement physical identity" started.
◇ Test case passing 1 argument collision → 2 to "single-host activation rejects every replacement physical identity" started.
◇ Test case passing 1 argument collision → 3 to "single-host activation rejects every replacement physical identity" started.
◇ Test "an independent orchestration veto cannot be downgraded by synthesis" started.
◇ Test "an independent planning veto cannot be downgraded by synthesis" started.
◇ Test "PR synthesis cannot downgrade an independent major finding" started.
◇ Test case passing 1 argument shape → .noRemoteEffectFailure to "replacement terminal outcomes reconstruct after close and reopen without replay" started.
◇ Test case passing 1 argument shape → .remoteEffectAmbiguous to "replacement terminal outcomes reconstruct after close and reopen without replay" started.
◇ Test case passing 1 argument shape → .q4Prepared to "replacement terminal outcomes reconstruct after close and reopen without replay" started.
◇ Test case passing 1 argument shape → .q4Enqueued to "replacement terminal outcomes reconstruct after close and reopen without replay" started.
◇ Test case passing 1 argument shape → .q4OutcomeAmbiguous to "replacement terminal outcomes reconstruct after close and reopen without replay" started.
◇ Test case passing 1 argument shape → .q4Failed to "replacement terminal outcomes reconstruct after close and reopen without replay" started.
◇ Test case passing 1 argument shape → .q4Settled to "replacement terminal outcomes reconstruct after close and reopen without replay" started.
◇ Test case passing 1 argument shape → .replacementHostLost to "replacement terminal outcomes reconstruct after close and reopen without replay" started.
◇ Test "an unknown command outcome stops every later role and round" started.
◇ Test "invalid command definitions return only to the same writer before review" started.
◇ Test case passing 1 argument collisionCase → CrossTableHostCollisionCase(dimension: 1, state: "waiting") to "ordinary raw DML rejects every replacement lifecycle collision" started.
◇ Test case passing 1 argument collisionCase → CrossTableHostCollisionCase(dimension: 2, state: "waiting") to "ordinary raw DML rejects every replacement lifecycle collision" started.
◇ Test case passing 1 argument collisionCase → CrossTableHostCollisionCase(dimension: 3, state: "waiting") to "ordinary raw DML rejects every replacement lifecycle collision" started.
◇ Test case passing 1 argument collisionCase → CrossTableHostCollisionCase(dimension: 4, state: "waiting") to "ordinary raw DML rejects every replacement lifecycle collision" started.
◇ Test case passing 1 argument collisionCase → CrossTableHostCollisionCase(dimension: 1, state: "running") to "ordinary raw DML rejects every replacement lifecycle collision" started.
◇ Test case passing 1 argument path → [JidokaCodeCore.HerdrRoleHostState.running] to "replacement lifecycle permits every declared edge with one durable sequence" started.
◇ Test case passing 1 argument collisionCase → CrossTableHostCollisionCase(dimension: 2, state: "running") to "ordinary raw DML rejects every replacement lifecycle collision" started.
◇ Test case passing 1 argument path → [JidokaCodeCore.HerdrRoleHostState.stopping] to "replacement lifecycle permits every declared edge with one durable sequence" started.
◇ Test case passing 1 argument collisionCase → CrossTableHostCollisionCase(dimension: 3, state: "running") to "ordinary raw DML rejects every replacement lifecycle collision" started.
◇ Test case passing 1 argument path → [JidokaCodeCore.HerdrRoleHostState.lost] to "replacement lifecycle permits every declared edge with one durable sequence" started.
◇ Test case passing 1 argument collisionCase → CrossTableHostCollisionCase(dimension: 4, state: "running") to "ordinary raw DML rejects every replacement lifecycle collision" started.
◇ Test case passing 1 argument path → [JidokaCodeCore.HerdrRoleHostState.running, JidokaCodeCore.HerdrRoleHostState.waiting] to "replacement lifecycle permits every declared edge with one durable sequence" started.
◇ Test case passing 1 argument collisionCase → CrossTableHostCollisionCase(dimension: 1, state: "stopping") to "ordinary raw DML rejects every replacement lifecycle collision" started.
◇ Test case passing 1 argument path → [JidokaCodeCore.HerdrRoleHostState.running, JidokaCodeCore.HerdrRoleHostState.stopping] to "replacement lifecycle permits every declared edge with one durable sequence" started.
◇ Test case passing 1 argument collisionCase → CrossTableHostCollisionCase(dimension: 2, state: "stopping") to "ordinary raw DML rejects every replacement lifecycle collision" started.
◇ Test case passing 1 argument path → [JidokaCodeCore.HerdrRoleHostState.running, JidokaCodeCore.HerdrRoleHostState.lost] to "replacement lifecycle permits every declared edge with one durable sequence" started.
◇ Test case passing 1 argument collisionCase → CrossTableHostCollisionCase(dimension: 3, state: "stopping") to "ordinary raw DML rejects every replacement lifecycle collision" started.
◇ Test case passing 1 argument path → [JidokaCodeCore.HerdrRoleHostState.stopping, JidokaCodeCore.HerdrRoleHostState.stopped] to "replacement lifecycle permits every declared edge with one durable sequence" started.
◇ Test case passing 1 argument collisionCase → CrossTableHostCollisionCase(dimension: 4, state: "stopping") to "ordinary raw DML rejects every replacement lifecycle collision" started.
◇ Test case passing 1 argument path → [JidokaCodeCore.HerdrRoleHostState.stopping, JidokaCodeCore.HerdrRoleHostState.lost] to "replacement lifecycle permits every declared edge with one durable sequence" started.
◇ Test case passing 1 argument collisionCase → CrossTableHostCollisionCase(dimension: 1, state: "stopped") to "ordinary raw DML rejects every replacement lifecycle collision" started.
◇ Test case passing 1 argument collisionCase → CrossTableHostCollisionCase(dimension: 2, state: "stopped") to "ordinary raw DML rejects every replacement lifecycle collision" started.
◇ Test case passing 1 argument collisionCase → CrossTableHostCollisionCase(dimension: 3, state: "stopped") to "ordinary raw DML rejects every replacement lifecycle collision" started.
◇ Test case passing 1 argument collisionCase → CrossTableHostCollisionCase(dimension: 4, state: "stopped") to "ordinary raw DML rejects every replacement lifecycle collision" started.
◇ Test case passing 1 argument collisionCase → CrossTableHostCollisionCase(dimension: 1, state: "lost") to "ordinary raw DML rejects every replacement lifecycle collision" started.
◇ Test case passing 1 argument collisionCase → CrossTableHostCollisionCase(dimension: 2, state: "lost") to "ordinary raw DML rejects every replacement lifecycle collision" started.
◇ Test case passing 1 argument collisionCase → CrossTableHostCollisionCase(dimension: 3, state: "lost") to "ordinary raw DML rejects every replacement lifecycle collision" started.
◇ Test case passing 1 argument collisionCase → CrossTableHostCollisionCase(dimension: 4, state: "lost") to "ordinary raw DML rejects every replacement lifecycle collision" started.
◇ Test case passing 1 argument collisionCase → CrossTableHostCollisionCase(dimension: 1, state: "waiting") to "ordinary raw activation rejects replacement physical identities" started.
◇ Test case passing 1 argument drift → 1 to "replacement attribution rejects authorization and evidence drift" started.
◇ Test case passing 1 argument collisionCase → CrossTableHostCollisionCase(dimension: 2, state: "waiting") to "ordinary raw activation rejects replacement physical identities" started.
◇ Test case passing 1 argument drift → 2 to "replacement attribution rejects authorization and evidence drift" started.
◇ Test case passing 1 argument collisionCase → CrossTableHostCollisionCase(dimension: 3, state: "waiting") to "ordinary raw activation rejects replacement physical identities" started.
◇ Test case passing 1 argument collisionCase → CrossTableHostCollisionCase(dimension: 1, state: "running") to "ordinary raw activation rejects replacement physical identities" started.
◇ Test case passing 1 argument field → 0 to "replacement SQL denies every one-field q4 backing digest drift before cutover" started.
◇ Test case passing 1 argument field → 1 to "replacement SQL denies every one-field q4 backing digest drift before cutover" started.
◇ Test case passing 1 argument collisionCase → CrossTableHostCollisionCase(dimension: 2, state: "running") to "ordinary raw activation rejects replacement physical identities" started.
◇ Test case passing 1 argument field → 2 to "replacement SQL denies every one-field q4 backing digest drift before cutover" started.
◇ Test case passing 1 argument field → 3 to "replacement SQL denies every one-field q4 backing digest drift before cutover" started.
◇ Test case passing 1 argument collisionCase → CrossTableHostCollisionCase(dimension: 3, state: "running") to "ordinary raw activation rejects replacement physical identities" started.
◇ Test case passing 1 argument field → 4 to "replacement SQL denies every one-field q4 backing digest drift before cutover" started.
◇ Test case passing 1 argument collisionCase → CrossTableHostCollisionCase(dimension: 1, state: "stopping") to "ordinary raw activation rejects replacement physical identities" started.
◇ Test case passing 1 argument field → 5 to "replacement SQL denies every one-field q4 backing digest drift before cutover" started.
◇ Test case passing 1 argument field → 6 to "replacement SQL denies every one-field q4 backing digest drift before cutover" started.
◇ Test case passing 1 argument collisionCase → CrossTableHostCollisionCase(dimension: 2, state: "stopping") to "ordinary raw activation rejects replacement physical identities" started.
◇ Test case passing 1 argument collisionCase → CrossTableHostCollisionCase(dimension: 3, state: "stopping") to "ordinary raw activation rejects replacement physical identities" started.
◇ Test case passing 1 argument collisionCase → CrossTableHostCollisionCase(dimension: 1, state: "stopped") to "ordinary raw activation rejects replacement physical identities" started.
◇ Test case passing 1 argument collisionCase → CrossTableHostCollisionCase(dimension: 2, state: "stopped") to "ordinary raw activation rejects replacement physical identities" started.
◇ Test case passing 1 argument collisionCase → CrossTableHostCollisionCase(dimension: 3, state: "stopped") to "ordinary raw activation rejects replacement physical identities" started.
◇ Test case passing 1 argument collisionCase → CrossTableHostCollisionCase(dimension: 1, state: "lost") to "ordinary raw activation rejects replacement physical identities" started.
◇ Test case passing 1 argument fault → 0 to "replacement cutover rolls back at every durable write" started.
◇ Test case passing 1 argument collisionCase → CrossTableHostCollisionCase(dimension: 2, state: "lost") to "ordinary raw activation rejects replacement physical identities" started.
◇ Test case passing 1 argument fault → 1 to "replacement cutover rolls back at every durable write" started.
◇ Test case passing 1 argument collisionCase → CrossTableHostCollisionCase(dimension: 3, state: "lost") to "ordinary raw activation rejects replacement physical identities" started.
◇ Test case passing 1 argument fault → 2 to "replacement cutover rolls back at every durable write" started.
◇ Test case passing 1 argument field → 0 to "replacement q4 SQL rejects every one-field event authority drift" started.
◇ Test case passing 1 argument fault → 3 to "replacement cutover rolls back at every durable write" started.
◇ Test case passing 1 argument field → 1 to "replacement q4 SQL rejects every one-field event authority drift" started.
◇ Test case passing 1 argument fault → 4 to "replacement cutover rolls back at every durable write" started.
◇ Test case passing 1 argument field → 2 to "replacement q4 SQL rejects every one-field event authority drift" started.
◇ Test case passing 1 argument field → 3 to "replacement q4 SQL rejects every one-field event authority drift" started.
◇ Test case passing 1 argument field → 4 to "replacement q4 SQL rejects every one-field event authority drift" started.
◇ Test case passing 1 argument field → 5 to "replacement q4 SQL rejects every one-field event authority drift" started.
◇ Test case passing 1 argument leftField → 0 to "replacement attribution rejects each adjacent q4 digest-role transposition" started.
◇ Test case passing 1 argument field → 6 to "replacement q4 SQL rejects every one-field event authority drift" started.
◇ Test case passing 1 argument leftField → 1 to "replacement attribution rejects each adjacent q4 digest-role transposition" started.
◇ Test case passing 1 argument field → 7 to "replacement q4 SQL rejects every one-field event authority drift" started.
◇ Test case passing 1 argument leftField → 2 to "replacement attribution rejects each adjacent q4 digest-role transposition" started.
◇ Test case passing 1 argument field → 8 to "replacement q4 SQL rejects every one-field event authority drift" started.
◇ Test case passing 1 argument leftField → 3 to "replacement attribution rejects each adjacent q4 digest-role transposition" started.
◇ Test case passing 1 argument field → 9 to "replacement q4 SQL rejects every one-field event authority drift" started.
◇ Test case passing 1 argument leftField → 4 to "replacement attribution rejects each adjacent q4 digest-role transposition" started.
◇ Test case passing 1 argument leftField → 5 to "replacement attribution rejects each adjacent q4 digest-role transposition" started.
◇ Test case passing 1 argument collision → 1 to "replacement SQL rejects cross-job ordinary-host physical identity collisions" started.
◇ Test case passing 1 argument collision → 2 to "replacement SQL rejects cross-job ordinary-host physical identity collisions" started.
◇ Test case passing 1 argument collision → 3 to "replacement SQL rejects cross-job ordinary-host physical identity collisions" started.
◇ Test case passing 1 argument collision → 4 to "replacement SQL rejects cross-job ordinary-host physical identity collisions" started.
◇ Test case passing 1 argument collision → 1 to "ordinary store preparation and activation reject replacement identities" started.
◇ Test case passing 1 argument collision → 2 to "ordinary store preparation and activation reject replacement identities" started.
◇ Test case passing 1 argument collision → 3 to "ordinary store preparation and activation reject replacement identities" started.
◇ Test case passing 1 argument collision → 4 to "ordinary store preparation and activation reject replacement identities" started.
◇ Test case passing 1 argument field → 0 to "replacement authorization rejects every one-field q4 backing digest drift" started.
◇ Test case passing 1 argument field → 1 to "replacement authorization rejects every one-field q4 backing digest drift" started.
◇ Test case passing 1 argument field → 2 to "replacement authorization rejects every one-field q4 backing digest drift" started.
◇ Test case passing 1 argument field → 3 to "replacement authorization rejects every one-field q4 backing digest drift" started.
◇ Test case passing 1 argument field → 4 to "replacement authorization rejects every one-field q4 backing digest drift" started.
◇ Test case passing 1 argument field → 5 to "replacement authorization rejects every one-field q4 backing digest drift" started.
◇ Test case passing 1 argument leftField → 0 to "replacement authorization rejects each adjacent q4 digest-role transposition" started.
◇ Test case passing 1 argument field → 6 to "replacement authorization rejects every one-field q4 backing digest drift" started.
◇ Test case passing 1 argument leftField → 1 to "replacement authorization rejects each adjacent q4 digest-role transposition" started.
◇ Test case passing 1 argument leftField → 2 to "replacement authorization rejects each adjacent q4 digest-role transposition" started.
◇ Test case passing 1 argument leftField → 3 to "replacement authorization rejects each adjacent q4 digest-role transposition" started.
◇ Test case passing 1 argument leftField → 4 to "replacement authorization rejects each adjacent q4 digest-role transposition" started.
◇ Test case passing 1 argument leftField → 5 to "replacement authorization rejects each adjacent q4 digest-role transposition" started.
◇ Test case passing 1 argument collision → 2 to "replacement SQL rejects every ordinary-host physical identity collision" started.
◇ Test case passing 1 argument collision → 3 to "replacement SQL rejects every ordinary-host physical identity collision" started.
◇ Test case passing 1 argument collision → 4 to "replacement SQL rejects every ordinary-host physical identity collision" started.
◇ Test case passing 1 argument collision → 5 to "replacement SQL rejects every ordinary-host physical identity collision" started.
◇ Test case passing 1 argument collision → 6 to "replacement SQL rejects every ordinary-host physical identity collision" started.
◇ Test case passing 1 argument collision → 7 to "replacement SQL rejects every ordinary-host physical identity collision" started.
◇ Test case passing 1 argument collision → 8 to "replacement SQL rejects every ordinary-host physical identity collision" started.
◇ Test case passing 1 argument collision → 9 to "replacement SQL rejects every ordinary-host physical identity collision" started.
◇ Test case passing 1 argument collision → 10 to "replacement SQL rejects every ordinary-host physical identity collision" started.
◇ Test case passing 1 argument kind → .claimReady to "startup recovery advances each durably completed implementation step exactly once" started.
◇ Test case passing 1 argument leftField → 0 to "replacement SQL rejects each adjacent q4 digest-role transposition before cutover" started.
◇ Test case passing 1 argument kind → .plan to "startup recovery advances each durably completed implementation step exactly once" started.
◇ Test case passing 1 argument leftField → 1 to "replacement SQL rejects each adjacent q4 digest-role transposition before cutover" started.
◇ Test case passing 1 argument kind → .writePlan to "startup recovery advances each durably completed implementation step exactly once" started.
◇ Test case passing 1 argument leftField → 2 to "replacement SQL rejects each adjacent q4 digest-role transposition before cutover" started.
◇ Test case passing 1 argument kind → .orchestrate to "startup recovery advances each durably completed implementation step exactly once" started.
◇ Test case passing 1 argument leftField → 3 to "replacement SQL rejects each adjacent q4 digest-role transposition before cutover" started.
◇ Test case passing 1 argument kind → .push to "startup recovery advances each durably completed implementation step exactly once" started.
◇ Test case passing 1 argument leftField → 4 to "replacement SQL rejects each adjacent q4 digest-role transposition before cutover" started.
◇ Test case passing 1 argument kind → .openPullRequest to "startup recovery advances each durably completed implementation step exactly once" started.
◇ Test case passing 1 argument leftField → 5 to "replacement SQL rejects each adjacent q4 digest-role transposition before cutover" started.
◇ Test case passing 1 argument kind → .linkPullRequest to "startup recovery advances each durably completed implementation step exactly once" started.
◇ Test case passing 1 argument kind → .qa to "startup recovery advances each durably completed implementation step exactly once" started.
◇ Test case passing 1 argument collision → 1 to "replacement store rejects global ordinary-host identities" started.
◇ Test case passing 1 argument collision → 2 to "replacement store rejects global ordinary-host identities" started.
◇ Test case passing 1 argument collision → 3 to "replacement store rejects global ordinary-host identities" started.
◇ Test case passing 1 argument collision → 4 to "replacement store rejects global ordinary-host identities" started.
◇ Test case passing 1 argument collision → 1 to "replacement store rejects every ordinary-host physical identity collision" started.
◇ Test case passing 1 argument collision → 2 to "replacement store rejects every ordinary-host physical identity collision" started.
◇ Test case passing 1 argument collision → 3 to "replacement store rejects every ordinary-host physical identity collision" started.
◇ Test case passing 1 argument collision → 4 to "replacement store rejects every ordinary-host physical identity collision" started.
◇ Test case passing 1 argument collision → 5 to "replacement store rejects every ordinary-host physical identity collision" started.
◇ Test case passing 1 argument collision → 6 to "replacement store rejects every ordinary-host physical identity collision" started.
◇ Test case passing 1 argument collision → 7 to "replacement store rejects every ordinary-host physical identity collision" started.
◇ Test case passing 1 argument collision → 8 to "replacement store rejects every ordinary-host physical identity collision" started.
◇ Test case passing 1 argument collision → 9 to "replacement store rejects every ordinary-host physical identity collision" started.
◇ Test case passing 1 argument collision → 10 to "replacement store rejects every ordinary-host physical identity collision" started.
◇ Test case passing 1 argument manifest → 0 bytes to "malformed or incomplete manifest fails closed" started.
◇ Test case passing 1 argument manifest → 1 bytes to "malformed or incomplete manifest fails closed" started.
◇ Test case passing 1 argument manifest → 22 bytes to "malformed or incomplete manifest fails closed" started.
◇ Test case passing 1 argument manifest → 28 bytes to "malformed or incomplete manifest fails closed" started.
◇ Test case passing 1 argument manifest → 42 bytes to "malformed or incomplete manifest fails closed" started.
◇ Test case passing 1 argument mode → "session-escape-success" to "an observed session escape stays identity-owned across exact leader outcome" started.
◇ Test case passing 1 argument mode → "session-escape-error" to "an observed session escape stays identity-owned across exact leader outcome" started.
◇ Test case passing 1 argument schemaVersion → -1 to "every unsupported schema fails closed" started.
◇ Test case passing 1 argument schemaVersion → 0 to "every unsupported schema fails closed" started.
◇ Test case passing 1 argument schemaVersion → 2 to "every unsupported schema fails closed" started.
◇ Test case passing 1 argument schemaVersion → 9223372036854775807 to "every unsupported schema fails closed" started.
◇ Test case passing 1 argument command → .status to "closed commands parse" started.
◇ Test case passing 1 argument command → .create to "closed commands parse" started.
◇ Test case passing 1 argument command → .read to "closed commands parse" started.
◇ Test case passing 1 argument command → .replace to "closed commands parse" started.
◇ Test case passing 1 argument command → .delete to "closed commands parse" started.
◇ Test case passing 1 argument arguments → [] to "arbitrary Keychain commands fail closed" started.
◇ Test case passing 1 argument arguments → ["status", "extra"] to "arbitrary Keychain commands fail closed" started.
◇ Test case passing 1 argument arguments → ["create", "caller-value"] to "arbitrary Keychain commands fail closed" started.
◇ Test case passing 1 argument arguments → ["read", "other-service"] to "arbitrary Keychain commands fail closed" started.
◇ Test case passing 1 argument arguments → ["export"] to "arbitrary Keychain commands fail closed" started.
◇ Test case passing 1 argument arguments → [] to "arbitrary Pi commands fail closed" started.
◇ Test case passing 1 argument arguments → ["profile"] to "arbitrary Pi commands fail closed" started.
◇ Test case passing 1 argument arguments → ["profile", "review", "extra"] to "arbitrary Pi commands fail closed" started.
◇ Test case passing 1 argument arguments → ["profile", "unknown"] to "arbitrary Pi commands fail closed" started.
◇ Test case passing 1 argument arguments → ["preflight", "/tmp/arbitrary"] to "arbitrary Pi commands fail closed" started.
◇ Test case passing 1 argument arguments → ["shell", "echo"] to "arbitrary Pi commands fail closed" started.
✔ Test "planning and orchestration resumes bind the prior settled session boundary" with 2 test cases passed after 4.638 seconds.
✔ Test "configuration pins private prompt, model, session, and directories" passed after 4.638 seconds.
✔ Test "race injection preserves the competing ref and never retries automatically" passed after 4.638 seconds.
✔ Test "TUI argv omits RPC mode and prompt while preserving exact resource order" passed after 4.638 seconds.
✔ Test "TUI environment adds only its private configuration capability" passed after 4.638 seconds.
✔ Test "golden delta-only transcripts decode all four strict result schemas" passed after 4.638 seconds.
✔ Test "replay executor consumes each exact workflow-role-round fixture once" passed after 4.638 seconds.
✔ Test "locked settings admit only exact Pi-owned persisted version and terminal theme shapes" passed after 4.638 seconds.
✔ Test "unknown schema fields and hard-risk flags cannot pass decoder strictness" passed after 4.639 seconds.
✔ Test "result acknowledgement and release bind the exact digest and run identity" passed after 4.640 seconds.
✔ Test "unstructured output, extension error, missing settled, and multiple result fail" passed after 4.640 seconds.
✔ Test "canary CLI accepts only exact bounded commands" passed after 4.640 seconds.
✔ Test "registration failure reopens bootstrap and returns a redacted code" passed after 4.640 seconds.
✔ Test "a cold agent missing from BTM can quit durably before any snapshot" passed after 4.640 seconds.
✔ Test "priority order is locked while starvation is observation-only" passed after 4.640 seconds.
✔ Test "session identity origin and boundary match the exact launch configuration" passed after 4.642 seconds.
✔ Test "every workflow role preserves the W5 model, resource, skill, tool, and command contract" with 15 test cases passed after 4.642 seconds.
✔ Test "secret-classified and oversized payloads are rejected before write" passed after 4.642 seconds.
✔ Test "credential deletion rechecks background access before the next helper request" passed after 4.642 seconds.
✔ Test "write and read persist typed digest evidence with strict permissions" passed after 4.642 seconds.
✔ Test "exclusive-write collision preserves the unowned existing file" passed after 4.642 seconds.
✔ Test "mutated artifact fails digest verification" passed after 4.642 seconds.
✔ Test "an unregistered agent missing from BTM uses bootstrap and can quit durably" passed after 4.642 seconds.
✔ Test "symlink and persisted traversal paths fail closed" passed after 4.642 seconds.
✔ Test "resume pins the exact existing session without another prompt argument" passed after 4.642 seconds.
✔ Test "repository and branch validation fail closed" passed after 4.642 seconds.
✔ Test "repository toggles, model profiles, and app settings survive reopen" passed after 4.642 seconds.
✔ Test "mismatched and divergent settlement files fail closed" passed after 4.642 seconds.
✔ Test "durable publisher records send epoch and recovers unknown sends read-only" passed after 4.642 seconds.
✔ Test "creates only missing labels and preserves matching labels on every rerun" passed after 4.643 seconds.
✔ Test "max concurrency is bounded and drives durable lease admission" passed after 4.642 seconds.
✔ Test "a due pass that drops to readback-only reconciles and then pauses" passed after 4.642 seconds.
✔ Test "durable publisher denial leaves a prepared intent and performs no Git send" passed after 4.642 seconds.
✔ Test "requires approval remains on the bootstrap control plane without starting jobs" passed after 4.642 seconds.
✔ Test "the production retry policy tolerates a slow helper and pins its exact bound" passed after 4.644 seconds.
✔ Test "every post-send outcome reconciles without a blind second create" passed after 4.671 seconds.
✔ Test "an authority that cannot answer denies the due pass instead of running it" passed after 4.673 seconds.
✔ Test "rollout admission selects active, readback-only, denied, and error paths" passed after 4.673 seconds.
✔ Test "pause drops pending triggers and resume schedules one immediate pass" passed after 4.689 seconds.
✔ Test "ambiguous helper startup failure preserves registered recovery authority" passed after 4.708 seconds.
✔ Test "catalog model identifiers with slashes remain exact Pi arguments" passed after 4.717 seconds.
✔ Test "disabling login checkpoints the helper before unregistering" passed after 4.734 seconds.
✔ Test "first onboarding checkpoints bootstrap before registration and helper handoff" with 2 test cases passed after 4.734 seconds.
✔ Test "an enabled helper verifies the credential ACL once per UI process" passed after 4.737 seconds.
✔ Test "production activation notification identity is exact" passed after 4.737 seconds.
✔ Test "immediate triggers are bounded and overlapping passes coalesce once" passed after 4.740 seconds.
✔ Test "branch traversal, malformed SHA, and missing commit fail before a send" passed after 4.746 seconds.
✔ Test "invalid job and database failure leave no newly written file" passed after 4.746 seconds.
✔ Test "W8 settings migrate from W6 and credential replacement metadata is durable" passed after 4.746 seconds.
✔ Test "TUI capability roots reject allow ACLs and accept deny-only ACLs" passed after 4.746 seconds.
✔ Test "explicit WAL checkpoint is durable and closed stores reject it" passed after 4.746 seconds.
✔ Test "repository backoff persists 60 through 1800 seconds and resets" passed after 4.746 seconds.
✔ Test "explicit backup is consistent and closed stores fail closed" passed after 4.746 seconds.
✔ Test "startup coordinator persists recovery before scheduling discovery" passed after 4.746 seconds.
✔ Test "production schema 8 to 9 rolls back after every exact migration statement" with 76 test cases passed after 4.746 seconds.
✔ Test "injected virtual clock drives startup, periodic, wake, and network triggers" passed after 4.747 seconds.
✔ Test "production schema upgrades through architecture role-host replacement authority" passed after 4.747 seconds.
✔ Test "configuration schema and API reject credential-shaped values" passed after 4.749 seconds.
✔ Test "applied migrations record their body digest and reopen idempotently" passed after 4.749 seconds.
✔ Test "a schema-10 database stamped by an unshipped migration body fails closed" passed after 4.749 seconds.
✔ Test "failed migration rolls back schema and migration version" passed after 4.749 seconds.
✔ Test "empty database migrates with required pragmas and permissions" passed after 4.749 seconds.
✔ Test "symbolic-link database and parent paths fail closed" passed after 4.749 seconds.
✔ Test "missing, duplicate, reordered, mutated, and wrong-author parts fail" passed after 4.749 seconds.
✔ Test "canary CLI keeps the pane-inspection preview on the bounded long timeout" passed after 4.749 seconds.
✔ Test "terminal replacement replay is denied before marker or launch admission" passed after 4.749 seconds.
✔ Test "application XPC and CLI JSON preserve every typed replacement outcome" with 8 test cases passed after 4.749 seconds.
✔ Test "multipart preserves UTF-8 boundaries, hostile HTML, and marker-like payload" passed after 4.749 seconds.
✔ Test "foreign keys and append-only triggers reject invalid writes" passed after 4.762 seconds.
✔ Test "initial runtime reload emits only closed diagnostic phases" passed after 4.762 seconds.
✔ Test "a successful credential replacement avoids a second ACL prompt during handoff" passed after 4.762 seconds.
✔ Test "helper startup does not retry a typed non-availability failure" passed after 4.762 seconds.
✔ Test "typed transaction commits once and rolls back on error" passed after 4.763 seconds.
✔ Test "packaging verifies staged input before copy and creates inventory privately" passed after 4.762 seconds.
✔ Test "all 13 actual production seams preserve one real release identity" passed after 4.762 seconds.
✔ Test "packaged diagnostics stay inside one bounded process-group supervisor" passed after 4.762 seconds.
✔ Test "canonical bytes lock line endings, final LF, and digest" passed after 4.762 seconds.
✔ Test "topology changes require an explicit durable checkpoint receipt" passed after 4.762 seconds.
✔ Test "maintenance CLI accepts only closed evidence-bound commands" passed after 4.762 seconds.
✔ Test "unsafe roots, branches, collisions, and missing jobs fail closed" passed after 4.762 seconds.
✔ Test "periodic tick is exactly 600 seconds" passed after 4.763 seconds.
✔ Test "deterministic fuzz preserves every canonical payload byte" passed after 4.762 seconds.
✔ Test "historical attributed intents cannot authorize a changed current label set" passed after 4.762 seconds.
✔ Test "unknown composite label send with no effect remains safely retryable" passed after 4.762 seconds.
✔ Test "retirement cleanup remains provider-independent without runtime components" passed after 4.762 seconds.
✔ Test "a database this binary refuses as too new is never written to" passed after 4.763 seconds.
✔ Test "a changed expected workflow-label subset blocks before every send" passed after 4.762 seconds.
✔ Test "production schema 9 to 10 rolls back after every exact migration statement" with 90 test cases passed after 4.763 seconds.
✔ Test "generation rollover CLI accepts only canonical two-phase authority" passed after 4.763 seconds.
✔ Test "irreversible upgrade creates a readable pre-migration backup" passed after 4.763 seconds.
✔ Test "ordinary release compilation excludes diagnostic and ad hoc runtime authority" passed after 4.763 seconds.
✔ Test "external Pi closure drift cannot satisfy the release-owned production contract" passed after 4.763 seconds.
✔ Test "incomplete bootstrap never attempts registration" passed after 4.763 seconds.
✔ Test "every hard risk is human-owned and approval cannot bypass it" passed after 4.763 seconds.
✔ Test "unknown, missing evidence, or reporter disagreement is at least complex" passed after 4.763 seconds.
✔ Test "external lookup spy has a clean-machine throwing negative control" passed after 4.763 seconds.
✔ Test "production schema upgrades to rollout authority without manufacturing authority" passed after 4.763 seconds.
✔ Test "55000 and 55001 byte boundaries follow the locked split algorithm" passed after 4.763 seconds.
✔ Test "lost response after a verified first operation resumes the attributed prefix" passed after 4.763 seconds.
✔ Test "a writer cannot downgrade reviewer facts or synthesis severity" passed after 4.763 seconds.
✔ Test "started commands become irreversible unknown and a new generation cannot bypass them" passed after 4.763 seconds.
✔ Test "five workstreams and every design trigger are complex" passed after 4.763 seconds.
✔ Test "two through four bounded workstreams are moderate" with 3 test cases passed after 4.763 seconds.
✔ Test "production replacement boundary returns every typed outcome and closes authority" with 9 test cases passed after 4.763 seconds.
✔ Test "logical slot collisions and durable pause fail before start" passed after 4.763 seconds.
✔ Test "only a full persisted expectation attributes marker comments" passed after 4.763 seconds.
✔ Test "production endpoint and attestation resources cannot come from process input" passed after 4.763 seconds.
✔ Test "decision digest binds classification, facts, reporters, reasons, and evidence" passed after 4.763 seconds.
✔ Test "one fully evidenced localized workstream is simple" passed after 4.763 seconds.
✔ Test "post-registration control-plane failure checkpoints before rollback" passed after 4.764 seconds.
✔ Test "same-second PID reuse cannot bind an original process group" passed after 4.790 seconds.
✔ Test "inspection failures are normalized to fail-closed rollout drift" passed after 4.790 seconds.
✔ Test "all production Pi workflows share Herdr and recovery precedes job recovery" passed after 4.790 seconds.
✔ Test "supplemental source routing names all finite production boundaries" passed after 4.797 seconds.
✔ Test "packaged release identity must match every executable and resource binding" passed after 4.798 seconds.
✔ Test "credentialless environment has exact locked boundaries" passed after 4.798 seconds.
✔ Test "XPC request and response validate exact identity" passed after 4.798 seconds.
✔ Test "claim transition sends each operation once and reentry only reads" passed after 4.807 seconds.
✔ Test "installer publishes only the validated copied and expanded payload" passed after 4.808 seconds.
✔ Test "unknown service status fails closed" passed after 4.809 seconds.
✔ Test "arbitrary lifecycle arguments are rejected" with 6 test cases passed after 4.809 seconds.
✔ Test "topology gate keeps each passing candidate" passed after 4.809 seconds.
✔ Test "reopen resumes an attributed prefix and a prepared unsent suffix" passed after 4.809 seconds.
✔ Test "credential ACL migration failure never reaches the helper" passed after 4.820 seconds.
✔ Test "missing, duplicate, and invalid reporter inputs fail closed" passed after 4.820 seconds.
✔ Test "oversized logical documents fail before multipart allocation" passed after 4.864 seconds.
✔ Test "rollout preview budgets account for the identity request and page" passed after 4.865 seconds.
✔ Test "an existing divergent digest path is never overwritten" passed after 4.865 seconds.
✔ Test "descriptor-bound source becomes an exact private executable snapshot" passed after 4.865 seconds.
✔ Test "reconciliation is the first launch event" passed after 4.866 seconds.
✔ Test "a source path swap during signature validation fails closed" passed after 4.895 seconds.
✔ Test "command prefix ordering requires accepted evidence" passed after 4.916 seconds.
✔ Test "a stale never-started attempt is superseded before a new start grant" passed after 4.916 seconds.
✔ Test "credential deletion converges after Keychain mutation and process reopen" passed after 4.916 seconds.
✔ Test "signature rejection occurs before a private snapshot is created" passed after 4.915 seconds.
✔ Test "unknown ids, changed definitions, forbidden shapes, and cwd escape fail closed" passed after 4.915 seconds.
✔ Test "wrong-identity and unordered responses are rejected" passed after 4.992 seconds.
✔ Test "historical records without a phase remain decodable" passed after 4.992 seconds.
✔ Test "service generation arguments are exact" passed after 4.992 seconds.
✔ Test "the durable schema rejects a partial credential replacement journal" passed after 4.992 seconds.
✔ Test "human-owned planning decisions can never become executable plans" passed after 4.992 seconds.
✔ Test "direct client completes 100 unique ordered round trips" passed after 4.992 seconds.
✔ Test "duplicate add race resolves through one atomic update" passed after 4.992 seconds.
✔ Test "frozen plan digest binds artifact, plan bytes, classifier, and command order" passed after 4.992 seconds.
✔ Test "invalid account and payload fail before backend access" passed after 4.992 seconds.
✔ Test "packaging and source gates use the native microsecond-identity supervisor" passed after 4.992 seconds.
✔ Test "startup completes old-account cleanup after the metadata commit boundary" passed after 4.992 seconds.
✔ Test "prepare start result and replay are immutable and idempotent" passed after 4.993 seconds.
✔ Test "artifact, model profile, prior results, and write scope become bounded prompt data" passed after 4.992 seconds.
✔ Test "unsafe directory and filename fail closed" passed after 4.992 seconds.
✔ Test "topology gate blocks when every candidate fails" passed after 4.992 seconds.
✔ Test "direct request identity is validated" passed after 4.992 seconds.
✔ Test "review roles get no write paths and use the review profile" passed after 4.992 seconds.
✔ Test "log accepts only closed event fields and rotates private files" passed after 4.992 seconds.
✔ Test "private destination must independently satisfy the signature policy" passed after 4.993 seconds.
✔ Test "an exact final file from a pre-chmod crash resumes to executable mode" passed after 4.993 seconds.
✔ Test "definition digest frames argument and environment domains independently" passed after 4.993 seconds.
✔ Test "prepared and staging crash artifacts recover to one exact snapshot" passed after 4.993 seconds.
✔ Test "signature cleanup never unlinks a swapped destination inode" passed after 4.993 seconds.
✔ Test "same-account recovery does not mistake the old token for a completed rotation" passed after 4.993 seconds.
✔ Test "packaged access policy trusts only the UI bundle and engine helper" passed after 4.993 seconds.
✔ Test "PR discovery rejects drafts and terminal evidence but accepts a new head SHA" passed after 4.993 seconds.
✔ Test "background ACL migration is idempotent and verifies persisted access" passed after 4.993 seconds.
✔ Test "all 13 actual production seams deny release drift before effect" passed after 4.993 seconds.
✔ Test "issue discovery excludes PR entries and every workflow label" passed after 4.994 seconds.
✔ Test "implementation discovery requires exact ready or approved label states" passed after 4.994 seconds.
✔ Test "old-token cleanup converges before an immediate retry and after reopen" passed after 4.993 seconds.
✔ Test "activation rejects a confirmed digest that differs from canonical preview bytes" passed after 4.993 seconds.
✔ Test "execution activation cannot invent a job beyond the planning checkpoint" passed after 4.993 seconds.
✔ Test "a rollout job cannot settle an unreserved mutation effect" passed after 4.993 seconds.
✔ Test "closed lifecycle arguments parse" passed after 4.993 seconds.
✔ Test "stable service and account support atomic create then replace" passed after 4.993 seconds.
✔ Test "a failure before the Keychain write rolls the journal back to the old account" passed after 4.993 seconds.
✔ Test "preview is read-only and exact activation is atomic" passed after 4.993 seconds.
✔ Test "an exact transient failure closes the lane instead of retrying" passed after 4.993 seconds.
✔ Test "execution start is not misreported as a completed stage" passed after 4.993 seconds.
✔ Test "canonical preview rejects unknown fields and changed bytes" passed after 4.993 seconds.
✔ Test "provider admission binds artifact, narrative, resources, and model profile" passed after 4.993 seconds.
✔ Test "startup recovery transforms only the bound rollout job before explicit continuation" passed after 4.993 seconds.
✔ Test "a Keychain success followed by an error is completed from the durable journal" passed after 4.993 seconds.
✔ Test "expiry closes and terminalizes the lane before any fresh effect" passed after 4.993 seconds.
✔ Test "Pi transport interruption is classified as unknown writer state, never blind retry" passed after 4.993 seconds.
✔ Test "exact execution evaluates only its bound waiting-human job" passed after 4.993 seconds.
✔ Test "planning authority cannot cross the durable simple-plan boundary" passed after 4.993 seconds.
✔ Test "status and transport failures have operation-specific outcomes" passed after 4.993 seconds.
✔ Test "database lease triggers reject an unbound quarantined generated review" passed after 4.993 seconds.
✔ Test "first finite window admits only its closed future predicate and uses operational expiry" passed after 4.993 seconds.
✔ Test "confirmed recovery resumes only the same exact job after every effect settles" passed after 4.993 seconds.
✔ Test "stop enters draining before durable pause and terminalizes only after drain" passed after 4.993 seconds.
✔ Test "generated review activation cannot invent an unlinked child job" passed after 4.993 seconds.
✔ Test "issue marker revision and label sends are bound to the live planning step" passed after 4.993 seconds.
✔ Test "GitHub reads require the matching task-local scope and settle exactly once" passed after 4.993 seconds.
✔ Test "definitive denial escalates while timeout remains read-back only" passed after 4.993 seconds.
✔ Test "the same durable provider run reuses one permit without consuming another slot" passed after 4.993 seconds.
✔ Test "an exact interrupted provider boundary requires explicit recovery" passed after 4.993 seconds.
✔ Test "canary marker gate is inert normally and exact while active" passed after 4.993 seconds.
✔ Test "an exact intentional terminal result settles and pauses its stage" passed after 4.993 seconds.
✔ Test "direct canary runs exactly one leased job and never walks the queue" passed after 4.994 seconds.
✔ Test "reconciliation dispatch runs before any new discovery read" passed after 4.994 seconds.
✔ Test "one unexpired OAuth provider is projected and securely removed" passed after 4.994 seconds.
✔ Test "marker cap failure rolls back the complete reservation batch" passed after 4.995 seconds.
✔ Test "credential preflight failure leaves the durable intent provably unsent" passed after 4.994 seconds.
✔ Test "operation mismatches and invalid attempts fail before remote reads" passed after 4.995 seconds.
✔ Test "terminal historical evidence does not block a later drain" passed after 4.994 seconds.
✔ Test "a settled local provider result reconciles only its bound reservation" passed after 4.994 seconds.
✔ Test "service status values are stable" with 4 test cases passed after 4.994 seconds.
✔ Test "activation rejects a canonical preview at its exact expiry boundary" passed after 4.994 seconds.
✔ Test "effect reservations consume a finite cap and remain immutable" passed after 4.994 seconds.
✔ Test "closed local spike commands parse" passed after 4.994 seconds.
✔ Test "W0: repository flag drift leaves an already queued job inert" passed after 4.994 seconds.
✔ Test "intent is sendStarted before transport and a repeated create never sends again" passed after 4.995 seconds.
✔ Test "every allowed operation has an exact method, host, and operation id" passed after 4.994 seconds.
✔ Test "closing read admission after reservation prevents Git transport" passed after 4.996 seconds.
✔ Test "brokered credential is host-bound, one-shot, and absent from disk and environment" passed after 4.996 seconds.
✔ Test "changed-file parser rejects malformed UTF-8" passed after 4.995 seconds.
✔ Test "stale approval checkpoints into a separately authorized planning step" passed after 4.996 seconds.
✔ Test "durable pause atomically rejects discovery creation and new leases" passed after 4.996 seconds.
✔ Test "paused legacy passes promote exactly-due and overdue retries but not future deadlines" passed after 4.996 seconds.
✔ Test "authorized retry reads the old marker generation before resend" passed after 4.996 seconds.
✔ Test "the first real scheduler pass recovers an interrupted leased job before discovery" passed after 4.996 seconds.
✔ Test "finite activation requires a same-stage exact receipt" passed after 4.996 seconds.
✔ Test "transient workflow failure enters durable backoff instead of terminal block" passed after 4.996 seconds.
✔ Test "canary authorizes the whole marker batch before part one" passed after 4.996 seconds.
✔ Test "activation rejects every stale preview digest" passed after 4.996 seconds.
✔ Test "nested inventories stop before any recursive network invocation" passed after 4.995 seconds.
✔ Test "W0: pause suppresses unbound recovery as well as discovery" passed after 4.996 seconds.
✔ Test "the insert and update gates share the active-row condition and an identical tail" passed after 4.995 seconds.
✔ Test "restart reattaches only pre-boundary orphan reservations after exact recovery" passed after 4.997 seconds.
✔ Test "untrusted path, query, and payload values fail closed" passed after 4.996 seconds.
✔ Test "PR and branch read-back reject duplicate or divergent remote state" passed after 4.995 seconds.
✔ Test "a response-lost partial multipart create reconciles and escalates without another send" passed after 4.996 seconds.
✔ Test "a symbolic ancestor cannot redirect submodule materialization" passed after 4.995 seconds.
✔ Test "comment read-back requires all exact marker parts and author identity" passed after 4.995 seconds.
✔ Test "workflow labels compare the full workflow subset" passed after 4.995 seconds.
✔ Test "system reconciliation sleeper rejects invalid durations" passed after 4.995 seconds.
✔ Test "inventory is strict and rejects network shapes outside canonical GitHub HTTPS" passed after 4.995 seconds.
✔ Test "revocation denies fresh effects but preserves exact uncertain-effect readback" passed after 4.996 seconds.
✔ Test "a generation-1 job stays gated even where no lane was ever opened" passed after 4.996 seconds.
✔ Test "discovery failure persists repository backoff without terminal skip" passed after 4.996 seconds.
✔ Test "all parts are prepared, sent once, reconstructed, and attributed" passed after 4.996 seconds.
✔ Test "delayed visibility attributes exact effects without any second send" passed after 4.996 seconds.
✔ Test "preview rejects duplicate labels and lists larger than their budgets" passed after 4.996 seconds.
✔ Test "an open lane rejects an unbound generation-0 lease on its own repository" passed after 4.996 seconds.
✔ Test "W0: onboarding completion remains paused without rollout authority" passed after 4.996 seconds.
✔ Test "send permits are task-bound, single-use transport capabilities" passed after 4.996 seconds.
✔ Test "arbitrary local spike commands fail closed" with 5 test cases passed after 4.996 seconds.
✔ Test "recovery that needs a guarded rerun preserves the current step in backoff" passed after 4.997 seconds.
◇ Test case passing 1 argument index → 0 to "response rejects operation nonce peer process and path drift" started.
◇ Test case passing 1 argument index → 1 to "response rejects operation nonce peer process and path drift" started.
◇ Test case passing 1 argument index → 2 to "response rejects operation nonce peer process and path drift" started.
◇ Test case passing 1 argument index → 3 to "response rejects operation nonce peer process and path drift" started.
◇ Test case passing 1 argument index → 4 to "response rejects operation nonce peer process and path drift" started.
◇ Test case passing 1 argument index → 5 to "response rejects operation nonce peer process and path drift" started.
✔ Test "query and body allowlists are exact" passed after 4.996 seconds.
✔ Test "a missing lease still reports a typed error rather than a raw SQLite abort" passed after 4.998 seconds.
✔ Test "reactivating a released lease is admission and stays gated while a lane is open" passed after 5.048 seconds.
✔ Test "an open lane on one repository never gates another repository" passed after 5.048 seconds.
✔ Test "missing mirror escalates before any Git subprocess" passed after 5.048 seconds.
✔ Test "the upsert lease shape is gated exactly like the plain statements" passed after 5.048 seconds.
✔ Test "W0: an unscoped pass cannot dispatch two serial queued jobs" passed after 5.048 seconds.
✔ Test "unknown startup failure cannot expand private data into the real log" passed after 5.076 seconds.
✔ Test "operation-specific policy never retries an unknown non-idempotent create" passed after 5.081 seconds.
✔ Test "an empty authorization table leaves ordinary generation-0 leases admissible" passed after 5.081 seconds.
✔ Test "typed startup failure preserves its phase and non-fallback error code" passed after 5.081 seconds.
✔ Test "six crash windows across every operation have one conservative outcome" passed after 5.081 seconds.
✔ Test "startup sweep finishes cleanup stranded by a terminal crash boundary" passed after 5.081 seconds.
✔ Test "one pass dispatches only the exact bound workflow and leaves other jobs queued" passed after 5.082 seconds.
✔ Test "a lease the open lane does not bind stops being a continuation" passed after 5.081 seconds.
✔ Test "request digest, operation mapping, and read/write separation fail closed" passed after 5.081 seconds.
✔ Test "Herdr readiness closes dispatch and focus remains an explicit command" passed after 5.081 seconds.
✔ Test "label bootstrap distinguishes absent, exact, and semantic conflict" passed after 5.081 seconds.
✔ Test "arbitrary workflow commands fail closed" with 5 test cases passed after 5.081 seconds.
✔ Test "packaged probe resolves resources when launchd supplies a basename argv zero" passed after 5.083 seconds.
✔ Test "generation rollover service keeps phases paused exclusive and checkpointed" passed after 5.081 seconds.
✔ Test "configuration drift fails and pauses the active lane before another effect" passed after 5.082 seconds.
✔ Test "transferring a live lease to the bound job stays gated during drain or recovery" passed after 5.082 seconds.
✔ Test "job maintenance requires pause exact evidence checkpoint and cleanup" passed after 5.081 seconds.
✔ Test "retirement cleanup failure replays committed authority before checkpoint" passed after 5.081 seconds.
✔ Test "quit waits for the runtime checkpoint and returns durable evidence" passed after 5.081 seconds.
✔ Test "nested intermediate rename and symlink substitution fails closed" passed after 5.081 seconds.
✔ Test "readiness regained on wake rebuilds runtime before requesting a pass" passed after 5.081 seconds.
✔ Test "successful startup records its complete ordered tail" passed after 5.081 seconds.
✔ Test "wake and network regain forward only lifecycle scheduler reasons" passed after 5.081 seconds.
✔ Test "canary service remains paused and binds preview execute and checkpoint" passed after 5.081 seconds.
✔ Test "replacement service checkpoints every typed terminal outcome with balanced exclusivity" with 8 test cases passed after 5.081 seconds.
✔ Test "production catalog construction is release-owned and has no private runtime fallback" passed after 5.081 seconds.
✔ Test "ambiguous retry requires byte-exact current evidence" passed after 5.081 seconds.
✔ Test "closed workflow commands parse" passed after 5.081 seconds.
✔ Test "a paused or draining lane still refuses fresh admission" passed after 5.082 seconds.
✔ Test "terminal evidence is causally ordered after prompt acceptance" passed after 5.081 seconds.
✔ Test "a live lease's identity changes are checked as admission" passed after 5.088 seconds.
✔ Test "divergent crash artifacts are preserved and rejected" passed after 5.087 seconds.
✔ Test "mandatory agent, turn, user, and assistant lifecycle cannot be omitted or reordered" passed after 5.087 seconds.
✔ Test "an unavailable real log sink cannot change startup authority" passed after 5.115 seconds.
✔ Test "Node executable must match an exact packaged digest" passed after 5.114 seconds.
✔ Test "a nonterminal tool result closes its turn before the next assistant message" passed after 5.114 seconds.
✔ Test "range membership never authorizes an unattested Pi build" passed after 5.114 seconds.
✔ Test "source swaps symlinks hard links and manifest drift fail closed" passed after 5.115 seconds.
✔ Test "onboarding persists exact prerequisites and never persists token bytes" passed after 5.115 seconds.
✔ Test "one changed critical runtime byte fails closed" passed after 5.114 seconds.
✔ Test "consent withdrawal and profile changes durably close dispatch" passed after 5.115 seconds.
✔ Test "model catalog refresh is explicit, informational, and fail-closed" passed after 5.114 seconds.
✔ Test "release-owned mutation matrix fails with typed authority errors" with 25 test cases passed after 5.114 seconds.
✔ Test "malformed compatibility policy produces an actionable packaged-app failure" passed after 5.114 seconds.
✔ Test "prepared-before-send, send epoch, and terminal evidence persist across reopen" passed after 5.115 seconds.
✔ Test "reopen collects and settles every uncertain multipart intent" passed after 5.116 seconds.
✔ Test "every closed authorization state releases the gate for ordinary jobs" passed after 5.115 seconds.
✔ Test "a shared launcher digest can attest distinct Node closures" passed after 5.114 seconds.
✔ Test "database failures are attributed before and after runtime reload" passed after 5.115 seconds.
✔ Test "empty, oversized, malformed, and unterminated records fail closed" passed after 5.115 seconds.
✔ Test "LF framing preserves Unicode separators and accepts one trailing CR" passed after 5.154 seconds.
✔ Test "round-trip bounds fail closed" with 4 test cases passed after 5.154 seconds.
✔ Test "a generation-1 job stays gated after its own lane has closed" passed after 5.155 seconds.
✔ Test "Node dependency closure rejects missing and additional policy entries" passed after 5.154 seconds.
✔ Test "artifact mismatch and ambiguous profiles fail before launch preparation" passed after 5.154 seconds.
✔ Test "tool lifecycle rejects unauthorized, orphaned, and mismatched calls" passed after 5.154 seconds.
✔ Test "Node rpath resolution rejects an earlier unpinned shadow library" passed after 5.154 seconds.
✔ Test "one changed Node dynamic-library byte fails closed" passed after 5.154 seconds.
✔ Test "Pi package rejects writable roots and hard-linked imported files" passed after 5.154 seconds.
✔ Test "process absence distinguishes matching replacement and missing identities" passed after 5.154 seconds.
✔ Test "pause and drain stop admission but never a held lease's heartbeat" passed after 5.155 seconds.
✔ Test "release signing mode binds distinct exact Node CodeDirectories" passed after 5.155 seconds.
✔ Test "production app and Node requirements are exact Apple-anchored Jidoka identities" passed after 5.155 seconds.
✔ Test "correlated accepted prompt plus one settled result is the only success" passed after 5.155 seconds.
✔ Test "generation rollover bootstrap binds lineage and starts only at q4" passed after 5.155 seconds.
✔ Test "one complete Node build cannot ambiguously attest two version labels" passed after 5.155 seconds.
✔ Test "release manifest rejects non-canonical and unknown fields" passed after 5.155 seconds.
✔ Test "one changed executable package byte outside the critical subset fails closed" passed after 5.155 seconds.
✔ Test "prepared crash state recovers without overwriting divergent final data" passed after 5.155 seconds.
✔ Test "bootstrap and queue records reject mutation and wrong host identity" passed after 5.155 seconds.
✔ Test "source symlinks, hard links, and path swaps fail closed" passed after 5.155 seconds.
✔ Test "state and command inventory require exact model and provenance" passed after 5.155 seconds.
✔ Test "an existing non-private destination ancestor is rejected" passed after 5.156 seconds.
✔ Test "release signature evidence is exact and fail closed" passed after 5.156 seconds.
✔ Test "production rejects detached and user-renamable application runtime paths" passed after 5.156 seconds.
✔ Test "Finder-style symlinks resolve to exact attested Pi and Node builds" passed after 5.156 seconds.
✔ Test "containment pause remains idempotent and generic resume is denied" passed after 5.156 seconds.
✔ Test "replacement descriptor starts at q4 and rejects every predecessor sequence" passed after 5.156 seconds.
✔ Test "unknown create absent after the full visibility window escalates" passed after 5.157 seconds.
✔ Test "absolute Pi shebang binds the exact canonical Node executable" passed after 5.156 seconds.
✔ Test "external closure drift cannot become release-owned production authority" passed after 5.156 seconds.
✔ Test "an attested internal relative Pi link is accepted" passed after 5.157 seconds.
✔ Test "Node rejects writable executables and hard-linked dynamic libraries" passed after 5.157 seconds.
✔ Test "later attested Node builds resolve through the stable candidate" passed after 5.157 seconds.
✔ Test "an exact script under a group-writable ancestor becomes one private snapshot" passed after 5.157 seconds.
✔ Test "release manifest and runtime mutations fail closed" passed after 5.158 seconds.
✔ Test "one role host executes a contiguous create-only command queue" passed after 5.157 seconds.
✔ Test "a queue gap fails before any child execution" passed after 5.157 seconds.
✔ Test "release package and runtime root replacement fail before final authority" passed after 5.157 seconds.
✔ Test "a failed Pi command is immutable and a later authorized command can run" passed after 5.157 seconds.
✔ Test "paused topology intents require the exact open canary authority" passed after 5.157 seconds.
✔ Test "production team mismatch rejects before strict nested signature validation" passed after 5.157 seconds.
✔ Test "private runtime snapshot removes unsafe source ancestors from reopen authority" passed after 5.158 seconds.
✔ Test "replacement SQL rejects every global ordinary lifecycle collision" with 21 test cases passed after 5.157 seconds.
✔ Test "ordinary physical identity updates never alias a replacement host" with 4 test cases passed after 5.157 seconds.
✔ Test "critical runtime symbolic links are rejected even with matching bytes" passed after 5.157 seconds.
✔ Test "replacement durable state rejects a forged well-formed authorization digest" passed after 5.158 seconds.
✔ Test "workflow and TUI resources become one exact private tree" passed after 5.159 seconds.
✔ Test "owned partial staging and prepared crash artifacts recover exactly" passed after 5.158 seconds.
✔ Test "Darwin allow ACLs cannot authorize runtime source or snapshot mutation" passed after 5.158 seconds.
✔ Test "unsafe and divergent private destinations are preserved and rejected" passed after 5.159 seconds.
✔ Test "semantic versions reject prefixes, prereleases, and leading zeroes" passed after 5.158 seconds.
✔ Test "symbolic links and permissive directories fail closed" passed after 5.158 seconds.
✔ Test "replacement attribution denies every one-field q4 backing digest drift" with 7 test cases passed after 5.158 seconds.
✔ Test "a digest mismatch creates no private catalog directory" passed after 5.158 seconds.
✔ Test "replacement lifecycle, sequence, identity, and q5 mutations fail closed" passed after 5.158 seconds.
✔ Test "single-host activation rejects every replacement physical identity" with 3 test cases passed after 5.158 seconds.
✔ Test "replacement q4 SQL requires the exact preview-bound descriptor digest" passed after 5.158 seconds.
✔ Test "descriptor-pinned inspection rejects root, path, vnode, and read races" passed after 5.160 seconds.
✔ Test "bindings are exact and append-only events reject mutation" passed after 5.158 seconds.
✔ Test "replacement terminal outcomes reconstruct after close and reopen without replay" with 8 test cases passed after 5.159 seconds.
✔ Test "multiple or out-of-plan terminal command results fail closed" passed after 5.159 seconds.
✔ Test "topology intent timestamps are transition-bound while replays remain exact" passed after 5.158 seconds.
✔ Test "replacement service balances exclusivity when production runtime throws" passed after 5.160 seconds.
✔ Test "ordinary raw DML rejects every replacement lifecycle collision" with 20 test cases passed after 5.159 seconds.
✔ Test "exclusive maximum and lower versions are rejected before digest acceptance" passed after 5.158 seconds.
✔ Test "replacement lifecycle permits every declared edge with one durable sequence" with 8 test cases passed after 5.159 seconds.
✔ Test "commit-count and aggregate wall-clock budgets stop before narrative expansion" passed after 5.159 seconds.
✔ Test "noncolliding ordinary and replacement hosts remain valid controls" passed after 5.159 seconds.
✔ Test "replacement attribution rejects authorization and evidence drift" with 2 test cases passed after 5.159 seconds.
✔ Test "ordinary raw activation rejects replacement physical identities" with 15 test cases passed after 5.159 seconds.
✔ Test "replacement SQL denies every one-field q4 backing digest drift before cutover" with 7 test cases passed after 5.159 seconds.
✔ Test "topology activation commits every role or rolls the whole generation back" passed after 5.159 seconds.
✔ Test "replacement cutover rolls back at every durable write" with 5 test cases passed after 5.159 seconds.
✔ Test "replacement SQL rejects cross-job ordinary-host physical identity collisions" with 4 test cases passed after 5.159 seconds.
✔ Test "ordinary store preparation and activation reject replacement identities" with 4 test cases passed after 5.159 seconds.
✔ Test "replacement q4 SQL rejects every one-field event authority drift" with 10 test cases passed after 5.159 seconds.
✔ Test "one owner holds the lock and release permits a later owner" passed after 5.159 seconds.
✔ Test "replacement authorization rejects every one-field q4 backing digest drift" with 7 test cases passed after 5.159 seconds.
✔ Test "replacement q4 must use the authorization's planned launch identity" passed after 5.159 seconds.
✔ Test "replacement host must use the authorization's planned durable identity" passed after 5.159 seconds.
✔ Test "logical slots collide explicitly and durable pause blocks prepare" passed after 5.160 seconds.
✔ Test "cold Herdr socket replacement preserves history and advances topology generation" passed after 5.159 seconds.
✔ Test "replacement authorization rejects each adjacent q4 digest-role transposition" with 6 test cases passed after 5.159 seconds.
✔ Test "replacement attribution rejects each adjacent q4 digest-role transposition" with 6 test cases passed after 5.159 seconds.
✔ Test "result settlement commits before idempotent acknowledgement and release" passed after 5.161 seconds.
✔ Test "source release manifest matches the compiled production anchor" passed after 5.162 seconds.
✔ Test "unknown responses, extension errors, retry, and events after settled are fatal" passed after 5.170 seconds.
✔ Test "replacement SQL rejects every ordinary-host physical identity collision" with 9 test cases passed after 5.170 seconds.
✔ Test "topology intent transitions are digest-bound and idempotent" passed after 5.228 seconds.
✔ Test "ordinary store rebind rejects a replacement pane" passed after 5.288 seconds.
✔ Test "production XPC handler returns exact envelopes without reflecting credential bytes" passed after 5.290 seconds.
✔ Test "mutated script and unsafe Pi agent directory fail before process execution" passed after 5.290 seconds.
✔ Test "schema v10 preserves legacy RPC runs and creates each migration backup" passed after 5.290 seconds.
✔ Test "all commands survive a Codable round trip without changing kind" passed after 5.290 seconds.
✔ Test "replacement store constructs the one exact q4 event authority" passed after 5.290 seconds.
✔ Test "replacement authorization is inert, idempotent, immutable, and exact" passed after 5.290 seconds.
✔ Test "replacement SQL rejects each adjacent q4 digest-role transposition before cutover" with 6 test cases passed after 5.291 seconds.
✔ Test "executor constructs the canonical launch from application-only preparation" passed after 5.290 seconds.
✔ Test "cross-run boundary and same-run retry preserve causal session provenance" passed after 5.290 seconds.
✔ Test "replacement store rejects global ordinary-host identities" with 4 test cases passed after 5.290 seconds.
✔ Test "replacement intent requires the exact durable authorization payload" passed after 5.293 seconds.
✔ Test "read-only roles reject write paths and session directives stay canonical" passed after 5.293 seconds.
✔ Test "generation rollover responses bind phase authority and checkpoints" passed after 5.293 seconds.
✔ Test "schema 9 decodes the immutable schema 7 retry report fixture" passed after 5.293 seconds.
✔ Test "canary responses require paused exact evidence and checkpoint authority" passed after 5.294 seconds.
✔ Test "a role host process restart cannot replay a started queue" passed after 5.294 seconds.
✔ Test "replacement terminal outcomes serialize only closed status and effect shapes" passed after 5.294 seconds.
✔ Test "lost generation retry lineage advances through one q4 successor" passed after 5.295 seconds.
✔ Test "maintenance responses remain bound to exact scope count and evidence" passed after 5.294 seconds.
✔ Test "replacement store rejects every ordinary-host physical identity collision" with 10 test cases passed after 5.294 seconds.
✔ Test "replacement q4 rejects a mismatched canary authorization SHA" passed after 5.294 seconds.
✔ Test "prepared replacement intent remains the only nonterminal continuation after restart" passed after 5.295 seconds.
✔ Test "transition event keys make attempt and step changes exactly once" passed after 5.294 seconds.
✔ Test "only exact resource failures after the boundary are safely requeued" passed after 5.294 seconds.
✔ Test "maintenance apply requires pause and byte-exact current evidence" passed after 5.294 seconds.
✔ Test "closed commands parse" passed after 5.308 seconds.
✔ Test "claim generations persist ready, stale, and approved sequences" passed after 5.308 seconds.
✔ Test "request and response bind version, identity, and operation" passed after 5.308 seconds.
✔ Test "logical identity suppresses rediscovery across restart and contract bump" passed after 5.308 seconds.
✔ Test "malformed or incomplete manifest fails closed" with 5 test cases passed after 5.308 seconds.
✔ Test "unsupported versions and malformed request IDs fail closed" passed after 5.308 seconds.
✔ Test "invocation builder excludes generic discovery and secret-shaped environment keys" passed after 5.309 seconds.
✔ Test "application preparation cannot select the wrong model profile" passed after 5.310 seconds.
✔ Test "decoder accepts canonical Pi output and sorts deterministically" passed after 5.309 seconds.
✔ Test "replacement rejects a coherent post-preview q4 authorization rebind" passed after 5.310 seconds.
✔ Test "resource retry rejects a candidate with durable job-step evidence" passed after 5.309 seconds.
✔ Test "unexpected resource name fails closed" passed after 5.309 seconds.
✔ Test "production helper allowlist covers every non-ServiceManagement command" passed after 5.309 seconds.
✔ Test "oversized manifest fails before decoding" passed after 5.309 seconds.
✔ Test "base revision binds validated branch and exact SHA" passed after 5.309 seconds.
✔ Test "resource-directory symbolic link is rejected" passed after 5.397 seconds.
✔ Test "Security status classification is total for known boundaries" passed after 5.397 seconds.
✔ Test "JCS golden vector excludes only a fully attributed app marker" passed after 5.397 seconds.
✔ Test "exact paused canary admits one repaired PR and bounds every effect" passed after 5.398 seconds.
✔ Test "manifest symbolic link is rejected" passed after 5.397 seconds.
✔ Test "probe identifiers are fixed" passed after 5.397 seconds.
✔ Test "NDJSON parser preserves fragmented and coalesced records" passed after 5.397 seconds.
✔ Test "one-byte manifest change changes digest" passed after 5.397 seconds.
✔ Test "decoder rejects duplicates, unsupported levels, extra fields, and oversized output" passed after 5.397 seconds.
✔ Test "duplicate immutable IDs and malformed timestamps fail closed" passed after 5.397 seconds.
✔ Test "resolver binds executable, version, schema, and credentialless argv" passed after 5.399 seconds.
✔ Test "closed commands parse" with 5 test cases passed after 5.397 seconds.
✔ Test "arbitrary Keychain commands fail closed" with 5 test cases passed after 5.398 seconds.
✔ Test "every unsupported schema fails closed" with 4 test cases passed after 5.398 seconds.
✔ Test "workflow labels and attributed markers are revision-stable" passed after 5.399 seconds.
✔ Test "unexpected bundle identity fails closed" passed after 5.399 seconds.
✔ Test "digest is lowercase SHA-256" passed after 5.399 seconds.
✔ Test "missing manifest fails closed" passed after 5.399 seconds.
✔ Test "human edits, comments, domain labels, and linked digests make plans stale" passed after 5.399 seconds.
✔ Test "arbitrary Pi commands fail closed" with 6 test cases passed after 5.399 seconds.
✔ Test "UID, PID, and exact executable path all fail closed" passed after 5.352 seconds.
✔ Test "packaged and development helpers derive only the exact sibling app executable" passed after 5.352 seconds.
✔ Test "Unicode is not normalized and numeric comment order is deterministic" passed after 5.399 seconds.
✔ Test "valid manifest produces exact attributable evidence" passed after 5.399 seconds.
✔ Test "round trip reconstructs every digest-bound invariant" passed after 5.348 seconds.
✔ Test "changed snapshot digest fails closed" passed after 5.347 seconds.
✔ Test "completed steps are append-only, ordinal-bound, and digest-validated" passed after 5.400 seconds.
✔ Test "descriptor store is create-only private digest-bound and rejects mutation" passed after 5.352 seconds.
✔ Test "exact pre-boundary retirement is atomic suppresses rediscovery and replays" passed after 5.400 seconds.
✔ Test "repository lease and global semaphore enforce both bounds" passed after 5.400 seconds.
✔ Test "stale approval cannot replan before consume attribution" passed after 5.400 seconds.
✔ Test "maintenance batch rollback is all-or-nothing" passed after 5.400 seconds.
✔ Test "attributed and ambiguous dispositions control rediscovery and retry" passed after 5.400 seconds.
✔ Test "release-owned direct request is exact, bounded, and source inputs remain unchanged" passed after 5.400 seconds.
✔ Test "unsafe application directories fail before the process runner" passed after 5.400 seconds.
✔ Test "all unlisted state and event pairs fail closed" passed after 5.254 seconds.
✔ Test "success requires exact SHA-256 acceptance evidence" passed after 5.253 seconds.
✔ Test "retry requires a future persisted deadline" passed after 5.246 seconds.
✔ Test "claim generations preserve distinct ready, approved, and stale paths" passed after 5.246 seconds.
✔ Test "a historical canary send is denied and marks no intent as started" passed after 5.400 seconds.
✔ Test "a closed no-effect canary retry requires a new preview and admission" passed after 5.400 seconds.
✔ Test "multi-step transitions advance exactly once and feedback does not advance" passed after 5.246 seconds.
✔ Test "a historical canary permit cannot be verified or settled" passed after 5.400 seconds.
✔ Test "every normative runtime transition has the exact effect" passed after 5.231 seconds.
✔ Test "a historical canary context cannot reserve any fresh effect" passed after 5.400 seconds.
✔ Test "recovery is total and preserves attempts, steps, and deadlines" passed after 5.231 seconds.
✔ Test "read-only roles and unsafe paths cannot gain a write surface" passed after 5.246 seconds.
✔ Test "command provenance has no user or project resource" passed after 5.231 seconds.
✔ Test "workflow and role select only the primary skill plus one fixed role skill" passed after 5.231 seconds.
✔ Test "startup recovery persists the total matrix before dispatch" passed after 5.400 seconds.
✔ Test "runtime configuration derives tool policy and writes one private immutable file" passed after 5.087 seconds.
✔ Test "exact manifest attests every production extension, policy, and skill" passed after 5.092 seconds.
✔ Test "a finite window binds its observed object-number upper bound" passed after 5.256 seconds.
✔ Test "finite preview binds the complete deterministic candidate set" passed after 5.255 seconds.
✔ Test "a preview whose canonical bytes no longer round-trip is rejected" passed after 5.256 seconds.
✔ Test "the builder refuses a non-positive object number, so discovery never sees one" passed after 5.256 seconds.
✔ Test "maintenance rejects every active durable authority" passed after 5.403 seconds.
✔ Test "a review-stage preview cannot be built with missing labels at all" passed after 5.256 seconds.
✔ Test "runtime mutation drift and fault matrices have exact unique shape" passed after 3.141 seconds.
✔ Test "the builder refuses a missing job binding, so no preview carries one" passed after 5.312 seconds.
✔ Test "a transport failure during revalidation is drift, never a pass" passed after 5.312 seconds.
✔ Test "deterministic operation property preserves repository and global lease bounds" passed after 5.458 seconds.
✔ Test "global retry generation does not require a nonexistent prior PR intent" passed after 3.170 seconds.
✔ Test "an exact PR that becomes visible after escalation is attributed by read-only late check" passed after 3.170 seconds.
✔ Test "retry checks every older PR generation, not only the immediately preceding one" passed after 3.197 seconds.
✔ Test "the builder refuses a finite window at the exact-only stages" passed after 5.332 seconds.
✔ Test "authorized retry reads the old generation before creating a new PR" passed after 3.197 seconds.
✔ Test "a crash after durable prepare but before send is sent exactly once on retry" passed after 3.197 seconds.
✔ Test "lost response with no PR escalates and cannot recreate" passed after 3.195 seconds.
✔ Test "lost response after create attributes the exact PR and reentry never sends again" passed after 3.189 seconds.
✔ Test "request rejects malformed nonce" passed after 2.821 seconds.
✔ Test "response rejects operation nonce peer process and path drift" with 6 test cases passed after 2.807 seconds.
✔ Test "request and response bind one canonical nonce and exact installed paths" passed after 2.803 seconds.
✔ Test "UAT identifiers remain distinct from production authority" passed after 2.789 seconds.
✔ Test "mutated, redirected, linked, or writable resources fail closed" passed after 5.245 seconds.
✔ Test "replacement review executes only the existing architecture launch" passed after 2.272 seconds.
✔ Test "replacement architecture failure propagates before later roles or effects" passed after 2.294 seconds.
✔ Test "PR narrative accepts a connected oldest-first fork and merge topology" passed after 2.284 seconds.
✔ Test "changed argv, refspec, and extra input fail closed" passed after 2.272 seconds.
✔ Test "a remote ref observed before advertisement is rejected" passed after 2.256 seconds.
✔ Test "orchestration rejects a candidate plan without complete planning approvals" passed after 2.267 seconds.
✔ Test "an exact absent remote ref is accepted before transfer" passed after 2.242 seconds.
✔ Test "orchestration executes only frozen IDs and reviews evidence after the writer" passed after 2.267 seconds.
✔ Test "PR review keeps oldest-first narrative and sends synthesis only normalized role results" passed after 2.171 seconds.
✔ Test "head mismatch and reordered narrative stop before any model execution" passed after 2.256 seconds.
✔ Test "planning stops after exactly three unresolved review rounds" passed after 2.187 seconds.
✔ Test "failed verification remains blocked after three fix rounds" passed after 2.237 seconds.
✔ Test "the writer cannot select a subset of the frozen command plan" passed after 2.234 seconds.
✔ Test "missing and symbolic guard executables fail before Git" passed after 2.237 seconds.
✔ Test "triage hard-risk flags override a model ready guess" passed after 2.032 seconds.
✔ Test "reviewer disagreement is complex and waits for plan approval" passed after 2.182 seconds.
✔ Test "security facts stay human-owned even when writer and synthesis say simple" passed after 1.989 seconds.
✔ Test "clean planning freezes canonical commands after exact fresh reviewer approval" passed after 2.170 seconds.
✔ Test "PR synthesis cannot downgrade an independent major finding" passed after 1.942 seconds.
✔ Test "an independent planning veto cannot be downgraded by synthesis" passed after 1.942 seconds.
✔ Test "an independent orchestration veto cannot be downgraded by synthesis" passed after 1.942 seconds.
✔ Test "a writer veto prevents every frozen command from executing" passed after 2.098 seconds.
✔ Test "final plan identity binds exact role records and approval digests" passed after 2.210 seconds.
✔ Test "a failed command prevents every later command in the frozen plan" passed after 2.093 seconds.
✔ Test "invalid command definitions return only to the same writer before review" passed after 1.876 seconds.
✔ Test "an unknown command outcome stops every later role and round" passed after 1.880 seconds.
✔ Suite "Exact Pi TUI invocation and structured settlement channel" passed after 5.507 seconds.
✔ Suite "Deterministic fake-provider replay for all Pi workflows" passed after 5.507 seconds.
✔ Suite "Contained artifact store" passed after 5.508 seconds.
✔ Suite "Persistent configuration" passed after 5.507 seconds.
✔ Suite "Workflow label bootstrap" passed after 5.508 seconds.
✔ Suite "SQLite durable store" passed after 5.509 seconds.
✔ Suite "Byte-exact GitHub markers" passed after 5.509 seconds.
✔ Suite "Production Herdr composition contract" passed after 5.509 seconds.
✔ Suite "Durable exact workflow-label mutations" passed after 5.510 seconds.
✔ Suite "Deterministic authoritative complexity classifier" passed after 5.510 seconds.
✔ Test "symlink executables and working directories fail closed" passed after 5.507 seconds.
✔ Suite "Rollout release identity attestor" passed after 5.510 seconds.
✔ Suite "Production engine external services" passed after 5.523 seconds.
✔ Suite "Packaged executable private snapshot" passed after 5.524 seconds.
✔ Suite "Redacted engine log" passed after 5.540 seconds.
✔ Suite "GitHub token Keychain boundary" passed after 5.540 seconds.
✔ Suite "Application-only Pi job workflow preparation" passed after 5.540 seconds.
✔ Test "claim marker and exact workflow labels reconcile as one attributable effect" passed after 5.544 seconds.
✔ Suite "GitHub discovery with durable terminal evidence" passed after 5.548 seconds.
✔ Suite "End-to-end scheduler job coordinator" passed after 5.557 seconds.
✔ Suite "Prepared-before-send GitHub mutation executor" passed after 5.572 seconds.
✔ Suite "Durable multipart GitHub marker publication" passed after 5.572 seconds.
✔ Suite "Local spike closed command contract" passed after 5.592 seconds.
✔ Suite "Closed GitHub REST request inventory" passed after 5.592 seconds.
✔ Suite "Repository lease rollout authority" passed after 5.619 seconds.
✔ Suite "Operation-specific GitHub read-back observations" passed after 5.619 seconds.
✔ Suite "Durable mutation reconciliation" passed after 5.619 seconds.
✔ Suite "Application engine service" passed after 5.619 seconds.
✔ Suite "Workflow probe closed command contract" passed after 5.685 seconds.
✔ Suite "Packaged Pi resource tree snapshot" passed after 5.685 seconds.
✔ Suite "Production Pi model catalog integration" passed after 5.686 seconds.
✔ Suite "Strict Pi RPC JSONL and terminal result contract" passed after 5.685 seconds.
✔ Suite "Digest-attested Pi and Node runtime resolver" passed after 5.697 seconds.
✔ Suite "Persistent exact Herdr role host" passed after 5.721 seconds.
✔ Suite "Packaged resource private snapshot" passed after 5.739 seconds.
✔ Suite "Single UI instance lock" passed after 5.775 seconds.
✔ Suite "Versioned application engine protocol" passed after 5.865 seconds.
✔ Suite "Pi model catalog discovery boundary" passed after 5.865 seconds.
✔ Suite "Production Pi RPC workflow adapter" passed after 5.865 seconds.
✔ Suite "Durable jobs, dispositions, leases, and recovery" passed after 5.886 seconds.
✔ Suite "Pi probe closed command contract" passed after 5.939 seconds.
✔ Suite "Packaged preflight" passed after 5.940 seconds.
✔ Suite "Pi model catalog" passed after 5.940 seconds.
✔ Suite "Issue and base revision" passed after 5.950 seconds.
✔ Suite "Keychain isolation contract" passed after 5.953 seconds.
✔ Test "accessibility identifiers and user-facing errors are stable and secret-free" passed after 5.978 seconds.
✔ Suite "Engine XPC peer validation" passed after 5.979 seconds.
✔ Test "repository parser accepts GitHub URL and owner/repository only" passed after 5.978 seconds.
✔ Suite "Durable frozen command plan snapshots" passed after 5.979 seconds.
✔ Suite "Job runtime and recovery state machines" passed after 5.986 seconds.
✔ Test "argv stays discrete and output is captured without a shell" passed after 5.984 seconds.
✔ Suite "Historical canary effect denial" passed after 5.986 seconds.
✔ Suite "App-versioned Pi workflow resources and runtime configuration" passed after 5.986 seconds.
✔ Test "the builder refuses a step the workflow-label switch does not cover" passed after 5.833 seconds.
✔ Suite "Durable pull request create publication" passed after 6.039 seconds.
✔ Suite "Location probe protocol" passed after 6.065 seconds.
✔ Test "exact PR preview rejects every independently drifted remote binding" passed after 5.912 seconds.
✔ Suite "Pi workflow routers preserve role, session, command, and safety boundaries" passed after 6.065 seconds.
✔ Suite "Atomic Git push old-zero guard" passed after 6.066 seconds.
✔ Test "one attributed agent authority commits q4 once and q5 remains impossible" with 3 test cases passed after 6.064 seconds.
✔ Test "invalid credential error is actionable and redacted" passed after 6.077 seconds.
✔ Test "concurrent publication for one repository ref is rejected before a second create" passed after 6.076 seconds.
✔ Test "two mutating commands remain fail-closed" passed after 6.079 seconds.
✔ Suite "Job-scoped GitHub mutation read-back" passed after 6.112 seconds.
✔ Test "service lifetime handles cancellation before entering its wait" passed after 6.117 seconds.
◇ Test "redirect policy allows one canonical repository GET on the API host only" started.
◇ Test "canonical credential bytes and account identity reject metadata-preserving drift" started.
◇ Test "built askpass executable consumes the capability without token argv or env" started.
✔ Test "correlated fake provider transcript settles and every descendant is removed" passed after 6.183 seconds.
◇ Test "exact handshake decodes snapshot without touching focus" started.
◇ Test "binary and schema drift fail before readiness" started.
✔ Test "pause gate waits for admitted mutations and rejects every later send" passed after 6.333 seconds.
◇ Test "descriptor load rejects Darwin allow ACL authority over the child" started.
✔ Test "exact triage preview binds issue, labels, and default-branch base" passed after 6.199 seconds.
◇ Test "job kinds eagerly create exact one four and five role-host topologies" started.
✔ Test "exact execution preview binds the approved waiting-human checkpoint" passed after 6.193 seconds.
✔ Test "repository-label inventory drift is rejected in every shape" passed after 6.255 seconds.
✔ Suite "Durable Pi and Herdr ownership store" passed after 6.433 seconds.
✔ Test "polling reports one deterministic blocker for every dispatch gate" passed after 6.440 seconds.
✔ Test "pause closure waits for admitted commands and rejects later starts" passed after 6.449 seconds.
✔ Test "redirect policy allows one canonical repository GET on the API host only" passed after 0.347 seconds.
✔ Test "canonical credential bytes and account identity reject metadata-preserving drift" passed after 0.347 seconds.
✔ Test "binary and schema drift fail before readiness" passed after 0.337 seconds.
✔ Test "ambiguous UI emits only late recheck or exact authorization" passed after 6.668 seconds.
✔ Test "every application termination path shares one durable checkpoint gate" passed after 6.693 seconds.
✔ Test "a notification checkpoint completes before synchronous termination" passed after 6.693 seconds.
✔ Test "a failed notification checkpoint resolves a concurrent AppKit quit" passed after 6.694 seconds.
✔ Test "an interactive command waits for the active automatic snapshot" passed after 6.730 seconds.
✔ Test "descriptor load rejects Darwin allow ACL authority over the child" passed after 0.396 seconds.
✔ Test "exact triage preview rejects issue-label and repository-label drift" passed after 6.586 seconds.
✔ Test "an observed session escape stays identity-owned across exact leader outcome" with 2 test cases passed after 6.738 seconds.
✔ Test "timeout removes an observed session escape by PID and microsecond start time" passed after 6.743 seconds.
✔ Suite "Durable approved command authority" passed after 6.801 seconds.
✔ Test "a child that closes stdin cannot terminate the engine with SIGPIPE" passed after 6.798 seconds.
✔ Test "a settled child must still exit successfully when it exits on its own" passed after 6.923 seconds.
◇ Test "role-host publication leases serialize without bypassing pause closure" started.
✔ Test "observed session-escaping descendants are identity-cleaned with exact leader status" with 2 test cases passed after 6.970 seconds.
✔ Suite "Application helper handoff" passed after 6.977 seconds.
✔ Test "durable quit waits for an in-flight refresh" passed after 6.977 seconds.
✔ Test "timeout directly removes an observed session-escaping identity" passed after 7.045 seconds.
◇ Test "production URLSession transport executes through an offline URLProtocol fixture" started.
◇ Test "final, prepared, and staging projections are scrubbed exactly" started.
✔ Test "exact handshake decodes snapshot without touching focus" passed after 0.893 seconds.
◇ Test "CLI output must be byte-identical to the packaged schema" started.
✔ Test "a sleeping run loop wakes for an immediate trigger" passed after 7.265 seconds.
◇ Test "descriptor preparation rolls back every incomplete durable phase" started.
✔ Test "final, prepared, and staging projections are scrubbed exactly" passed after 0.302 seconds.
✔ Test "built askpass executable consumes the capability without token argv or env" passed after 1.409 seconds.
✔ Test "CLI output must be byte-identical to the packaged schema" passed after 0.328 seconds.
✔ Test "menu stop and drain suppresses poll but durable quit still checkpoints" passed after 7.557 seconds.
✔ Suite "Durable scheduler" passed after 7.559 seconds.
✔ Test "production URLSession transport executes through an offline URLProtocol fixture" passed after 0.508 seconds.
✔ Test "descriptor preparation rolls back every incomplete durable phase" passed after 0.349 seconds.
✔ Test "onboarding requires every gate and clears secret input" passed after 7.667 seconds.
✔ Test "service lifetime suspends without blocking the main executor" passed after 7.678 seconds.
✔ Test "stderr and non-JSONL output fail with exact protocol outcomes" passed after 7.675 seconds.
◇ Test "version protocol and capability drift fail closed" started.
✔ Test "role-host publication leases serialize without bypassing pause closure" passed after 0.831 seconds.
✔ Suite "Lifecycle probe contract" passed after 7.880 seconds.
◇ Test "malformed or aliased credential artifacts fail closed and remain" started.
✔ Test "Git commands reject gitdir indirection, core worktree overrides, and alternates" passed after 7.919 seconds.
◇ Test "partial clients cannot hold the one-shot server past its deadline" started.
◇ Test "readiness requires attestation before the fixed handshake" started.
✔ Test "issue identity and default-branch reference drift are rejected" passed after 7.840 seconds.
◇ Test "the internal read path rejects writes before credential or transport access" started.
◇ Test "secret-shaped and Herdr child environment capabilities fail closed" started.
✔ Test "malformed or aliased credential artifacts fail closed and remain" passed after 0.282 seconds.
◇ Test "one repository topology mutation is active across jobs and generations" started.
✔ Test "readiness requires attestation before the fixed handshake" passed after 0.311 seconds.
✔ Suite "Rollout remote preview revalidation" passed after 8.316 seconds.
✔ Test "the internal read path rejects writes before credential or transport access" passed after 0.310 seconds.
✔ Test "an approved-command permit is task-bound and consumed before process creation" passed after 6.096 seconds.
✔ Test "secret-shaped and Herdr child environment capabilities fail closed" passed after 0.325 seconds.
✔ Test "closing admission after command reservation denies process creation" passed after 6.172 seconds.
✔ Test "a Git send permit is task-bound and consumed before transport" passed after 6.253 seconds.
✔ Test "one repository topology mutation is active across jobs and generations" passed after 0.304 seconds.
✔ Test "settings lazily refreshes once and preserves Custom drafts across catalog changes" passed after 8.712 seconds.
✔ Test "settings updates repositories, Pi catalog profiles, concurrency, login, and credential" passed after 8.720 seconds.
◇ Test "missing, expired, and redirected credentials fail closed" started.
◇ Test "readiness binds the connected peer to the attested executable" started.
✔ Test "executor preserves a definitive pre-process authority denial" passed after 6.561 seconds.
◇ Test "closing read admission after reservation prevents GitHub transport" started.
◇ Test "first queue sequence rejects a forged reused-alias marker" started.
✔ Suite "Fake-first application flow" passed after 8.958 seconds.
✔ Test "timeout sends one abort, requires acknowledgement, and still cleans descendants" passed after 8.953 seconds.
✔ Test "missing, expired, and redirected credentials fail closed" passed after 0.219 seconds.
◇ Test "retry keeps logical run identity and changes only launch-attempt argv" started.
✔ Test "readiness binds the connected peer to the attested executable" passed after 0.219 seconds.
✔ Test "version protocol and capability drift fail closed" passed after 1.301 seconds.
✔ Test "closing read admission after reservation prevents GitHub transport" passed after 0.203 seconds.
✔ Test "concurrent reservations cannot overrun the provider cap" passed after 9.066 seconds.
✔ Test "first queue sequence rejects a forged reused-alias marker" passed after 0.229 seconds.
✔ Suite "Scoped Pi provider credential snapshots" passed after 9.202 seconds.
✔ Test "an effect followed by lost evidence becomes unknown and never starts again" passed after 6.928 seconds.
✔ Test "retry keeps logical run identity and changes only launch-attempt argv" passed after 0.195 seconds.
✔ Suite "Progressive rollout authority" passed after 9.264 seconds.
✔ Test "partial clients cannot hold the one-shot server past its deadline" passed after 1.312 seconds.
◇ Test "socket and compatibility failures become actionable closed states" started.
◇ Test "snapshot must match the attested ping" started.
◇ Test "broker paginates to exhaustion and attaches the token only to the fixed host" started.
✔ Test "repository script keeps metacharacters as data and locks source digest" passed after 9.394 seconds.
◇ Test "host reports only its pane launches exact child and strips every Herdr capability" started.
◇ Test "an exact repository workspace is adopted and layout is prepared before send" started.
✔ Test "socket and compatibility failures become actionable closed states" passed after 0.138 seconds.
✔ Test "broker paginates to exhaustion and attaches the token only to the fixed host" passed after 0.147 seconds.
◇ Test "wrong nonce or remote consumes the capability without releasing a token" started.
✔ Test "Git reads accept only exact operation-specific options" passed after 9.619 seconds.
✔ Test "an exact repository workspace is adopted and layout is prepared before send" passed after 0.180 seconds.
✔ Test "a fresh coordinator stops an interrupted production review for explicit recovery" passed after 9.697 seconds.
✔ Test "a mirror replaced by a symlink is rejected before Git follows it" passed after 7.397 seconds.
✔ Test "wrong nonce or remote consumes the capability without releasing a token" passed after 0.203 seconds.
✔ Test "timeout and output bounds terminate the whole process group" passed after 9.756 seconds.
✔ Test "unknown claim marker never sends a workflow-label mutation" passed after 9.760 seconds.
◇ Test "the packaged external-CLI policy is deterministic without an installed runtime" started.
◇ Test "pull request commits paginate in exact API order and reject duplicates" started.
✔ Test "snapshot must match the attested ping" passed after 0.414 seconds.
✔ Suite "Bounded credentialless process execution" passed after 9.900 seconds.
◇ Test "a lost layout response is attributed by snapshot and exact layout export without resend" started.
✔ Test "the packaged external-CLI policy is deterministic without an installed runtime" passed after 0.149 seconds.
✔ Test "pull request commits paginate in exact API order and reject duplicates" passed after 0.125 seconds.
◇ Test "production-length Application Support paths fit one-shot askpass sockets" started.
✔ Test "a lost layout response is attributed by snapshot and exact layout export without resend" passed after 0.137 seconds.
✔ Test "reopen advances a durably completed review without rerunning Pi" passed after 10.056 seconds.
◇ Test "response IDs are exact" started.
✔ Test "production-length Application Support paths fit one-shot askpass sockets" passed after 0.103 seconds.
◇ Test "installed readiness evidence binds release, socket, peer, and code twice" started.
✔ Test "unreachable, equal, and missing revisions fail closed" passed after 10.228 seconds.
◇ Test "repository redirect requires the expected node identity" started.
✔ Test "router command IDs execute only in the bound workspace" passed after 10.253 seconds.
◇ Test "a helper crash after layout send is attributed by a fresh coordinator without resend" started.
✔ Test "installed readiness evidence binds release, socket, peer, and code twice" passed after 0.085 seconds.
{"fixture":"visible"}
✔ Test "repository redirect requires the expected node identity" passed after 0.064 seconds.
✔ Test "response IDs are exact" passed after 0.241 seconds.
✔ Suite "Job-scoped approved command execution" passed after 10.320 seconds.
◇ Test "occupied socket names are preserved while a fresh name is bound" started.
✔ Test "a helper crash after layout send is attributed by a fresh coordinator without resend" passed after 0.087 seconds.
✔ Test "runner reports timeout and bounded output as failed evidence" passed after 10.410 seconds.
✔ Test "occupied socket names are preserved while a fresh name is bound" passed after 0.100 seconds.
✔ Test "a child that never reads stdin cannot escape the monotonic timeout" passed after 10.448 seconds.
◇ Test "installed readiness evidence rejects mid-probe authority drift" started.
◇ Test "direct repository reads validate canonical identity and default branch" started.
◇ Test "remote errors expose only a validated code" started.
✔ Suite "Bounded full-duplex Pi RPC process runner" passed after 10.500 seconds.
◇ Test "an unprovable lost layout response becomes unknown and never retries" started.
✔ Test "installed readiness evidence rejects mid-probe authority drift" passed after 0.042 seconds.
✔ Test "direct repository reads validate canonical identity and default branch" passed after 0.038 seconds.
✔ Test "a ref created before advertisement cannot be fast-forwarded" passed after 10.556 seconds.
◇ Test "unsafe socket directories and remote identities fail before token release" started.
✔ Test "an unprovable lost layout response becomes unknown and never retries" passed after 0.074 seconds.
✔ Suite "Attested external Herdr readiness" passed after 10.579 seconds.
✔ Test "unsafe socket directories and remote identities fail before token release" passed after 0.056 seconds.
◇ Test "oversized and cross-host responses fail closed" started.
✔ Test "remote errors expose only a validated code" passed after 0.164 seconds.
◇ Test "a lost workspace response is attributed before the one layout create" started.
✔ Test "oversized and cross-host responses fail closed" passed after 0.041 seconds.
✔ Test "host reports only its pane launches exact child and strips every Herdr capability" passed after 1.256 seconds.
◇ Test "writable askpass executables and parent directories are rejected" started.
✔ Test "a lost workspace response is attributed before the one layout create" passed after 0.059 seconds.
✔ Suite "GitHub HTTP classification and broker" passed after 10.730 seconds.
✔ Test "preview fetches only the exact base and pull-request head under a finite permit" passed after 10.734 seconds.
◇ Test "malformed UTF-8 oversize and missing LF are rejected" started.
✔ Test "writable askpass executables and parent directories are rejected" passed after 0.052 seconds.
✔ Suite "Rollout Git preview reads" passed after 10.774 seconds.
◇ Test "accepted Pi result retains through cancellation and reports idle only after release" started.
✔ Suite "One-shot Git askpass capability" passed after 10.788 seconds.
◇ Test "workspace ambiguity existing generation and wrong durable binding fail before mutation" started.
✔ Test "workspace ambiguity existing generation and wrong durable binding fail before mutation" passed after 0.072 seconds.
✔ Test "system Git publishes old-zero create, reads exact SHA, and never overwrites" passed after 10.868 seconds.
✔ Suite "Atomic create-only Git publication" passed after 10.936 seconds.
✔ Test "REST and fetched Git commit divergence stops before review or publication" passed after 10.934 seconds.
✔ Test "malformed UTF-8 oversize and missing LF are rejected" passed after 0.221 seconds.
✔ Test "local Git produces a complete topological narrative from base to exact head" passed after 10.976 seconds.
◇ Test "focus drift cannot erase an already attributed mutation" started.
✔ Suite "Independent fetched pull request commit derivation" passed after 11.021 seconds.
✔ Test "focus drift cannot erase an already attributed mutation" passed after 0.042 seconds.
◇ Test "deadline bounds a server that accepts but does not answer" started.
✔ Test "local mirror override materializes without contacting the declared URL" passed after 11.090 seconds.
✔ Test "Git read and stage disable repository hooks and optional read locks" passed after 11.105 seconds.
◇ Test "terminal identity follows a moved or renamed pane and close is interruption unknown" started.
✔ Suite "Broker-localized Git submodules" passed after 11.146 seconds.
✔ Test "terminal identity follows a moved or renamed pane and close is interruption unknown" passed after 0.045 seconds.
✔ Suite "Herdr prepared topology and exact recovery" passed after 11.231 seconds.
✔ Test "operator retirement cleans only an exact clean evidence-bound workspace" passed after 11.336 seconds.
✔ Test "authorized retry uses a fresh mutation generation after an ambiguous marker send" passed after 11.341 seconds.
✔ Test "a late exact marker is read-only attributed and recovered without another send" passed after 11.355 seconds.
✔ Test "deadline bounds a server that accepts but does not answer" passed after 0.369 seconds.
✔ Test "an accepted local result settles its exact send-started reservation after restart" passed after 9.174 seconds.
✔ Test "authorized retry attributes the old generation if it becomes visible before resend" passed after 11.469 seconds.
◇ Test "replacement launch exposes only exact split, escaped exec text, and enter" started.
✔ Test "topology recovery bypasses a stale attempt review-selection event exactly once" passed after 11.532 seconds.
✔ Test "real local Git, review routing, multipart-safe publication, and cleanup complete once" passed after 11.538 seconds.
✔ Suite "Pull request review job from exact commits to durable marker" passed after 11.554 seconds.
✔ Test "an accepted result replays after store reopen without another process effect" passed after 9.329 seconds.
✔ Suite "Crash-safe approved command executor" passed after 11.618 seconds.
✔ Test "interrupted Pi writer with workspace changes blocks and preserves evidence" passed after 11.686 seconds.
✔ Test "normal Git commit runs approved hooks and unsafe local config blocks execution" passed after 11.727 seconds.
✔ Suite "Frozen argv-only verification command runner" passed after 11.759 seconds.
✔ Test "ambiguous complex-plan marker never sends the plan-review label mutation" passed after 11.883 seconds.
✔ Test "completed complex-plan publication recovers cleanup before returning to human gate" passed after 11.930 seconds.
✔ Test "marker, exact verdict label, domain labels, disposition, and cleanup complete once" passed after 11.996 seconds.
✔ Test "fresh stores and workflow recover a completed triage step after SQLite reopen" passed after 12.000 seconds.
✔ Test "replacement launch exposes only exact split, escaped exec text, and enter" passed after 0.737 seconds.
◇ Test "replacement launch fault cuts stop at the exact typed boundary" started.
◇ Test case passing 1 argument fault → .splitExistingPane to "replacement launch fault cuts stop at the exact typed boundary" started.
✔ Test "startup recovery advances each durably completed triage step exactly once" with 3 test cases passed after 12.279 seconds.
◇ Test case passing 1 argument fault → .splitExistingTerminal to "replacement launch fault cuts stop at the exact typed boundary" started.
✔ Test "late marker after a stale-input rerun uses the paired latest issue revision" passed after 12.369 seconds.
✔ Test "mirror, exact PR ref, local-origin workspace, and cleanup are durable" passed after 12.420 seconds.
✔ Test "authorized triage retry attributes a newly visible old marker before resend" passed after 12.418 seconds.
✔ Suite "App-managed repository mirrors and workspaces" passed after 12.436 seconds.
✔ Test "ambiguous blocked publication retains workspace and does not publish blocked label" passed after 12.429 seconds.
◇ Test case passing 1 argument fault → .postSplitExtraPane to "replacement launch fault cuts stop at the exact typed boundary" started.
◇ Test case passing 1 argument fault → .postSplitWrongMapping to "replacement launch fault cuts stop at the exact typed boundary" started.
✔ Test "completed blocked publication recovers cleanup before terminal state" passed after 12.590 seconds.
✔ Test "human input changed during triage discards stale output and reruns before mutation" passed after 12.694 seconds.
◇ Test case passing 1 argument fault → .postSplitWrongCWD to "replacement launch fault cuts stop at the exact typed boundary" started.
✔ Test "branch, ancestry, tree, changed files, hooks, and exact SHA gate import" passed after 12.723 seconds.
✔ Suite "Validated workspace import into app mirror" passed after 12.731 seconds.
◇ Test case passing 1 argument fault → .postSplitAgent to "replacement launch fault cuts stop at the exact typed boundary" started.
◇ Test case passing 1 argument fault → .postSplitSession to "replacement launch fault cuts stop at the exact typed boundary" started.
✔ Test "input invalidation crash recovers to triage without a false completed mutation" passed after 12.990 seconds.
✔ Suite "Issue triage job from snapshot to durable verdict" passed after 13.000 seconds.
◇ Test case passing 1 argument fault → .postSplitCreatedPaneRemoved to "replacement launch fault cuts stop at the exact typed boundary" started.
✔ Test "ready issue completes claim, plan, implementation, publication, QA, cleanup, and review enqueue" passed after 13.054 seconds.
◇ Test case passing 1 argument fault → .postSplitCreatedTerminalRemapped to "replacement launch fault cuts stop at the exact typed boundary" started.
✔ Test "accepted Pi result retains through cancellation and reports idle only after release" passed after 2.363 seconds.
◇ Test "accepted settlement cannot mask process-group cleanup failure" started.
✔ Test "workspace failures remove only owned pending or moved directories" passed after 10.845 seconds.
✔ Suite "Repository store interruption recovery" passed after 13.144 seconds.
✔ Test "mixed-case workflow labels use the same canonical eligibility throughout" passed after 13.148 seconds.
◇ Test case passing 1 argument fault → .sendTextError to "replacement launch fault cuts stop at the exact typed boundary" started.
✔ Test "stale human input consumes only approval, replans, and returns to plan review" passed after 13.198 seconds.
✔ Test "fresh stores and workflow recover a completed plan after SQLite reopen" passed after 13.203 seconds.
✔ Test "authorized claim retry attributes a newly visible old marker before resend" passed after 13.221 seconds.
✔ Test "accepted settlement cannot mask process-group cleanup failure" passed after 0.114 seconds.
◇ Test "prepared, accepted, and released crash boundaries never launch a second Pi process" started.
◇ Test case passing 1 argument boundary → "prepared" to "prepared, accepted, and released crash boundaries never launch a second Pi process" started.
✔ Test "stale base consumes only approval and publishes a replacement complex plan" passed after 13.256 seconds.
◇ Test case passing 1 argument fault → .sendTextTimeout to "replacement launch fault cuts stop at the exact typed boundary" started.
✔ Test "startup recovery advances each durably completed implementation step exactly once" with 8 test cases passed after 13.274 seconds.
✔ Test "startup recovery imports durable orchestration evidence before workspace drift blocks" passed after 13.299 seconds.
◇ Test case passing 1 argument boundary → "accepted" to "prepared, accepted, and released crash boundaries never launch a second Pi process" started.
◇ Test case passing 1 argument fault → .postTextPriorDrift to "replacement launch fault cuts stop at the exact typed boundary" started.
◇ Test case passing 1 argument boundary → "released" to "prepared, accepted, and released crash boundaries never launch a second Pi process" started.
◇ Test case passing 1 argument fault → .postTextPaneAdded to "replacement launch fault cuts stop at the exact typed boundary" started.
✔ Test "prepared, accepted, and released crash boundaries never launch a second Pi process" with 3 test cases passed after 0.180 seconds.
◇ Test "child success without an accepted Pi result is blocked" started.
◇ Test case passing 1 argument fault → .postTextPaneRemoved to "replacement launch fault cuts stop at the exact typed boundary" started.
✔ Test "child success without an accepted Pi result is blocked" passed after 0.051 seconds.
◇ Test "structured TUI runtime failure overrides an opaque child status" started.
✔ Test "completed approved claim resumes orchestration without replanning" passed after 13.499 seconds.
✔ Test "structured TUI runtime failure overrides an opaque child status" passed after 0.051 seconds.
◇ Test "launch nonzero exit and finish-report failures remain explicit" started.
◇ Test case passing 1 argument fault → .sendKeysError to "replacement launch fault cuts stop at the exact typed boundary" started.
✔ Test "complex plan releases its claim and workspace, then exact approval resumes a new generation" passed after 13.540 seconds.
✔ Suite "Issue implementation job from exact claim to post-open review" passed after 13.547 seconds.
◇ Test case passing 1 argument fault → .sendKeysTimeout to "replacement launch fault cuts stop at the exact typed boundary" started.
✔ Test "launch nonzero exit and finish-report failures remain explicit" passed after 0.077 seconds.
◇ Test "a failed initial Herdr transaction removes projected provider credentials" started.
✔ Test "a failed initial Herdr transaction removes projected provider credentials" passed after 0.034 seconds.
◇ Test "schema 4 binds logical run, runtime, nonce, role, workflow, channel, and TUI configuration" started.
◇ Test case passing 1 argument fault → .postEnterPriorDrift to "replacement launch fault cuts stop at the exact typed boundary" started.
✔ Test "schema 4 binds logical run, runtime, nonce, role, workflow, channel, and TUI configuration" passed after 0.031 seconds.
◇ Test "schema 4 rejects every derived launch-family mutation after decode" started.
◇ Test case passing 1 argument fault → .postEnterPaneAdded to "replacement launch fault cuts stop at the exact typed boundary" started.
◇ Test case passing 1 argument fault → .postEnterPaneRemoved to "replacement launch fault cuts stop at the exact typed boundary" started.
◇ Test case passing 1 argument fault → .postEnterCreatedPaneRemoved to "replacement launch fault cuts stop at the exact typed boundary" started.
✔ Test "job kinds eagerly create exact one four and five role-host topologies" passed after 7.389 seconds.
◇ Test "Pi-owned terminal theme remains valid while importing a launched child" started.
◇ Test case passing 1 argument fault → .postEnterCreatedTerminalRemapped to "replacement launch fault cuts stop at the exact typed boundary" started.
✔ Test "replacement launch fault cuts stop at the exact typed boundary" with 21 test cases passed after 1.531 seconds.
◇ Test "typed workspace and layout mutations encode only no-focus exact argv" started.
✔ Test "typed workspace and layout mutations encode only no-focus exact argv" passed after 0.006 seconds.
◇ Test "user focus encodes only exact workspace, tab, and pane targets" started.
✔ Test "user focus encodes only exact workspace, tab, and pane targets" passed after 0.008 seconds.
◇ Test "socket mode owner and symlink boundaries fail before connect" started.
✔ Test "schema 4 rejects every derived launch-family mutation after decode" passed after 0.117 seconds.
◇ Test "release B cannot reconstruct an in-flight release A descriptor" started.
✔ Test "release B cannot reconstruct an in-flight release A descriptor" passed after 0.034 seconds.
◇ Test "topology launch attempt resolves the schema 4 descriptor for one logical run" started.
✔ Test "topology launch attempt resolves the schema 4 descriptor for one logical run" passed after 0.040 seconds.
◇ Test "same-second PID reuse is absent and never authorizes group signaling" started.
✔ Test "same-second PID reuse is absent and never authorizes group signaling" passed after 0.001 seconds.
◇ Test "observed escaped descendants preserve exact normal and error leader status" started.
◇ Test case passing 1 argument exitCode → 0 to "observed escaped descendants preserve exact normal and error leader status" started.
✔ Test "socket mode owner and symlink boundaries fail before connect" passed after 0.208 seconds.
◇ Test "an explicit missing endpoint never reaches connect or a fallback" started.
✔ Test "an explicit missing endpoint never reaches connect or a fallback" passed after 0.001 seconds.
◇ Test "an attested sequence pins socket identity before its next request" started.
✔ Test "an attested sequence pins socket identity before its next request" passed after 0.002 seconds.
◇ Test "every request and validated sequence reject one-field connected-peer drift" started.
◇ Test case passing 1 argument drift → .processID to "every request and validated sequence reject one-field connected-peer drift" started.
◇ Test case passing 1 argument drift → .startSeconds to "every request and validated sequence reject one-field connected-peer drift" started.
◇ Test case passing 1 argument drift → .startMicroseconds to "every request and validated sequence reject one-field connected-peer drift" started.
◇ Test case passing 1 argument drift → .effectiveUserID to "every request and validated sequence reject one-field connected-peer drift" started.
◇ Test case passing 1 argument drift → .executablePath to "every request and validated sequence reject one-field connected-peer drift" started.
◇ Test case passing 1 argument drift → .executableDevice to "every request and validated sequence reject one-field connected-peer drift" started.
◇ Test case passing 1 argument drift → .executableInode to "every request and validated sequence reject one-field connected-peer drift" started.
◇ Test case passing 1 argument drift → .executableContent to "every request and validated sequence reject one-field connected-peer drift" started.
◇ Test case passing 1 argument drift → .codeIdentity to "every request and validated sequence reject one-field connected-peer drift" started.
✔ Test "every request and validated sequence reject one-field connected-peer drift" with 9 test cases passed after 0.007 seconds.
◇ Test "peer evidence unavailability fails before the request is written" started.
✔ Test "peer evidence unavailability fails before the request is written" passed after 0.001 seconds.
◇ Test "process start, mapped executable, and code identity unavailability fail closed" started.
✔ Test "process start, mapped executable, and code identity unavailability fail closed" passed after 0.001 seconds.
◇ Test "response payload cannot supply connected-peer evidence" started.
✔ Test "response payload cannot supply connected-peer evidence" passed after 0.003 seconds.
◇ Test "legacy agent prime uses the production codec and exact readback" started.
✔ Test "Pi-owned terminal theme remains valid while importing a launched child" passed after 0.274 seconds.
◇ Test "workflow launch event gates time out in seconds and remain reusable" started.
✔ Test "legacy agent prime uses the production codec and exact readback" passed after 0.012 seconds.
◇ Test "agent authority reset clears only the exact pane before q4 readback" started.
✔ Test "agent authority reset clears only the exact pane before q4 readback" passed after 0.012 seconds.
◇ Test "clear succeeds, rename fails, and no readback or q4 authority follows" started.
✔ Test "clear succeeds, rename fails, and no readback or q4 authority follows" passed after 0.010 seconds.
◇ Test "agent authority reset stops at every failed wire boundary" started.
◇ Test case passing 1 argument failureIndex → 0 to "agent authority reset stops at every failed wire boundary" started.
◇ Test case passing 1 argument failureIndex → 1 to "agent authority reset stops at every failed wire boundary" started.
◇ Test case passing 1 argument failureIndex → 2 to "agent authority reset stops at every failed wire boundary" started.
◇ Test case passing 1 argument failureIndex → 3 to "agent authority reset stops at every failed wire boundary" started.
✔ Test "workflow launch event gates time out in seconds and remain reusable" passed after 0.053 seconds.
◇ Test "terminal failure strictly removes projected provider credentials" started.
◇ Test case passing 1 argument channelFailure → true to "terminal failure strictly removes projected provider credentials" started.
◇ Test case passing 1 argument failureIndex → 4 to "agent authority reset stops at every failed wire boundary" started.
◇ Test case passing 1 argument failureIndex → 5 to "agent authority reset stops at every failed wire boundary" started.
◇ Test case passing 1 argument failureIndex → 6 to "agent authority reset stops at every failed wire boundary" started.
✔ Test "agent authority reset stops at every failed wire boundary" with 7 test cases passed after 0.068 seconds.
◇ Test "agent authority reset rejects baseline drift before clear" started.
◇ Test case passing 1 argument drift → "revision" to "agent authority reset rejects baseline drift before clear" started.
◇ Test case passing 1 argument drift → "tokens" to "agent authority reset rejects baseline drift before clear" started.
◇ Test case passing 1 argument drift → "agent" to "agent authority reset rejects baseline drift before clear" started.
✔ Test "agent authority reset rejects baseline drift before clear" with 3 test cases passed after 0.015 seconds.
◇ Test "invalid request IDs fail before socket exchange" started.
✔ Test "invalid request IDs fail before socket exchange" passed after 0.001 seconds.
✔ Suite "Herdr protocol and explicit socket boundary" passed after 14.131 seconds.
✔ Test "plan commits first, hooks stay active, frozen checks pass, code commits second, and exact head imports" passed after 14.174 seconds.
✔ Suite "Production implementation orchestration rails" passed after 14.181 seconds.
◇ Test case passing 1 argument channelFailure → false to "terminal failure strictly removes projected provider credentials" started.
◇ Test case passing 1 argument exitCode → 37 to "observed escaped descendants preserve exact normal and error leader status" started.
✔ Test "terminal failure strictly removes projected provider credentials" with 2 test cases passed after 8.461 seconds.
◇ Test "Herdr-redacted layout environment is closed by exact role-host process evidence" started.
✔ Test "Herdr-redacted layout environment is closed by exact role-host process evidence" passed after 0.221 seconds.
◇ Test "canary launch scope rejects another job before topology or run creation" started.
✔ Test "canary launch scope rejects another job before topology or run creation" passed after 0.042 seconds.
◇ Test "paused exact canary creates topology and one durable Pi launch" started.
✔ Test "paused exact canary creates topology and one durable Pi launch" passed after 0.207 seconds.
◇ Test "explicit recovery preserves unknown intent and resumes only the same no-Pi canary" started.
✔ Test "observed escaped descendants preserve exact normal and error leader status" with 2 test cases passed after 10.869 seconds.
◇ Test "execution timeout kills the exact process group and records a typed failure" started.
✔ Test "explicit recovery preserves unknown intent and resumes only the same no-Pi canary" passed after 9.887 seconds.
◇ Test "explicit focus revalidates exact ownership before changing shared-session focus" started.
✔ Test "explicit focus revalidates exact ownership before changing shared-session focus" passed after 0.052 seconds.
◇ Test "durable result import remains local when the Herdr socket is unavailable" started.
✔ Test "durable result import remains local when the Herdr socket is unavailable" passed after 0.046 seconds.
◇ Test "every production workflow fails closed when Herdr is unavailable" started.
✔ Test "every production workflow fails closed when Herdr is unavailable" passed after 0.191 seconds.
◇ Test "startup recovery rolls back every partial exact 1 4 and 5 role generation" started.
✔ Test "startup recovery rolls back every partial exact 1 4 and 5 role generation" passed after 0.653 seconds.
◇ Test "partial exact 1 4 and 5 role activation rolls every sibling back" started.
✔ Test "partial exact 1 4 and 5 role activation rolls every sibling back" passed after 0.653 seconds.
◇ Test "quit timeout marks every sibling host lost instead of stranding stopping state" started.
✔ Test "quit timeout marks every sibling host lost instead of stranding stopping state" passed after 0.250 seconds.
◇ Test "quit ignores inactive prepared history after release runtime replacement" started.
✔ Test "quit ignores inactive prepared history after release runtime replacement" passed after 0.158 seconds.
◇ Test "pause admission closes before a live result settles and replays without relaunch" started.
✔ Test "execution timeout kills the exact process group and records a typed failure" passed after 10.154 seconds.
◇ Test "task cancellation aborts and verifies the exact process group" started.
✔ Test "task cancellation aborts and verifies the exact process group" passed after 0.223 seconds.
✔ Suite "Herdr exact host and custom lifecycle relay" passed after 35.122 seconds.
✔ Test "pause admission closes before a live result settles and replays without relaunch" passed after 0.248 seconds.
◇ Test "durable enqueued state republishes one missing command after a crash window" started.
✔ Test "durable enqueued state republishes one missing command after a crash window" passed after 0.454 seconds.
◇ Test "a moved persistent role host executes its next round in the rebound pane" started.
✔ Test "a moved persistent role host executes its next round in the rebound pane" passed after 0.325 seconds.
◇ Test "settled evidence survives topology rebind job recovery and durable pause" started.
✔ Test "settled evidence survives topology rebind job recovery and durable pause" passed after 0.271 seconds.
◇ Test "replacement runtime rejects each one-field q4 descriptor binding drift" started.
◇ Test case passing 1 argument field → 0 to "replacement runtime rejects each one-field q4 descriptor binding drift" started.
◇ Test case passing 1 argument field → 1 to "replacement runtime rejects each one-field q4 descriptor binding drift" started.
◇ Test case passing 1 argument field → 2 to "replacement runtime rejects each one-field q4 descriptor binding drift" started.
◇ Test case passing 1 argument field → 3 to "replacement runtime rejects each one-field q4 descriptor binding drift" started.
◇ Test case passing 1 argument field → 4 to "replacement runtime rejects each one-field q4 descriptor binding drift" started.
◇ Test case passing 1 argument field → 5 to "replacement runtime rejects each one-field q4 descriptor binding drift" started.
◇ Test case passing 1 argument field → 6 to "replacement runtime rejects each one-field q4 descriptor binding drift" started.
✔ Test "replacement runtime rejects each one-field q4 descriptor binding drift" with 7 test cases passed after 0.002 seconds.
◇ Test "replacement runtime rejects each adjacent q4 digest-role transposition" started.
◇ Test case passing 1 argument leftField → 0 to "replacement runtime rejects each adjacent q4 digest-role transposition" started.
◇ Test case passing 1 argument leftField → 1 to "replacement runtime rejects each adjacent q4 digest-role transposition" started.
◇ Test case passing 1 argument leftField → 2 to "replacement runtime rejects each adjacent q4 digest-role transposition" started.
◇ Test case passing 1 argument leftField → 3 to "replacement runtime rejects each adjacent q4 digest-role transposition" started.
◇ Test case passing 1 argument leftField → 4 to "replacement runtime rejects each adjacent q4 digest-role transposition" started.
◇ Test case passing 1 argument leftField → 5 to "replacement runtime rejects each adjacent q4 digest-role transposition" started.
✔ Test "replacement runtime rejects each adjacent q4 digest-role transposition" with 6 test cases passed after 0.001 seconds.
◇ Test "replacement runtime rejects a coherent q4 rebind after preview" started.
✔ Test "replacement runtime rejects a coherent q4 rebind after preview" passed after 0.001 seconds.
◇ Test "lost four-host topology rolls to generation two and settles only q4" started.
◇ Test case passing 1 argument restartState → .prepared to "lost four-host topology rolls to generation two and settles only q4" started.
◇ Test case passing 1 argument restartState → .enqueuedMissingCommand to "lost four-host topology rolls to generation two and settles only q4" started.
✔ Test "lost four-host topology rolls to generation two and settles only q4" with 2 test cases passed after 3.181 seconds.
◇ Test "schema eight migration reaches current-runtime lost topology recovery" started.
✔ Test "schema eight migration reaches current-runtime lost topology recovery" passed after 0.276 seconds.
◇ Test "generation rollover resumes after a binding and one-host restart cut" started.
✔ Test "generation rollover resumes after a binding and one-host restart cut" passed after 0.425 seconds.
◇ Test "historical replacement denies one-field q4 backing drift before remote effects" started.
◇ Test case passing 1 argument drift → .q4Configuration to "historical replacement denies one-field q4 backing drift before remote effects" started.
◇ Test case passing 1 argument drift → .q4Prompt to "historical replacement denies one-field q4 backing drift before remote effects" started.
◇ Test case passing 1 argument drift → .q4WorkflowConfiguration to "historical replacement denies one-field q4 backing drift before remote effects" started.
◇ Test case passing 1 argument drift → .priorLaunchConfiguration to "historical replacement denies one-field q4 backing drift before remote effects" started.
◇ Test case passing 1 argument drift → .sourcePrompt to "historical replacement denies one-field q4 backing drift before remote effects" started.
◇ Test case passing 1 argument drift → .sourceWorkflowConfiguration to "historical replacement denies one-field q4 backing drift before remote effects" started.
✔ Test "historical replacement denies one-field q4 backing drift before remote effects" with 6 test cases passed after 2.301 seconds.
◇ Test "historical replacement revalidates q4 at send and first remote-effect boundaries" started.
◇ Test case passing 1 argument boundary → .sendStart to "historical replacement revalidates q4 at send and first remote-effect boundaries" started.
◇ Test case passing 1 argument boundary → .firstRemoteEffect to "historical replacement revalidates q4 at send and first remote-effect boundaries" started.
✔ Test "historical replacement revalidates q4 at send and first remote-effect boundaries" with 2 test cases passed after 1.184 seconds.
◇ Test "historical replacement rejects every authorized q4 digest drift before credentials" started.
◇ Test case passing 1 argument field → 0 to "historical replacement rejects every authorized q4 digest drift before credentials" started.
◇ Test case passing 1 argument field → 1 to "historical replacement rejects every authorized q4 digest drift before credentials" started.
◇ Test case passing 1 argument field → 2 to "historical replacement rejects every authorized q4 digest drift before credentials" started.
◇ Test case passing 1 argument field → 3 to "historical replacement rejects every authorized q4 digest drift before credentials" started.
◇ Test case passing 1 argument field → 4 to "historical replacement rejects every authorized q4 digest drift before credentials" started.
◇ Test case passing 1 argument field → 5 to "historical replacement rejects every authorized q4 digest drift before credentials" started.
◇ Test case passing 1 argument field → 6 to "historical replacement rejects every authorized q4 digest drift before credentials" started.
✔ Test "historical replacement rejects every authorized q4 digest drift before credentials" with 7 test cases passed after 3.219 seconds.
◇ Test "every post-preview one-field drift stops before replacement effects" started.
◇ Test case passing 1 argument drift → ReplacementPostPreviewDriftCase(name: "socket-vnode", kind: JidokaCodeCoreTests.ReplacementPostPreviewDriftKind.socketVnode, expectedError: JidokaCodeCoreTests.ReplacementMatrixExpectedError.herdr(JidokaCodeCore.HerdrPiWorkflowError.topologyUnavailable)) to "every post-preview one-field drift stops before replacement effects" started.
◇ Test case passing 1 argument drift → ReplacementPostPreviewDriftCase(name: "peer-processID", kind: JidokaCodeCoreTests.ReplacementPostPreviewDriftKind.peer(JidokaCodeCoreTests.ReplacementConnectedPeerDriftField.processID), expectedError: JidokaCodeCoreTests.ReplacementMatrixExpectedError.herdr(JidokaCodeCore.HerdrPiWorkflowError.recoveryBoundaryReached)) to "every post-preview one-field drift stops before replacement effects" started.
◇ Test case passing 1 argument drift → ReplacementPostPreviewDriftCase(name: "peer-startSeconds", kind: JidokaCodeCoreTests.ReplacementPostPreviewDriftKind.peer(JidokaCodeCoreTests.ReplacementConnectedPeerDriftField.startSeconds), expectedError: JidokaCodeCoreTests.ReplacementMatrixExpectedError.herdr(JidokaCodeCore.HerdrPiWorkflowError.recoveryBoundaryReached)) to "every post-preview one-field drift stops before replacement effects" started.
◇ Test case passing 1 argument drift → ReplacementPostPreviewDriftCase(name: "peer-startMicroseconds", kind: JidokaCodeCoreTests.ReplacementPostPreviewDriftKind.peer(JidokaCodeCoreTests.ReplacementConnectedPeerDriftField.startMicroseconds), expectedError: JidokaCodeCoreTests.ReplacementMatrixExpectedError.herdr(JidokaCodeCore.HerdrPiWorkflowError.recoveryBoundaryReached)) to "every post-preview one-field drift stops before replacement effects" started.
◇ Test case passing 1 argument drift → ReplacementPostPreviewDriftCase(name: "peer-executablePath", kind: JidokaCodeCoreTests.ReplacementPostPreviewDriftKind.peer(JidokaCodeCoreTests.ReplacementConnectedPeerDriftField.executablePath), expectedError: JidokaCodeCoreTests.ReplacementMatrixExpectedError.herdr(JidokaCodeCore.HerdrPiWorkflowError.recoveryBoundaryReached)) to "every post-preview one-field drift stops before replacement effects" started.
◇ Test case passing 1 argument drift → ReplacementPostPreviewDriftCase(name: "peer-executableDevice", kind: JidokaCodeCoreTests.ReplacementPostPreviewDriftKind.peer(JidokaCodeCoreTests.ReplacementConnectedPeerDriftField.executableDevice), expectedError: JidokaCodeCoreTests.ReplacementMatrixExpectedError.herdr(JidokaCodeCore.HerdrPiWorkflowError.recoveryBoundaryReached)) to "every post-preview one-field drift stops before replacement effects" started.
◇ Test case passing 1 argument drift → ReplacementPostPreviewDriftCase(name: "peer-executableInode", kind: JidokaCodeCoreTests.ReplacementPostPreviewDriftKind.peer(JidokaCodeCoreTests.ReplacementConnectedPeerDriftField.executableInode), expectedError: JidokaCodeCoreTests.ReplacementMatrixExpectedError.herdr(JidokaCodeCore.HerdrPiWorkflowError.recoveryBoundaryReached)) to "every post-preview one-field drift stops before replacement effects" started.
◇ Test case passing 1 argument drift → ReplacementPostPreviewDriftCase(name: "peer-executableContent", kind: JidokaCodeCoreTests.ReplacementPostPreviewDriftKind.peer(JidokaCodeCoreTests.ReplacementConnectedPeerDriftField.executableContent), expectedError: JidokaCodeCoreTests.ReplacementMatrixExpectedError.herdr(JidokaCodeCore.HerdrPiWorkflowError.recoveryBoundaryReached)) to "every post-preview one-field drift stops before replacement effects" started.
◇ Test case passing 1 argument drift → ReplacementPostPreviewDriftCase(name: "peer-codeIdentity", kind: JidokaCodeCoreTests.ReplacementPostPreviewDriftKind.peer(JidokaCodeCoreTests.ReplacementConnectedPeerDriftField.codeIdentity), expectedError: JidokaCodeCoreTests.ReplacementMatrixExpectedError.herdr(JidokaCodeCore.HerdrPiWorkflowError.recoveryBoundaryReached)) to "every post-preview one-field drift stops before replacement effects" started.
◇ Test case passing 1 argument drift → ReplacementPostPreviewDriftCase(name: "resource-rootIdentity", kind: JidokaCodeCoreTests.ReplacementPostPreviewDriftKind.resource(JidokaCodeCoreTests.ReplacementResourceDrift.rootIdentity), expectedError: JidokaCodeCoreTests.ReplacementMatrixExpectedError.herdr(JidokaCodeCore.HerdrPiWorkflowError.recoveryBoundaryReached)) to "every post-preview one-field drift stops before replacement effects" started.
◇ Test case passing 1 argument drift → ReplacementPostPreviewDriftCase(name: "resource-inventory", kind: JidokaCodeCoreTests.ReplacementPostPreviewDriftKind.resource(JidokaCodeCoreTests.ReplacementResourceDrift.inventory), expectedError: JidokaCodeCoreTests.ReplacementMatrixExpectedError.herdr(JidokaCodeCore.HerdrPiWorkflowError.recoveryBoundaryReached)) to "every post-preview one-field drift stops before replacement effects" started.
◇ Test case passing 1 argument drift → ReplacementPostPreviewDriftCase(name: "resource-fileVnode", kind: JidokaCodeCoreTests.ReplacementPostPreviewDriftKind.resource(JidokaCodeCoreTests.ReplacementResourceDrift.fileVnode), expectedError: JidokaCodeCoreTests.ReplacementMatrixExpectedError.herdr(JidokaCodeCore.HerdrPiWorkflowError.recoveryBoundaryReached)) to "every post-preview one-field drift stops before replacement effects" started.
◇ Test case passing 1 argument drift → ReplacementPostPreviewDriftCase(name: "resource-fileContent", kind: JidokaCodeCoreTests.ReplacementPostPreviewDriftKind.resource(JidokaCodeCoreTests.ReplacementResourceDrift.fileContent), expectedError: JidokaCodeCoreTests.ReplacementMatrixExpectedError.herdr(JidokaCodeCore.HerdrPiWorkflowError.recoveryBoundaryReached)) to "every post-preview one-field drift stops before replacement effects" started.
◇ Test case passing 1 argument drift → ReplacementPostPreviewDriftCase(name: "mapped-executable-architecture-path", kind: JidokaCodeCoreTests.ReplacementPostPreviewDriftKind.executable(JidokaCodeCore.PiWorkflowRole.architecture, JidokaCodeCoreTests.ReplacementExecutableDriftField.path), expectedError: JidokaCodeCoreTests.ReplacementMatrixExpectedError.herdr(JidokaCodeCore.HerdrPiWorkflowError.recoveryBoundaryReached)) to "every post-preview one-field drift stops before replacement effects" started.
◇ Test case passing 1 argument drift → ReplacementPostPreviewDriftCase(name: "mapped-executable-architecture-device", kind: JidokaCodeCoreTests.ReplacementPostPreviewDriftKind.executable(JidokaCodeCore.PiWorkflowRole.architecture, JidokaCodeCoreTests.ReplacementExecutableDriftField.device), expectedError: JidokaCodeCoreTests.ReplacementMatrixExpectedError.herdr(JidokaCodeCore.HerdrPiWorkflowError.recoveryBoundaryReached)) to "every post-preview one-field drift stops before replacement effects" started.
◇ Test case passing 1 argument drift → ReplacementPostPreviewDriftCase(name: "mapped-executable-architecture-inode", kind: JidokaCodeCoreTests.ReplacementPostPreviewDriftKind.executable(JidokaCodeCore.PiWorkflowRole.architecture, JidokaCodeCoreTests.ReplacementExecutableDriftField.inode), expectedError: JidokaCodeCoreTests.ReplacementMatrixExpectedError.herdr(JidokaCodeCore.HerdrPiWorkflowError.recoveryBoundaryReached)) to "every post-preview one-field drift stops before replacement effects" started.
◇ Test case passing 1 argument drift → ReplacementPostPreviewDriftCase(name: "mapped-executable-architecture-content", kind: JidokaCodeCoreTests.ReplacementPostPreviewDriftKind.executable(JidokaCodeCore.PiWorkflowRole.architecture, JidokaCodeCoreTests.ReplacementExecutableDriftField.content), expectedError: JidokaCodeCoreTests.ReplacementMatrixExpectedError.herdr(JidokaCodeCore.HerdrPiWorkflowError.recoveryBoundaryReached)) to "every post-preview one-field drift stops before replacement effects" started.
◇ Test case passing 1 argument drift → ReplacementPostPreviewDriftCase(name: "mapped-executable-architecture-codeIdentity", kind: JidokaCodeCoreTests.ReplacementPostPreviewDriftKind.executable(JidokaCodeCore.PiWorkflowRole.architecture, JidokaCodeCoreTests.ReplacementExecutableDriftField.codeIdentity), expectedError: JidokaCodeCoreTests.ReplacementMatrixExpectedError.herdr(JidokaCodeCore.HerdrPiWorkflowError.recoveryBoundaryReached)) to "every post-preview one-field drift stops before replacement effects" started.
◇ Test case passing 1 argument drift → ReplacementPostPreviewDriftCase(name: "mapped-executable-security-path", kind: JidokaCodeCoreTests.ReplacementPostPreviewDriftKind.executable(JidokaCodeCore.PiWorkflowRole.security, JidokaCodeCoreTests.ReplacementExecutableDriftField.path), expectedError: JidokaCodeCoreTests.ReplacementMatrixExpectedError.herdr(JidokaCodeCore.HerdrPiWorkflowError.recoveryBoundaryReached)) to "every post-preview one-field drift stops before replacement effects" started.
◇ Test case passing 1 argument drift → ReplacementPostPreviewDriftCase(name: "mapped-executable-security-device", kind: JidokaCodeCoreTests.ReplacementPostPreviewDriftKind.executable(JidokaCodeCore.PiWorkflowRole.security, JidokaCodeCoreTests.ReplacementExecutableDriftField.device), expectedError: JidokaCodeCoreTests.ReplacementMatrixExpectedError.herdr(JidokaCodeCore.HerdrPiWorkflowError.recoveryBoundaryReached)) to "every post-preview one-field drift stops before replacement effects" started.
◇ Test case passing 1 argument drift → ReplacementPostPreviewDriftCase(name: "mapped-executable-security-inode", kind: JidokaCodeCoreTests.ReplacementPostPreviewDriftKind.executable(JidokaCodeCore.PiWorkflowRole.security, JidokaCodeCoreTests.ReplacementExecutableDriftField.inode), expectedError: JidokaCodeCoreTests.ReplacementMatrixExpectedError.herdr(JidokaCodeCore.HerdrPiWorkflowError.recoveryBoundaryReached)) to "every post-preview one-field drift stops before replacement effects" started.
◇ Test case passing 1 argument drift → ReplacementPostPreviewDriftCase(name: "mapped-executable-security-content", kind: JidokaCodeCoreTests.ReplacementPostPreviewDriftKind.executable(JidokaCodeCore.PiWorkflowRole.security, JidokaCodeCoreTests.ReplacementExecutableDriftField.content), expectedError: JidokaCodeCoreTests.ReplacementMatrixExpectedError.herdr(JidokaCodeCore.HerdrPiWorkflowError.recoveryBoundaryReached)) to "every post-preview one-field drift stops before replacement effects" started.
◇ Test case passing 1 argument drift → ReplacementPostPreviewDriftCase(name: "mapped-executable-security-codeIdentity", kind: JidokaCodeCoreTests.ReplacementPostPreviewDriftKind.executable(JidokaCodeCore.PiWorkflowRole.security, JidokaCodeCoreTests.ReplacementExecutableDriftField.codeIdentity), expectedError: JidokaCodeCoreTests.ReplacementMatrixExpectedError.herdr(JidokaCodeCore.HerdrPiWorkflowError.recoveryBoundaryReached)) to "every post-preview one-field drift stops before replacement effects" started.
◇ Test case passing 1 argument drift → ReplacementPostPreviewDriftCase(name: "mapped-executable-test-path", kind: JidokaCodeCoreTests.ReplacementPostPreviewDriftKind.executable(JidokaCodeCore.PiWorkflowRole.test, JidokaCodeCoreTests.ReplacementExecutableDriftField.path), expectedError: JidokaCodeCoreTests.ReplacementMatrixExpectedError.herdr(JidokaCodeCore.HerdrPiWorkflowError.recoveryBoundaryReached)) to "every post-preview one-field drift stops before replacement effects" started.
◇ Test case passing 1 argument drift → ReplacementPostPreviewDriftCase(name: "mapped-executable-test-device", kind: JidokaCodeCoreTests.ReplacementPostPreviewDriftKind.executable(JidokaCodeCore.PiWorkflowRole.test, JidokaCodeCoreTests.ReplacementExecutableDriftField.device), expectedError: JidokaCodeCoreTests.ReplacementMatrixExpectedError.herdr(JidokaCodeCore.HerdrPiWorkflowError.recoveryBoundaryReached)) to "every post-preview one-field drift stops before replacement effects" started.
◇ Test case passing 1 argument drift → ReplacementPostPreviewDriftCase(name: "mapped-executable-test-inode", kind: JidokaCodeCoreTests.ReplacementPostPreviewDriftKind.executable(JidokaCodeCore.PiWorkflowRole.test, JidokaCodeCoreTests.ReplacementExecutableDriftField.inode), expectedError: JidokaCodeCoreTests.ReplacementMatrixExpectedError.herdr(JidokaCodeCore.HerdrPiWorkflowError.recoveryBoundaryReached)) to "every post-preview one-field drift stops before replacement effects" started.
◇ Test case passing 1 argument drift → ReplacementPostPreviewDriftCase(name: "mapped-executable-test-content", kind: JidokaCodeCoreTests.ReplacementPostPreviewDriftKind.executable(JidokaCodeCore.PiWorkflowRole.test, JidokaCodeCoreTests.ReplacementExecutableDriftField.content), expectedError: JidokaCodeCoreTests.ReplacementMatrixExpectedError.herdr(JidokaCodeCore.HerdrPiWorkflowError.recoveryBoundaryReached)) to "every post-preview one-field drift stops before replacement effects" started.
◇ Test case passing 1 argument drift → ReplacementPostPreviewDriftCase(name: "mapped-executable-test-codeIdentity", kind: JidokaCodeCoreTests.ReplacementPostPreviewDriftKind.executable(JidokaCodeCore.PiWorkflowRole.test, JidokaCodeCoreTests.ReplacementExecutableDriftField.codeIdentity), expectedError: JidokaCodeCoreTests.ReplacementMatrixExpectedError.herdr(JidokaCodeCore.HerdrPiWorkflowError.recoveryBoundaryReached)) to "every post-preview one-field drift stops before replacement effects" started.
◇ Test case passing 1 argument drift → ReplacementPostPreviewDriftCase(name: "mapped-executable-synthesis-path", kind: JidokaCodeCoreTests.ReplacementPostPreviewDriftKind.executable(JidokaCodeCore.PiWorkflowRole.synthesis, JidokaCodeCoreTests.ReplacementExecutableDriftField.path), expectedError: JidokaCodeCoreTests.ReplacementMatrixExpectedError.herdr(JidokaCodeCore.HerdrPiWorkflowError.recoveryBoundaryReached)) to "every post-preview one-field drift stops before replacement effects" started.
◇ Test case passing 1 argument drift → ReplacementPostPreviewDriftCase(name: "mapped-executable-synthesis-device", kind: JidokaCodeCoreTests.ReplacementPostPreviewDriftKind.executable(JidokaCodeCore.PiWorkflowRole.synthesis, JidokaCodeCoreTests.ReplacementExecutableDriftField.device), expectedError: JidokaCodeCoreTests.ReplacementMatrixExpectedError.herdr(JidokaCodeCore.HerdrPiWorkflowError.recoveryBoundaryReached)) to "every post-preview one-field drift stops before replacement effects" started.
◇ Test case passing 1 argument drift → ReplacementPostPreviewDriftCase(name: "mapped-executable-synthesis-inode", kind: JidokaCodeCoreTests.ReplacementPostPreviewDriftKind.executable(JidokaCodeCore.PiWorkflowRole.synthesis, JidokaCodeCoreTests.ReplacementExecutableDriftField.inode), expectedError: JidokaCodeCoreTests.ReplacementMatrixExpectedError.herdr(JidokaCodeCore.HerdrPiWorkflowError.recoveryBoundaryReached)) to "every post-preview one-field drift stops before replacement effects" started.
◇ Test case passing 1 argument drift → ReplacementPostPreviewDriftCase(name: "mapped-executable-synthesis-content", kind: JidokaCodeCoreTests.ReplacementPostPreviewDriftKind.executable(JidokaCodeCore.PiWorkflowRole.synthesis, JidokaCodeCoreTests.ReplacementExecutableDriftField.content), expectedError: JidokaCodeCoreTests.ReplacementMatrixExpectedError.herdr(JidokaCodeCore.HerdrPiWorkflowError.recoveryBoundaryReached)) to "every post-preview one-field drift stops before replacement effects" started.
◇ Test case passing 1 argument drift → ReplacementPostPreviewDriftCase(name: "mapped-executable-synthesis-codeIdentity", kind: JidokaCodeCoreTests.ReplacementPostPreviewDriftKind.executable(JidokaCodeCore.PiWorkflowRole.synthesis, JidokaCodeCoreTests.ReplacementExecutableDriftField.codeIdentity), expectedError: JidokaCodeCoreTests.ReplacementMatrixExpectedError.herdr(JidokaCodeCore.HerdrPiWorkflowError.recoveryBoundaryReached)) to "every post-preview one-field drift stops before replacement effects" started.
◇ Test case passing 1 argument drift → ReplacementPostPreviewDriftCase(name: "stale-pane-revision", kind: JidokaCodeCoreTests.ReplacementPostPreviewDriftKind.stalePaneRevision, expectedError: JidokaCodeCoreTests.ReplacementMatrixExpectedError.herdr(JidokaCodeCore.HerdrPiWorkflowError.recoveryBoundaryReached)) to "every post-preview one-field drift stops before replacement effects" started.
◇ Test case passing 1 argument drift → ReplacementPostPreviewDriftCase(name: "stale-pane-token-presence", kind: JidokaCodeCoreTests.ReplacementPostPreviewDriftKind.stalePaneTokenPresence, expectedError: JidokaCodeCoreTests.ReplacementMatrixExpectedError.herdr(JidokaCodeCore.HerdrPiWorkflowError.recoveryBoundaryReached)) to "every post-preview one-field drift stops before replacement effects" started.
◇ Test case passing 1 argument drift → ReplacementPostPreviewDriftCase(name: "stale-pane-token-digest", kind: JidokaCodeCoreTests.ReplacementPostPreviewDriftKind.stalePaneTokenDigest, expectedError: JidokaCodeCoreTests.ReplacementMatrixExpectedError.herdr(JidokaCodeCore.HerdrPiWorkflowError.recoveryBoundaryReached)) to "every post-preview one-field drift stops before replacement effects" started.
◇ Test case passing 1 argument drift → ReplacementPostPreviewDriftCase(name: "q4-descriptor", kind: JidokaCodeCoreTests.ReplacementPostPreviewDriftKind.q4Descriptor, expectedError: JidokaCodeCoreTests.ReplacementMatrixExpectedError.herdr(JidokaCodeCore.HerdrPiWorkflowError.resultDivergent)) to "every post-preview one-field drift stops before replacement effects" started.
◇ Test case passing 1 argument drift → ReplacementPostPreviewDriftCase(name: "q4-backing-q4Configuration", kind: JidokaCodeCoreTests.ReplacementPostPreviewDriftKind.q4Backing(JidokaCodeCoreTests.ReplacementQ4BackingDrift.q4Configuration), expectedError: JidokaCodeCoreTests.ReplacementMatrixExpectedError.tui(JidokaCodeCore.PiTUIRuntimeError.unsafePath)) to "every post-preview one-field drift stops before replacement effects" started.
◇ Test case passing 1 argument drift → ReplacementPostPreviewDriftCase(name: "q4-backing-q4Prompt", kind: JidokaCodeCoreTests.ReplacementPostPreviewDriftKind.q4Backing(JidokaCodeCoreTests.ReplacementQ4BackingDrift.q4Prompt), expectedError: JidokaCodeCoreTests.ReplacementMatrixExpectedError.tui(JidokaCodeCore.PiTUIRuntimeError.unsafePath)) to "every post-preview one-field drift stops before replacement effects" started.
◇ Test case passing 1 argument drift → ReplacementPostPreviewDriftCase(name: "q4-backing-q4WorkflowConfiguration", kind: JidokaCodeCoreTests.ReplacementPostPreviewDriftKind.q4Backing(JidokaCodeCoreTests.ReplacementQ4BackingDrift.q4WorkflowConfiguration), expectedError: JidokaCodeCoreTests.ReplacementMatrixExpectedError.tui(JidokaCodeCore.PiTUIRuntimeError.unsafePath)) to "every post-preview one-field drift stops before replacement effects" started.
◇ Test case passing 1 argument drift → ReplacementPostPreviewDriftCase(name: "q4-backing-priorLaunchConfiguration", kind: JidokaCodeCoreTests.ReplacementPostPreviewDriftKind.q4Backing(JidokaCodeCoreTests.ReplacementQ4BackingDrift.priorLaunchConfiguration), expectedError: JidokaCodeCoreTests.ReplacementMatrixExpectedError.herdr(JidokaCodeCore.HerdrPiWorkflowError.resultDivergent)) to "every post-preview one-field drift stops before replacement effects" started.
◇ Test case passing 1 argument drift → ReplacementPostPreviewDriftCase(name: "q4-backing-sourcePrompt", kind: JidokaCodeCoreTests.ReplacementPostPreviewDriftKind.q4Backing(JidokaCodeCoreTests.ReplacementQ4BackingDrift.sourcePrompt), expectedError: JidokaCodeCoreTests.ReplacementMatrixExpectedError.herdr(JidokaCodeCore.HerdrPiWorkflowError.resultDivergent)) to "every post-preview one-field drift stops before replacement effects" started.
◇ Test case passing 1 argument drift → ReplacementPostPreviewDriftCase(name: "q4-backing-sourceWorkflowConfiguration", kind: JidokaCodeCoreTests.ReplacementPostPreviewDriftKind.q4Backing(JidokaCodeCoreTests.ReplacementQ4BackingDrift.sourceWorkflowConfiguration), expectedError: JidokaCodeCoreTests.ReplacementMatrixExpectedError.herdr(JidokaCodeCore.HerdrPiWorkflowError.resultDivergent)) to "every post-preview one-field drift stops before replacement effects" started.
◇ Test case passing 1 argument drift → ReplacementPostPreviewDriftCase(name: "credential-sourceContent", kind: JidokaCodeCoreTests.ReplacementPostPreviewDriftKind.credential(JidokaCodeCoreTests.ReplacementCredentialDrift.sourceContent), expectedError: JidokaCodeCoreTests.ReplacementMatrixExpectedError.herdr(JidokaCodeCore.HerdrPiWorkflowError.recoveryBoundaryReached)) to "every post-preview one-field drift stops before replacement effects" started.
◇ Test case passing 1 argument drift → ReplacementPostPreviewDriftCase(name: "credential-sourceAccount", kind: JidokaCodeCoreTests.ReplacementPostPreviewDriftKind.credential(JidokaCodeCoreTests.ReplacementCredentialDrift.sourceAccount), expectedError: JidokaCodeCoreTests.ReplacementMatrixExpectedError.herdr(JidokaCodeCore.HerdrPiWorkflowError.recoveryBoundaryReached)) to "every post-preview one-field drift stops before replacement effects" started.
◇ Test case passing 1 argument drift → ReplacementPostPreviewDriftCase(name: "credential-installedProjection", kind: JidokaCodeCoreTests.ReplacementPostPreviewDriftKind.credential(JidokaCodeCoreTests.ReplacementCredentialDrift.installedProjection), expectedError: JidokaCodeCoreTests.ReplacementMatrixExpectedError.tui(JidokaCodeCore.PiTUIRuntimeError.identityMismatch)) to "every post-preview one-field drift stops before replacement effects" started.
◇ Test case passing 1 argument drift → ReplacementPostPreviewDriftCase(name: "paused-state", kind: JidokaCodeCoreTests.ReplacementPostPreviewDriftKind.pausedState, expectedError: JidokaCodeCoreTests.ReplacementMatrixExpectedError.runStore(JidokaCodeCore.PiRunStoreError.invalidTransition)) to "every post-preview one-field drift stops before replacement effects" started.
◇ Test case passing 1 argument drift → ReplacementPostPreviewDriftCase(name: "active-canary", kind: JidokaCodeCoreTests.ReplacementPostPreviewDriftKind.activeCanary, expectedError: JidokaCodeCoreTests.ReplacementMatrixExpectedError.runStore(JidokaCodeCore.PiRunStoreError.invalidTransition)) to "every post-preview one-field drift stops before replacement effects" started.
◇ Test case passing 1 argument drift → ReplacementPostPreviewDriftCase(name: "active-lease", kind: JidokaCodeCoreTests.ReplacementPostPreviewDriftKind.activeLease, expectedError: JidokaCodeCoreTests.ReplacementMatrixExpectedError.runStore(JidokaCodeCore.PiRunStoreError.invalidTransition)) to "every post-preview one-field drift stops before replacement effects" started.
◇ Test case passing 1 argument drift → ReplacementPostPreviewDriftCase(name: "replacement-evidence", kind: JidokaCodeCoreTests.ReplacementPostPreviewDriftKind.replacementEvidence, expectedError: JidokaCodeCoreTests.ReplacementMatrixExpectedError.herdr(JidokaCodeCore.HerdrPiWorkflowError.recoveryBoundaryReached)) to "every post-preview one-field drift stops before replacement effects" started.
◇ Test case passing 1 argument drift → ReplacementPostPreviewDriftCase(name: "replacement-q4-authorization", kind: JidokaCodeCoreTests.ReplacementPostPreviewDriftKind.replacementQ4Authorization, expectedError: JidokaCodeCoreTests.ReplacementMatrixExpectedError.herdr(JidokaCodeCore.HerdrPiWorkflowError.recoveryBoundaryReached)) to "every post-preview one-field drift stops before replacement effects" started.
✔ Test "every post-preview one-field drift stops before replacement effects" with 51 test cases passed after 30.452 seconds.
◇ Test "every pre-cutover fault preserves typed certainty credentials and other hosts" started.
◇ Test case passing 1 argument fault → ReplacementPreCutoverFaultCase(name: "final-proof-beforeSendStartQ4Revalidation", kind: JidokaCodeCoreTests.ReplacementPreCutoverFaultKind.checkpoint(JidokaCodeCore.HerdrRoleHostReplacementCheckpoint.beforeSendStartQ4Revalidation), expectedStatus: JidokaCodeCore.JobCanaryRoleHostReplacementStatus.noRemoteEffectFailure, retainsCredential: false, expectedError: JidokaCodeCoreTests.ReplacementMatrixExpectedError.checkpoint(JidokaCodeCore.HerdrRoleHostReplacementCheckpoint.beforeSendStartQ4Revalidation), expectedReplayError: JidokaCodeCoreTests.ReplacementMatrixExpectedError.herdr(JidokaCodeCore.HerdrPiWorkflowError.recoveryBoundaryReached)) to "every pre-cutover fault preserves typed certainty credentials and other hosts" started.
◇ Test case passing 1 argument fault → ReplacementPreCutoverFaultCase(name: "final-proof-finalPausedStateValidated", kind: JidokaCodeCoreTests.ReplacementPreCutoverFaultKind.checkpoint(JidokaCodeCore.HerdrRoleHostReplacementCheckpoint.finalPausedStateValidated), expectedStatus: JidokaCodeCore.JobCanaryRoleHostReplacementStatus.noRemoteEffectFailure, retainsCredential: false, expectedError: JidokaCodeCoreTests.ReplacementMatrixExpectedError.checkpoint(JidokaCodeCore.HerdrRoleHostReplacementCheckpoint.finalPausedStateValidated), expectedReplayError: JidokaCodeCoreTests.ReplacementMatrixExpectedError.herdr(JidokaCodeCore.HerdrPiWorkflowError.recoveryBoundaryReached)) to "every pre-cutover fault preserves typed certainty credentials and other hosts" started.
◇ Test case passing 1 argument fault → ReplacementPreCutoverFaultCase(name: "final-proof-finalCanaryAuthorityValidated", kind: JidokaCodeCoreTests.ReplacementPreCutoverFaultKind.checkpoint(JidokaCodeCore.HerdrRoleHostReplacementCheckpoint.finalCanaryAuthorityValidated), expectedStatus: JidokaCodeCore.JobCanaryRoleHostReplacementStatus.noRemoteEffectFailure, retainsCredential: false, expectedError: JidokaCodeCoreTests.ReplacementMatrixExpectedError.checkpoint(JidokaCodeCore.HerdrRoleHostReplacementCheckpoint.finalCanaryAuthorityValidated), expectedReplayError: JidokaCodeCoreTests.ReplacementMatrixExpectedError.herdr(JidokaCodeCore.HerdrPiWorkflowError.recoveryBoundaryReached)) to "every pre-cutover fault preserves typed certainty credentials and other hosts" started.
◇ Test case passing 1 argument fault → ReplacementPreCutoverFaultCase(name: "final-proof-finalSocketPeerValidated", kind: JidokaCodeCoreTests.ReplacementPreCutoverFaultKind.checkpoint(JidokaCodeCore.HerdrRoleHostReplacementCheckpoint.finalSocketPeerValidated), expectedStatus: JidokaCodeCore.JobCanaryRoleHostReplacementStatus.noRemoteEffectFailure, retainsCredential: false, expectedError: JidokaCodeCoreTests.ReplacementMatrixExpectedError.checkpoint(JidokaCodeCore.HerdrRoleHostReplacementCheckpoint.finalSocketPeerValidated), expectedReplayError: JidokaCodeCoreTests.ReplacementMatrixExpectedError.herdr(JidokaCodeCore.HerdrPiWorkflowError.recoveryBoundaryReached)) to "every pre-cutover fault preserves typed certainty credentials and other hosts" started.
◇ Test case passing 1 argument fault → ReplacementPreCutoverFaultCase(name: "final-proof-finalResourceEvidenceValidated", kind: JidokaCodeCoreTests.ReplacementPreCutoverFaultKind.checkpoint(JidokaCodeCore.HerdrRoleHostReplacementCheckpoint.finalResourceEvidenceValidated), expectedStatus: JidokaCodeCore.JobCanaryRoleHostReplacementStatus.noRemoteEffectFailure, retainsCredential: false, expectedError: JidokaCodeCoreTests.ReplacementMatrixExpectedError.checkpoint(JidokaCodeCore.HerdrRoleHostReplacementCheckpoint.finalResourceEvidenceValidated), expectedReplayError: JidokaCodeCoreTests.ReplacementMatrixExpectedError.herdr(JidokaCodeCore.HerdrPiWorkflowError.recoveryBoundaryReached)) to "every pre-cutover fault preserves typed certainty credentials and other hosts" started.
◇ Test case passing 1 argument fault → ReplacementPreCutoverFaultCase(name: "final-proof-finalStalePaneValidated", kind: JidokaCodeCoreTests.ReplacementPreCutoverFaultKind.checkpoint(JidokaCodeCore.HerdrRoleHostReplacementCheckpoint.finalStalePaneValidated), expectedStatus: JidokaCodeCore.JobCanaryRoleHostReplacementStatus.noRemoteEffectFailure, retainsCredential: false, expectedError: JidokaCodeCoreTests.ReplacementMatrixExpectedError.checkpoint(JidokaCodeCore.HerdrRoleHostReplacementCheckpoint.finalStalePaneValidated), expectedReplayError: JidokaCodeCoreTests.ReplacementMatrixExpectedError.herdr(JidokaCodeCore.HerdrPiWorkflowError.recoveryBoundaryReached)) to "every pre-cutover fault preserves typed certainty credentials and other hosts" started.
◇ Test case passing 1 argument fault → ReplacementPreCutoverFaultCase(name: "final-proof-finalPredecessorValidated", kind: JidokaCodeCoreTests.ReplacementPreCutoverFaultKind.checkpoint(JidokaCodeCore.HerdrRoleHostReplacementCheckpoint.finalPredecessorValidated), expectedStatus: JidokaCodeCore.JobCanaryRoleHostReplacementStatus.noRemoteEffectFailure, retainsCredential: false, expectedError: JidokaCodeCoreTests.ReplacementMatrixExpectedError.checkpoint(JidokaCodeCore.HerdrRoleHostReplacementCheckpoint.finalPredecessorValidated), expectedReplayError: JidokaCodeCoreTests.ReplacementMatrixExpectedError.herdr(JidokaCodeCore.HerdrPiWorkflowError.recoveryBoundaryReached)) to "every pre-cutover fault preserves typed certainty credentials and other hosts" started.
◇ Test case passing 1 argument fault → ReplacementPreCutoverFaultCase(name: "final-proof-finalPreservedHostsValidated", kind: JidokaCodeCoreTests.ReplacementPreCutoverFaultKind.checkpoint(JidokaCodeCore.HerdrRoleHostReplacementCheckpoint.finalPreservedHostsValidated), expectedStatus: JidokaCodeCore.JobCanaryRoleHostReplacementStatus.noRemoteEffectFailure, retainsCredential: false, expectedError: JidokaCodeCoreTests.ReplacementMatrixExpectedError.checkpoint(JidokaCodeCore.HerdrRoleHostReplacementCheckpoint.finalPreservedHostsValidated), expectedReplayError: JidokaCodeCoreTests.ReplacementMatrixExpectedError.herdr(JidokaCodeCore.HerdrPiWorkflowError.recoveryBoundaryReached)) to "every pre-cutover fault preserves typed certainty credentials and other hosts" started.
◇ Test case passing 1 argument fault → ReplacementPreCutoverFaultCase(name: "final-proof-finalQ4PlanValidated", kind: JidokaCodeCoreTests.ReplacementPreCutoverFaultKind.checkpoint(JidokaCodeCore.HerdrRoleHostReplacementCheckpoint.finalQ4PlanValidated), expectedStatus: JidokaCodeCore.JobCanaryRoleHostReplacementStatus.noRemoteEffectFailure, retainsCredential: false, expectedError: JidokaCodeCoreTests.ReplacementMatrixExpectedError.checkpoint(JidokaCodeCore.HerdrRoleHostReplacementCheckpoint.finalQ4PlanValidated), expectedReplayError: JidokaCodeCoreTests.ReplacementMatrixExpectedError.herdr(JidokaCodeCore.HerdrPiWorkflowError.recoveryBoundaryReached)) to "every pre-cutover fault preserves typed certainty credentials and other hosts" started.
◇ Test case passing 1 argument fault → ReplacementPreCutoverFaultCase(name: "final-proof-finalCredentialProjectionValidated", kind: JidokaCodeCoreTests.ReplacementPreCutoverFaultKind.checkpoint(JidokaCodeCore.HerdrRoleHostReplacementCheckpoint.finalCredentialProjectionValidated), expectedStatus: JidokaCodeCore.JobCanaryRoleHostReplacementStatus.noRemoteEffectFailure, retainsCredential: false, expectedError: JidokaCodeCoreTests.ReplacementMatrixExpectedError.checkpoint(JidokaCodeCore.HerdrRoleHostReplacementCheckpoint.finalCredentialProjectionValidated), expectedReplayError: JidokaCodeCoreTests.ReplacementMatrixExpectedError.herdr(JidokaCodeCore.HerdrPiWorkflowError.recoveryBoundaryReached)) to "every pre-cutover fault preserves typed certainty credentials and other hosts" started.
◇ Test case passing 1 argument fault → ReplacementPreCutoverFaultCase(name: "claimed-sendStarted", kind: JidokaCodeCoreTests.ReplacementPreCutoverFaultKind.checkpoint(JidokaCodeCore.HerdrRoleHostReplacementCheckpoint.sendStarted), expectedStatus: JidokaCodeCore.JobCanaryRoleHostReplacementStatus.remoteEffectAmbiguous, retainsCredential: false, expectedError: JidokaCodeCoreTests.ReplacementMatrixExpectedError.checkpoint(JidokaCodeCore.HerdrRoleHostReplacementCheckpoint.sendStarted), expectedReplayError: JidokaCodeCoreTests.ReplacementMatrixExpectedError.herdr(JidokaCodeCore.HerdrPiWorkflowError.recoveryBoundaryReached)) to "every pre-cutover fault preserves typed certainty credentials and other hosts" started.
◇ Test case passing 1 argument fault → ReplacementPreCutoverFaultCase(name: "claimed-beforeRemoteEffectQ4Revalidation", kind: JidokaCodeCoreTests.ReplacementPreCutoverFaultKind.checkpoint(JidokaCodeCore.HerdrRoleHostReplacementCheckpoint.beforeRemoteEffectQ4Revalidation), expectedStatus: JidokaCodeCore.JobCanaryRoleHostReplacementStatus.remoteEffectAmbiguous, retainsCredential: false, expectedError: JidokaCodeCoreTests.ReplacementMatrixExpectedError.checkpoint(JidokaCodeCore.HerdrRoleHostReplacementCheckpoint.beforeRemoteEffectQ4Revalidation), expectedReplayError: JidokaCodeCoreTests.ReplacementMatrixExpectedError.herdr(JidokaCodeCore.HerdrPiWorkflowError.recoveryBoundaryReached)) to "every pre-cutover fault preserves typed certainty credentials and other hosts" started.
◇ Test case passing 1 argument fault → ReplacementPreCutoverFaultCase(name: "claimed-predecessorShutdownRequested", kind: JidokaCodeCoreTests.ReplacementPreCutoverFaultKind.checkpoint(JidokaCodeCore.HerdrRoleHostReplacementCheckpoint.predecessorShutdownRequested), expectedStatus: JidokaCodeCore.JobCanaryRoleHostReplacementStatus.remoteEffectAmbiguous, retainsCredential: false, expectedError: JidokaCodeCoreTests.ReplacementMatrixExpectedError.checkpoint(JidokaCodeCore.HerdrRoleHostReplacementCheckpoint.predecessorShutdownRequested), expectedReplayError: JidokaCodeCoreTests.ReplacementMatrixExpectedError.herdr(JidokaCodeCore.HerdrPiWorkflowError.recoveryBoundaryReached)) to "every pre-cutover fault preserves typed certainty credentials and other hosts" started.
◇ Test case passing 1 argument fault → ReplacementPreCutoverFaultCase(name: "claimed-predecessorExited", kind: JidokaCodeCoreTests.ReplacementPreCutoverFaultKind.checkpoint(JidokaCodeCore.HerdrRoleHostReplacementCheckpoint.predecessorExited), expectedStatus: JidokaCodeCore.JobCanaryRoleHostReplacementStatus.remoteEffectAmbiguous, retainsCredential: false, expectedError: JidokaCodeCoreTests.ReplacementMatrixExpectedError.checkpoint(JidokaCodeCore.HerdrRoleHostReplacementCheckpoint.predecessorExited), expectedReplayError: JidokaCodeCoreTests.ReplacementMatrixExpectedError.herdr(JidokaCodeCore.HerdrPiWorkflowError.recoveryBoundaryReached)) to "every pre-cutover fault preserves typed certainty credentials and other hosts" started.
◇ Test case passing 1 argument fault → ReplacementPreCutoverFaultCase(name: "predecessor-close", kind: JidokaCodeCoreTests.ReplacementPreCutoverFaultKind.close, expectedStatus: JidokaCodeCore.JobCanaryRoleHostReplacementStatus.remoteEffectAmbiguous, retainsCredential: false, expectedError: JidokaCodeCoreTests.ReplacementMatrixExpectedError.herdr(JidokaCodeCore.HerdrPiWorkflowError.topologyUnavailable), expectedReplayError: JidokaCodeCoreTests.ReplacementMatrixExpectedError.herdr(JidokaCodeCore.HerdrPiWorkflowError.recoveryBoundaryReached)) to "every pre-cutover fault preserves typed certainty credentials and other hosts" started.
◇ Test case passing 1 argument fault → ReplacementPreCutoverFaultCase(name: "remote-split", kind: JidokaCodeCoreTests.ReplacementPreCutoverFaultKind.remote(JidokaCodeCoreTests.ReplacementRuntimeRemoteFault.split), expectedStatus: JidokaCodeCore.JobCanaryRoleHostReplacementStatus.remoteEffectAmbiguous, retainsCredential: false, expectedError: JidokaCodeCoreTests.ReplacementMatrixExpectedError.herdr(JidokaCodeCore.HerdrPiWorkflowError.topologyUnavailable), expectedReplayError: JidokaCodeCoreTests.ReplacementMatrixExpectedError.herdr(JidokaCodeCore.HerdrPiWorkflowError.recoveryBoundaryReached)) to "every pre-cutover fault preserves typed certainty credentials and other hosts" started.
◇ Test case passing 1 argument fault → ReplacementPreCutoverFaultCase(name: "remote-postSplitPaneDisappeared", kind: JidokaCodeCoreTests.ReplacementPreCutoverFaultKind.remote(JidokaCodeCoreTests.ReplacementRuntimeRemoteFault.postSplitPaneDisappeared), expectedStatus: JidokaCodeCore.JobCanaryRoleHostReplacementStatus.remoteEffectAmbiguous, retainsCredential: false, expectedError: JidokaCodeCoreTests.ReplacementMatrixExpectedError.herdr(JidokaCodeCore.HerdrPiWorkflowError.topologyUnavailable), expectedReplayError: JidokaCodeCoreTests.ReplacementMatrixExpectedError.herdr(JidokaCodeCore.HerdrPiWorkflowError.recoveryBoundaryReached)) to "every pre-cutover fault preserves typed certainty credentials and other hosts" started.
◇ Test case passing 1 argument fault → ReplacementPreCutoverFaultCase(name: "remote-postSplitTerminalRemapped", kind: JidokaCodeCoreTests.ReplacementPreCutoverFaultKind.remote(JidokaCodeCoreTests.ReplacementRuntimeRemoteFault.postSplitTerminalRemapped), expectedStatus: JidokaCodeCore.JobCanaryRoleHostReplacementStatus.remoteEffectAmbiguous, retainsCredential: false, expectedError: JidokaCodeCoreTests.ReplacementMatrixExpectedError.herdr(JidokaCodeCore.HerdrPiWorkflowError.topologyUnavailable), expectedReplayError: JidokaCodeCoreTests.ReplacementMatrixExpectedError.herdr(JidokaCodeCore.HerdrPiWorkflowError.recoveryBoundaryReached)) to "every pre-cutover fault preserves typed certainty credentials and other hosts" started.
◇ Test case passing 1 argument fault → ReplacementPreCutoverFaultCase(name: "remote-text", kind: JidokaCodeCoreTests.ReplacementPreCutoverFaultKind.remote(JidokaCodeCoreTests.ReplacementRuntimeRemoteFault.text), expectedStatus: JidokaCodeCore.JobCanaryRoleHostReplacementStatus.remoteEffectAmbiguous, retainsCredential: false, expectedError: JidokaCodeCoreTests.ReplacementMatrixExpectedError.herdr(JidokaCodeCore.HerdrPiWorkflowError.topologyUnavailable), expectedReplayError: JidokaCodeCoreTests.ReplacementMatrixExpectedError.herdr(JidokaCodeCore.HerdrPiWorkflowError.recoveryBoundaryReached)) to "every pre-cutover fault preserves typed certainty credentials and other hosts" started.
◇ Test case passing 1 argument fault → ReplacementPreCutoverFaultCase(name: "remote-enter", kind: JidokaCodeCoreTests.ReplacementPreCutoverFaultKind.remote(JidokaCodeCoreTests.ReplacementRuntimeRemoteFault.enter), expectedStatus: JidokaCodeCore.JobCanaryRoleHostReplacementStatus.remoteEffectAmbiguous, retainsCredential: false, expectedError: JidokaCodeCoreTests.ReplacementMatrixExpectedError.herdr(JidokaCodeCore.HerdrPiWorkflowError.topologyUnavailable), expectedReplayError: JidokaCodeCoreTests.ReplacementMatrixExpectedError.herdr(JidokaCodeCore.HerdrPiWorkflowError.recoveryBoundaryReached)) to "every pre-cutover fault preserves typed certainty credentials and other hosts" started.
◇ Test case passing 1 argument fault → ReplacementPreCutoverFaultCase(name: "remote-postEnterPaneDisappeared", kind: JidokaCodeCoreTests.ReplacementPreCutoverFaultKind.remote(JidokaCodeCoreTests.ReplacementRuntimeRemoteFault.postEnterPaneDisappeared), expectedStatus: JidokaCodeCore.JobCanaryRoleHostReplacementStatus.remoteEffectAmbiguous, retainsCredential: false, expectedError: JidokaCodeCoreTests.ReplacementMatrixExpectedError.herdr(JidokaCodeCore.HerdrPiWorkflowError.topologyUnavailable), expectedReplayError: JidokaCodeCoreTests.ReplacementMatrixExpectedError.herdr(JidokaCodeCore.HerdrPiWorkflowError.recoveryBoundaryReached)) to "every pre-cutover fault preserves typed certainty credentials and other hosts" started.
◇ Test case passing 1 argument fault → ReplacementPreCutoverFaultCase(name: "remote-postEnterTerminalRemapped", kind: JidokaCodeCoreTests.ReplacementPreCutoverFaultKind.remote(JidokaCodeCoreTests.ReplacementRuntimeRemoteFault.postEnterTerminalRemapped), expectedStatus: JidokaCodeCore.JobCanaryRoleHostReplacementStatus.remoteEffectAmbiguous, retainsCredential: false, expectedError: JidokaCodeCoreTests.ReplacementMatrixExpectedError.herdr(JidokaCodeCore.HerdrPiWorkflowError.topologyUnavailable), expectedReplayError: JidokaCodeCoreTests.ReplacementMatrixExpectedError.herdr(JidokaCodeCore.HerdrPiWorkflowError.recoveryBoundaryReached)) to "every pre-cutover fault preserves typed certainty credentials and other hosts" started.
◇ Test case passing 1 argument fault → ReplacementPreCutoverFaultCase(name: "replacement-process-discovery", kind: JidokaCodeCoreTests.ReplacementPreCutoverFaultKind.processDiscovery, expectedStatus: JidokaCodeCore.JobCanaryRoleHostReplacementStatus.remoteEffectAmbiguous, retainsCredential: false, expectedError: JidokaCodeCoreTests.ReplacementMatrixExpectedError.herdr(JidokaCodeCore.HerdrPiWorkflowError.roleHostUnavailable), expectedReplayError: JidokaCodeCoreTests.ReplacementMatrixExpectedError.herdr(JidokaCodeCore.HerdrPiWorkflowError.recoveryBoundaryReached)) to "every pre-cutover fault preserves typed certainty credentials and other hosts" started.
◇ Test case passing 1 argument fault → ReplacementPreCutoverFaultCase(name: "authority-prime", kind: JidokaCodeCoreTests.ReplacementPreCutoverFaultKind.prime, expectedStatus: JidokaCodeCore.JobCanaryRoleHostReplacementStatus.remoteEffectAmbiguous, retainsCredential: false, expectedError: JidokaCodeCoreTests.ReplacementMatrixExpectedError.herdr(JidokaCodeCore.HerdrPiWorkflowError.topologyUnavailable), expectedReplayError: JidokaCodeCoreTests.ReplacementMatrixExpectedError.herdr(JidokaCodeCore.HerdrPiWorkflowError.recoveryBoundaryReached)) to "every pre-cutover fault preserves typed certainty credentials and other hosts" started.
◇ Test case passing 1 argument fault → ReplacementPreCutoverFaultCase(name: "attribution-cutover-write", kind: JidokaCodeCoreTests.ReplacementPreCutoverFaultKind.cutoverWrite, expectedStatus: JidokaCodeCore.JobCanaryRoleHostReplacementStatus.remoteEffectAmbiguous, retainsCredential: false, expectedError: JidokaCodeCoreTests.ReplacementMatrixExpectedError.sqlite(JidokaCodeCore.SQLiteStoreError.statementFailed(code: 19, message: "w5 cutover fault")), expectedReplayError: JidokaCodeCoreTests.ReplacementMatrixExpectedError.herdr(JidokaCodeCore.HerdrPiWorkflowError.recoveryBoundaryReached)) to "every pre-cutover fault preserves typed certainty credentials and other hosts" started.
◇ Test case passing 1 argument fault → ReplacementPreCutoverFaultCase(name: "cutover-committed", kind: JidokaCodeCoreTests.ReplacementPreCutoverFaultKind.checkpoint(JidokaCodeCore.HerdrRoleHostReplacementCheckpoint.cutoverCommitted), expectedStatus: JidokaCodeCore.JobCanaryRoleHostReplacementStatus.q4Prepared, retainsCredential: false, expectedError: JidokaCodeCoreTests.ReplacementMatrixExpectedError.checkpoint(JidokaCodeCore.HerdrRoleHostReplacementCheckpoint.cutoverCommitted), expectedReplayError: JidokaCodeCoreTests.ReplacementMatrixExpectedError.herdr(JidokaCodeCore.HerdrPiWorkflowError.recoveryBoundaryReached)) to "every pre-cutover fault preserves typed certainty credentials and other hosts" started.
◇ Test case passing 1 argument fault → ReplacementPreCutoverFaultCase(name: "q4-publication-before-visibility", kind: JidokaCodeCoreTests.ReplacementPreCutoverFaultKind.q4PublicationBeforeVisibility, expectedStatus: JidokaCodeCore.JobCanaryRoleHostReplacementStatus.q4Prepared, retainsCredential: false, expectedError: JidokaCodeCoreTests.ReplacementMatrixExpectedError.publication(JidokaCodeCoreTests.ReplacementCommandPublicationFailure.beforeVisibility), expectedReplayError: JidokaCodeCoreTests.ReplacementMatrixExpectedError.herdr(JidokaCodeCore.HerdrPiWorkflowError.recoveryBoundaryReached)) to "every pre-cutover fault preserves typed certainty credentials and other hosts" started.
◇ Test case passing 1 argument fault → ReplacementPreCutoverFaultCase(name: "q4-publication-after-visibility", kind: JidokaCodeCoreTests.ReplacementPreCutoverFaultKind.checkpoint(JidokaCodeCore.HerdrRoleHostReplacementCheckpoint.q4Published), expectedStatus: JidokaCodeCore.JobCanaryRoleHostReplacementStatus.q4Enqueued, retainsCredential: true, expectedError: JidokaCodeCoreTests.ReplacementMatrixExpectedError.checkpoint(JidokaCodeCore.HerdrRoleHostReplacementCheckpoint.q4Published), expectedReplayError: JidokaCodeCoreTests.ReplacementMatrixExpectedError.herdr(JidokaCodeCore.HerdrPiWorkflowError.recoveryBoundaryReached)) to "every pre-cutover fault preserves typed certainty credentials and other hosts" started.
✔ Test "every pre-cutover fault preserves typed certainty credentials and other hosts" with 28 test cases passed after 16.821 seconds.
◇ Test "credential cleanup failure is exact and bounded before send-start authority" started.
✔ Test "credential cleanup failure is exact and bounded before send-start authority" passed after 0.619 seconds.
◇ Test "historical replacement retires only architecture and publishes exact q4" started.
✔ Test "historical replacement retires only architecture and publishes exact q4" passed after 0.929 seconds.
◇ Test "historical replacement ambiguity is terminal and cannot replay" started.
✔ Test "historical replacement ambiguity is terminal and cannot replay" passed after 0.713 seconds.
◇ Test "historical terminal replacement ambiguity preserves isolation after reopen" started.
✔ Test "historical terminal replacement ambiguity preserves isolation after reopen" passed after 0.702 seconds.
◇ Test "historical replacement reconstructs prepared q4 after restart without replay authority" started.
✔ Test "historical replacement reconstructs prepared q4 after restart without replay authority" passed after 0.628 seconds.
◇ Test "historical replacement close and reopen preserves prepared and enqueued q4" started.
◇ Test case passing 1 argument state → .prepared to "historical replacement close and reopen preserves prepared and enqueued q4" started.
◇ Test case passing 1 argument state → .enqueuedMissingCommand to "historical replacement close and reopen preserves prepared and enqueued q4" started.
✔ Test "historical replacement close and reopen preserves prepared and enqueued q4" with 2 test cases passed after 1.424 seconds.
◇ Test "historical replacement known pre-effect failure is durable and has no replay authority" started.
✔ Test "historical replacement known pre-effect failure is durable and has no replay authority" passed after 0.646 seconds.
◇ Test "historical replacement sent intent becomes unknown once after reopen" started.
✔ Test "historical replacement sent intent becomes unknown once after reopen" passed after 0.718 seconds.
◇ Test "production reload keeps paused replacement recovery dispatch closed" started.
✔ Test "production reload keeps paused replacement recovery dispatch closed" passed after 0.658 seconds.
◇ Test "exact paused canary startup leaves every unrelated durable row unchanged" started.
✔ Test "exact paused canary startup leaves every unrelated durable row unchanged" passed after 0.083 seconds.
◇ Test "production reload skips startup execution while paused" started.
✔ Test "production reload skips startup execution while paused" passed after 0.042 seconds.
✔ Suite "Production Herdr Pi workflow runtime" passed after 101.231 seconds.
✔ Test run with 762 tests in 85 suites passed after 101.232 seconds.

Exit status: 0
UTC end: 2026-09-05T08:18:44Z
