UTC start: 2026-09-05T08:31:35Z
Command: xcrun swift test --package-path build/round5/review-export.Dr3els --jobs 2 --filter RolloutLeaseAuthorityTests\|RolloutRemotePreviewRevalidatorTests
Building for debugging...
[0/62] /private/tmp/jidoka-code-progressive-production-automation/build/round5/review-export.Dr3els/.build/arm64-apple-macosx/debug/JidokaCodePackageTests.derived/runner.swift
[1/62] Write sources
[2/62] Copying Fixtures
[3/62] Write JidokaCodeUIFixture-entitlement.plist
[4/62] Write sources
[5/62] Write JidokaCodePushGuard-entitlement.plist
[6/62] Write sources
[9/62] Write JidokaCodeLocationProbeEngine-entitlement.plist
[10/62] Write sources
[11/62] Write JidokaCodeLocationProbeApp-entitlement.plist
[12/62] Write sources
[13/62] Write JidokaCodeHerdrHost-entitlement.plist
[14/62] Write sources
[15/62] Write JidokaCodeHerdrFixture-entitlement.plist
[16/62] Write sources
[17/62] Write JidokaCodeEngineProbe-entitlement.plist
[18/62] Write sources
[21/62] Write JidokaCodeBoundedCommand-entitlement.plist
[22/62] Write sources
[23/62] Write JidokaCodeAskPass-entitlement.plist
[24/62] Write sources
[28/62] Write JidokaCodeApp-entitlement.plist
[29/62] Write swift-version--58304C5D6DBC2206.txt
[31/90] Emitting module JidokaCodeLocationProbeSupport
[32/90] Compiling JidokaCodeLocationProbeSupport LocationProbeProtocol.swift
[33/90] Compiling JidokaCodeCore EngineProtocol.swift
[34/90] Compiling JidokaCodeCore EngineRedactedLog.swift
[35/90] Compiling JidokaCodeCore EngineService.swift
[36/90] Compiling JidokaCodeCore EngineXPCMessageHandler.swift
[37/90] Compiling JidokaCodeCore EngineXPCPeerValidator.swift
[38/90] Compiling JidokaCodeCore PackagedExecutableSnapshot.swift
[39/90] Compiling JidokaCodeCore PackagedPiResourceSnapshot.swift
[40/90] Compiling JidokaCodeCore PackagedResourceSnapshot.swift
[41/90] Compiling JidokaCodeCore PrivateDirectoryBoundary.swift
[42/90] Compiling JidokaCodeCore ProcessIdentityTracker.swift
[43/90] Compiling JidokaCodeCore ProductionEngineExternalServices.swift
[44/90] Compiling JidokaCodeCore ProductionEngineJobRuntime.swift
[45/90] Compiling JidokaCodeCore RolloutReleaseIdentityAttestor.swift
[46/90] Compiling JidokaCodeCore RolloutRemotePreviewRevalidator.swift
[47/90] Compiling JidokaCodeCore SingleInstanceLock.swift
[48/90] Compiling JidokaCodeCore ConfigurationStore.swift
[49/90] Compiling JidokaCodeCore GitAskPass.swift
[50/90] Compiling JidokaCodeCore GitProcess.swift
[51/90] Compiling JidokaCodeCore GitPublication.swift
[52/90] Compiling JidokaCodeCore GitPushGuard.swift
[53/90] Compiling JidokaCodeCore GitTransport.swift
[54/90] Compiling JidokaCodeCore RepositoryStore.swift
[55/90] Compiling JidokaCodeCore SubmoduleManager.swift
[56/90] Compiling JidokaCodeCore VerificationCommandRunner.swift
[57/90] Compiling JidokaCodeCore WorkspaceImporter.swift
[58/90] Emitting module JidokaCodeCore
[59/140] Compiling JidokaCodeCore GitHubBroker.swift
[60/140] Compiling JidokaCodeCore GitHubDiscovery.swift
[61/140] Compiling JidokaCodeCore GitHubHTTP.swift
[62/140] Compiling JidokaCodeCore GitHubMarker.swift
[63/140] Compiling JidokaCodeCore GitHubModels.swift
[64/140] Compiling JidokaCodeCore GitHubRequest.swift
[65/140] Compiling JidokaCodeCore IssueRevision.swift
[66/140] Compiling JidokaCodeCore HerdrHostRuntime.swift
[67/140] Compiling JidokaCodeCore HerdrProtocol.swift
[68/140] Compiling JidokaCodeCore HerdrRoleHostRuntime.swift
[69/140] Compiling JidokaCodeCore HerdrRuntimeReadiness.swift
[70/140] Compiling JidokaCodeCore HerdrSocketClient.swift
[71/140] Compiling JidokaCodeCore HerdrTopologyCoordinator.swift
[72/140] Compiling JidokaCodeCore HerdrTopologyProtocol.swift
[73/140] Compiling JidokaCodeCore DurableApprovedCommandExecutor.swift
[74/140] Compiling JidokaCodeCore DurableIssueRevisionDeriver.swift
[75/140] Compiling JidokaCodeCore FrozenCommandPlanCodec.swift
[76/140] Compiling JidokaCodeCore GitHubJobMutationObservationReader.swift
[77/140] Compiling JidokaCodeCore GitHubMarkerPublisher.swift
[78/140] Compiling JidokaCodeCore GitHubPullRequestPublisher.swift
[79/140] Compiling JidokaCodeCore GitHubWorkflowLabelBootstrapper.swift
[80/140] Compiling JidokaCodeCore GitHubWorkflowLabelMutator.swift
[81/140] Compiling JidokaCodeCore IssueImplementationInputs.swift
[82/140] Compiling JidokaCodeCore IssueImplementationJobWorkflow.swift
[83/140] Compiling JidokaCodeCore IssueImplementationPlanEnvelope.swift
[84/164] Compiling JidokaCodeCore IssueTriageJobWorkflow.swift
/private/tmp/jidoka-code-progressive-production-automation/build/round5/review-export.Dr3els/Sources/JidokaCodeCore/Keychain/GitHubTokenStore.swift:319:32: warning: 'SecKeychainItemGetTypeID()' was deprecated in macOS 10.10: SecKeychain is deprecated [#DeprecatedDeclaration]
317 |     case errSecSuccess:
318 |       guard let result,
319 |         CFGetTypeID(result) == SecKeychainItemGetTypeID()
    |                                `- warning: 'SecKeychainItemGetTypeID()' was deprecated in macOS 10.10: SecKeychain is deprecated [#DeprecatedDeclaration]
320 |       else {
321 |         throw GitHubTokenStoreError.inconsistentMutation

/private/tmp/jidoka-code-progressive-production-automation/build/round5/review-export.Dr3els/Sources/JidokaCodeCore/Keychain/GitHubTokenStore.swift:333:11: warning: 'SecKeychainItemCopyAccess' was deprecated in macOS 10.10: SecKeychain is deprecated [#DeprecatedDeclaration]
331 |   private func access(for item: SecKeychainItem) throws -> SecAccess {
332 |     var access: SecAccess?
333 |     guard SecKeychainItemCopyAccess(item, &access) == errSecSuccess,
    |           `- warning: 'SecKeychainItemCopyAccess' was deprecated in macOS 10.10: SecKeychain is deprecated [#DeprecatedDeclaration]
334 |       let access
335 |     else {

/private/tmp/jidoka-code-progressive-production-automation/build/round5/review-export.Dr3els/Sources/JidokaCodeCore/Keychain/GitHubTokenStore.swift:625:9: warning: 'SecTrustedApplicationCreateFromPath' was deprecated in macOS 10.10: SecKeychain is deprecated [#DeprecatedDeclaration]
623 |       var application: SecTrustedApplication?
624 |       let status = path.withCString {
625 |         SecTrustedApplicationCreateFromPath($0, &application)
    |         `- warning: 'SecTrustedApplicationCreateFromPath' was deprecated in macOS 10.10: SecKeychain is deprecated [#DeprecatedDeclaration]
626 |       }
627 |       guard status == errSecSuccess, let application else {

/private/tmp/jidoka-code-progressive-production-automation/build/round5/review-export.Dr3els/Sources/JidokaCodeCore/Keychain/GitHubTokenStore.swift:633:18: warning: 'SecAccessCreate' was deprecated in macOS 10.10: SecKeychain is deprecated [#DeprecatedDeclaration]
631 |     }
632 |     var access: SecAccess?
633 |     let status = SecAccessCreate(
    |                  `- warning: 'SecAccessCreate' was deprecated in macOS 10.10: SecKeychain is deprecated [#DeprecatedDeclaration]
634 |       descriptor as CFString,
635 |       trustedApplications as CFArray,

/private/tmp/jidoka-code-progressive-production-automation/build/round5/review-export.Dr3els/Sources/JidokaCodeCore/Keychain/GitHubTokenStore.swift:706:7: warning: 'SecAccessCopyOwnerAndACL' was deprecated in macOS 10.10: SecKeychain is deprecated [#DeprecatedDeclaration]
704 |     var ownerType = SecAccessOwnerType()
705 |     guard
706 |       SecAccessCopyOwnerAndACL(
    |       `- warning: 'SecAccessCopyOwnerAndACL' was deprecated in macOS 10.10: SecKeychain is deprecated [#DeprecatedDeclaration]
707 |         access,
708 |         &userID,

/private/tmp/jidoka-code-progressive-production-automation/build/round5/review-export.Dr3els/Sources/JidokaCodeCore/Keychain/GitHubTokenStore.swift:717:11: warning: 'SecAccessCopyACLList' was deprecated in macOS 10.10: SecKeychain is deprecated [#DeprecatedDeclaration]
715 |     }
716 |     var list: CFArray?
717 |     guard SecAccessCopyACLList(access, &list) == errSecSuccess,
    |           `- warning: 'SecAccessCopyACLList' was deprecated in macOS 10.10: SecKeychain is deprecated [#DeprecatedDeclaration]
718 |       let entries = list as? [SecACL],
719 |       (1...32).contains(entries.count)

/private/tmp/jidoka-code-progressive-production-automation/build/round5/review-export.Dr3els/Sources/JidokaCodeCore/Keychain/GitHubTokenStore.swift:727:30: warning: 'SecACLCopyAuthorizations' was deprecated in macOS 10.10: SecKeychain is deprecated [#DeprecatedDeclaration]
725 |     for entry in entries {
726 |       guard
727 |         let authorizations = SecACLCopyAuthorizations(entry) as? [String],
    |                              `- warning: 'SecACLCopyAuthorizations' was deprecated in macOS 10.10: SecKeychain is deprecated [#DeprecatedDeclaration]
728 |         (1...32).contains(authorizations.count)
729 |       else {

/private/tmp/jidoka-code-progressive-production-automation/build/round5/review-export.Dr3els/Sources/JidokaCodeCore/Keychain/GitHubTokenStore.swift:736:9: warning: 'SecACLCopyContents' was deprecated in macOS 10.10: SecKeychain is deprecated [#DeprecatedDeclaration]
734 |       var prompt = SecKeychainPromptSelector()
735 |       guard
736 |         SecACLCopyContents(
    |         `- warning: 'SecACLCopyContents' was deprecated in macOS 10.10: SecKeychain is deprecated [#DeprecatedDeclaration]
737 |           entry,
738 |           &applicationList,

/private/tmp/jidoka-code-progressive-production-automation/build/round5/review-export.Dr3els/Sources/JidokaCodeCore/Keychain/GitHubTokenStore.swift:754:17: warning: 'SecTrustedApplicationCopyData' was deprecated in macOS 10.10: SecKeychain is deprecated [#DeprecatedDeclaration]
752 |         for application in applications {
753 |           var value: CFData?
754 |           guard SecTrustedApplicationCopyData(application, &value) == errSecSuccess,
    |                 `- warning: 'SecTrustedApplicationCopyData' was deprecated in macOS 10.10: SecKeychain is deprecated [#DeprecatedDeclaration]
755 |             let value,
756 |             (value as Data).count <= 16_384

[#DeprecatedDeclaration]: <https://docs.swift.org/compiler/documentation/diagnostics/deprecated-declaration>
[85/164] Compiling JidokaCodeCore JobCoordinator.swift
/private/tmp/jidoka-code-progressive-production-automation/build/round5/review-export.Dr3els/Sources/JidokaCodeCore/Keychain/GitHubTokenStore.swift:319:32: warning: 'SecKeychainItemGetTypeID()' was deprecated in macOS 10.10: SecKeychain is deprecated [#DeprecatedDeclaration]
317 |     case errSecSuccess:
318 |       guard let result,
319 |         CFGetTypeID(result) == SecKeychainItemGetTypeID()
    |                                `- warning: 'SecKeychainItemGetTypeID()' was deprecated in macOS 10.10: SecKeychain is deprecated [#DeprecatedDeclaration]
320 |       else {
321 |         throw GitHubTokenStoreError.inconsistentMutation

/private/tmp/jidoka-code-progressive-production-automation/build/round5/review-export.Dr3els/Sources/JidokaCodeCore/Keychain/GitHubTokenStore.swift:333:11: warning: 'SecKeychainItemCopyAccess' was deprecated in macOS 10.10: SecKeychain is deprecated [#DeprecatedDeclaration]
331 |   private func access(for item: SecKeychainItem) throws -> SecAccess {
332 |     var access: SecAccess?
333 |     guard SecKeychainItemCopyAccess(item, &access) == errSecSuccess,
    |           `- warning: 'SecKeychainItemCopyAccess' was deprecated in macOS 10.10: SecKeychain is deprecated [#DeprecatedDeclaration]
334 |       let access
335 |     else {

/private/tmp/jidoka-code-progressive-production-automation/build/round5/review-export.Dr3els/Sources/JidokaCodeCore/Keychain/GitHubTokenStore.swift:625:9: warning: 'SecTrustedApplicationCreateFromPath' was deprecated in macOS 10.10: SecKeychain is deprecated [#DeprecatedDeclaration]
623 |       var application: SecTrustedApplication?
624 |       let status = path.withCString {
625 |         SecTrustedApplicationCreateFromPath($0, &application)
    |         `- warning: 'SecTrustedApplicationCreateFromPath' was deprecated in macOS 10.10: SecKeychain is deprecated [#DeprecatedDeclaration]
626 |       }
627 |       guard status == errSecSuccess, let application else {

/private/tmp/jidoka-code-progressive-production-automation/build/round5/review-export.Dr3els/Sources/JidokaCodeCore/Keychain/GitHubTokenStore.swift:633:18: warning: 'SecAccessCreate' was deprecated in macOS 10.10: SecKeychain is deprecated [#DeprecatedDeclaration]
631 |     }
632 |     var access: SecAccess?
633 |     let status = SecAccessCreate(
    |                  `- warning: 'SecAccessCreate' was deprecated in macOS 10.10: SecKeychain is deprecated [#DeprecatedDeclaration]
634 |       descriptor as CFString,
635 |       trustedApplications as CFArray,

/private/tmp/jidoka-code-progressive-production-automation/build/round5/review-export.Dr3els/Sources/JidokaCodeCore/Keychain/GitHubTokenStore.swift:706:7: warning: 'SecAccessCopyOwnerAndACL' was deprecated in macOS 10.10: SecKeychain is deprecated [#DeprecatedDeclaration]
704 |     var ownerType = SecAccessOwnerType()
705 |     guard
706 |       SecAccessCopyOwnerAndACL(
    |       `- warning: 'SecAccessCopyOwnerAndACL' was deprecated in macOS 10.10: SecKeychain is deprecated [#DeprecatedDeclaration]
707 |         access,
708 |         &userID,

/private/tmp/jidoka-code-progressive-production-automation/build/round5/review-export.Dr3els/Sources/JidokaCodeCore/Keychain/GitHubTokenStore.swift:717:11: warning: 'SecAccessCopyACLList' was deprecated in macOS 10.10: SecKeychain is deprecated [#DeprecatedDeclaration]
715 |     }
716 |     var list: CFArray?
717 |     guard SecAccessCopyACLList(access, &list) == errSecSuccess,
    |           `- warning: 'SecAccessCopyACLList' was deprecated in macOS 10.10: SecKeychain is deprecated [#DeprecatedDeclaration]
718 |       let entries = list as? [SecACL],
719 |       (1...32).contains(entries.count)

/private/tmp/jidoka-code-progressive-production-automation/build/round5/review-export.Dr3els/Sources/JidokaCodeCore/Keychain/GitHubTokenStore.swift:727:30: warning: 'SecACLCopyAuthorizations' was deprecated in macOS 10.10: SecKeychain is deprecated [#DeprecatedDeclaration]
725 |     for entry in entries {
726 |       guard
727 |         let authorizations = SecACLCopyAuthorizations(entry) as? [String],
    |                              `- warning: 'SecACLCopyAuthorizations' was deprecated in macOS 10.10: SecKeychain is deprecated [#DeprecatedDeclaration]
728 |         (1...32).contains(authorizations.count)
729 |       else {

/private/tmp/jidoka-code-progressive-production-automation/build/round5/review-export.Dr3els/Sources/JidokaCodeCore/Keychain/GitHubTokenStore.swift:736:9: warning: 'SecACLCopyContents' was deprecated in macOS 10.10: SecKeychain is deprecated [#DeprecatedDeclaration]
734 |       var prompt = SecKeychainPromptSelector()
735 |       guard
736 |         SecACLCopyContents(
    |         `- warning: 'SecACLCopyContents' was deprecated in macOS 10.10: SecKeychain is deprecated [#DeprecatedDeclaration]
737 |           entry,
738 |           &applicationList,

/private/tmp/jidoka-code-progressive-production-automation/build/round5/review-export.Dr3els/Sources/JidokaCodeCore/Keychain/GitHubTokenStore.swift:754:17: warning: 'SecTrustedApplicationCopyData' was deprecated in macOS 10.10: SecKeychain is deprecated [#DeprecatedDeclaration]
752 |         for application in applications {
753 |           var value: CFData?
754 |           guard SecTrustedApplicationCopyData(application, &value) == errSecSuccess,
    |                 `- warning: 'SecTrustedApplicationCopyData' was deprecated in macOS 10.10: SecKeychain is deprecated [#DeprecatedDeclaration]
755 |             let value,
756 |             (value as Data).count <= 16_384

[#DeprecatedDeclaration]: <https://docs.swift.org/compiler/documentation/diagnostics/deprecated-declaration>
[86/164] Compiling JidokaCodeCore PiIssueImplementationExecutors.swift
/private/tmp/jidoka-code-progressive-production-automation/build/round5/review-export.Dr3els/Sources/JidokaCodeCore/Keychain/GitHubTokenStore.swift:319:32: warning: 'SecKeychainItemGetTypeID()' was deprecated in macOS 10.10: SecKeychain is deprecated [#DeprecatedDeclaration]
317 |     case errSecSuccess:
318 |       guard let result,
319 |         CFGetTypeID(result) == SecKeychainItemGetTypeID()
    |                                `- warning: 'SecKeychainItemGetTypeID()' was deprecated in macOS 10.10: SecKeychain is deprecated [#DeprecatedDeclaration]
320 |       else {
321 |         throw GitHubTokenStoreError.inconsistentMutation

/private/tmp/jidoka-code-progressive-production-automation/build/round5/review-export.Dr3els/Sources/JidokaCodeCore/Keychain/GitHubTokenStore.swift:333:11: warning: 'SecKeychainItemCopyAccess' was deprecated in macOS 10.10: SecKeychain is deprecated [#DeprecatedDeclaration]
331 |   private func access(for item: SecKeychainItem) throws -> SecAccess {
332 |     var access: SecAccess?
333 |     guard SecKeychainItemCopyAccess(item, &access) == errSecSuccess,
    |           `- warning: 'SecKeychainItemCopyAccess' was deprecated in macOS 10.10: SecKeychain is deprecated [#DeprecatedDeclaration]
334 |       let access
335 |     else {

/private/tmp/jidoka-code-progressive-production-automation/build/round5/review-export.Dr3els/Sources/JidokaCodeCore/Keychain/GitHubTokenStore.swift:625:9: warning: 'SecTrustedApplicationCreateFromPath' was deprecated in macOS 10.10: SecKeychain is deprecated [#DeprecatedDeclaration]
623 |       var application: SecTrustedApplication?
624 |       let status = path.withCString {
625 |         SecTrustedApplicationCreateFromPath($0, &application)
    |         `- warning: 'SecTrustedApplicationCreateFromPath' was deprecated in macOS 10.10: SecKeychain is deprecated [#DeprecatedDeclaration]
626 |       }
627 |       guard status == errSecSuccess, let application else {

/private/tmp/jidoka-code-progressive-production-automation/build/round5/review-export.Dr3els/Sources/JidokaCodeCore/Keychain/GitHubTokenStore.swift:633:18: warning: 'SecAccessCreate' was deprecated in macOS 10.10: SecKeychain is deprecated [#DeprecatedDeclaration]
631 |     }
632 |     var access: SecAccess?
633 |     let status = SecAccessCreate(
    |                  `- warning: 'SecAccessCreate' was deprecated in macOS 10.10: SecKeychain is deprecated [#DeprecatedDeclaration]
634 |       descriptor as CFString,
635 |       trustedApplications as CFArray,

/private/tmp/jidoka-code-progressive-production-automation/build/round5/review-export.Dr3els/Sources/JidokaCodeCore/Keychain/GitHubTokenStore.swift:706:7: warning: 'SecAccessCopyOwnerAndACL' was deprecated in macOS 10.10: SecKeychain is deprecated [#DeprecatedDeclaration]
704 |     var ownerType = SecAccessOwnerType()
705 |     guard
706 |       SecAccessCopyOwnerAndACL(
    |       `- warning: 'SecAccessCopyOwnerAndACL' was deprecated in macOS 10.10: SecKeychain is deprecated [#DeprecatedDeclaration]
707 |         access,
708 |         &userID,

/private/tmp/jidoka-code-progressive-production-automation/build/round5/review-export.Dr3els/Sources/JidokaCodeCore/Keychain/GitHubTokenStore.swift:717:11: warning: 'SecAccessCopyACLList' was deprecated in macOS 10.10: SecKeychain is deprecated [#DeprecatedDeclaration]
715 |     }
716 |     var list: CFArray?
717 |     guard SecAccessCopyACLList(access, &list) == errSecSuccess,
    |           `- warning: 'SecAccessCopyACLList' was deprecated in macOS 10.10: SecKeychain is deprecated [#DeprecatedDeclaration]
718 |       let entries = list as? [SecACL],
719 |       (1...32).contains(entries.count)

/private/tmp/jidoka-code-progressive-production-automation/build/round5/review-export.Dr3els/Sources/JidokaCodeCore/Keychain/GitHubTokenStore.swift:727:30: warning: 'SecACLCopyAuthorizations' was deprecated in macOS 10.10: SecKeychain is deprecated [#DeprecatedDeclaration]
725 |     for entry in entries {
726 |       guard
727 |         let authorizations = SecACLCopyAuthorizations(entry) as? [String],
    |                              `- warning: 'SecACLCopyAuthorizations' was deprecated in macOS 10.10: SecKeychain is deprecated [#DeprecatedDeclaration]
728 |         (1...32).contains(authorizations.count)
729 |       else {

/private/tmp/jidoka-code-progressive-production-automation/build/round5/review-export.Dr3els/Sources/JidokaCodeCore/Keychain/GitHubTokenStore.swift:736:9: warning: 'SecACLCopyContents' was deprecated in macOS 10.10: SecKeychain is deprecated [#DeprecatedDeclaration]
734 |       var prompt = SecKeychainPromptSelector()
735 |       guard
736 |         SecACLCopyContents(
    |         `- warning: 'SecACLCopyContents' was deprecated in macOS 10.10: SecKeychain is deprecated [#DeprecatedDeclaration]
737 |           entry,
738 |           &applicationList,

/private/tmp/jidoka-code-progressive-production-automation/build/round5/review-export.Dr3els/Sources/JidokaCodeCore/Keychain/GitHubTokenStore.swift:754:17: warning: 'SecTrustedApplicationCopyData' was deprecated in macOS 10.10: SecKeychain is deprecated [#DeprecatedDeclaration]
752 |         for application in applications {
753 |           var value: CFData?
754 |           guard SecTrustedApplicationCopyData(application, &value) == errSecSuccess,
    |                 `- warning: 'SecTrustedApplicationCopyData' was deprecated in macOS 10.10: SecKeychain is deprecated [#DeprecatedDeclaration]
755 |             let value,
756 |             (value as Data).count <= 16_384

[#DeprecatedDeclaration]: <https://docs.swift.org/compiler/documentation/diagnostics/deprecated-declaration>
[87/164] Compiling JidokaCodeCore PiJobWorkflowPreparer.swift
/private/tmp/jidoka-code-progressive-production-automation/build/round5/review-export.Dr3els/Sources/JidokaCodeCore/Keychain/GitHubTokenStore.swift:319:32: warning: 'SecKeychainItemGetTypeID()' was deprecated in macOS 10.10: SecKeychain is deprecated [#DeprecatedDeclaration]
317 |     case errSecSuccess:
318 |       guard let result,
319 |         CFGetTypeID(result) == SecKeychainItemGetTypeID()
    |                                `- warning: 'SecKeychainItemGetTypeID()' was deprecated in macOS 10.10: SecKeychain is deprecated [#DeprecatedDeclaration]
320 |       else {
321 |         throw GitHubTokenStoreError.inconsistentMutation

/private/tmp/jidoka-code-progressive-production-automation/build/round5/review-export.Dr3els/Sources/JidokaCodeCore/Keychain/GitHubTokenStore.swift:333:11: warning: 'SecKeychainItemCopyAccess' was deprecated in macOS 10.10: SecKeychain is deprecated [#DeprecatedDeclaration]
331 |   private func access(for item: SecKeychainItem) throws -> SecAccess {
332 |     var access: SecAccess?
333 |     guard SecKeychainItemCopyAccess(item, &access) == errSecSuccess,
    |           `- warning: 'SecKeychainItemCopyAccess' was deprecated in macOS 10.10: SecKeychain is deprecated [#DeprecatedDeclaration]
334 |       let access
335 |     else {

/private/tmp/jidoka-code-progressive-production-automation/build/round5/review-export.Dr3els/Sources/JidokaCodeCore/Keychain/GitHubTokenStore.swift:625:9: warning: 'SecTrustedApplicationCreateFromPath' was deprecated in macOS 10.10: SecKeychain is deprecated [#DeprecatedDeclaration]
623 |       var application: SecTrustedApplication?
624 |       let status = path.withCString {
625 |         SecTrustedApplicationCreateFromPath($0, &application)
    |         `- warning: 'SecTrustedApplicationCreateFromPath' was deprecated in macOS 10.10: SecKeychain is deprecated [#DeprecatedDeclaration]
626 |       }
627 |       guard status == errSecSuccess, let application else {

/private/tmp/jidoka-code-progressive-production-automation/build/round5/review-export.Dr3els/Sources/JidokaCodeCore/Keychain/GitHubTokenStore.swift:633:18: warning: 'SecAccessCreate' was deprecated in macOS 10.10: SecKeychain is deprecated [#DeprecatedDeclaration]
631 |     }
632 |     var access: SecAccess?
633 |     let status = SecAccessCreate(
    |                  `- warning: 'SecAccessCreate' was deprecated in macOS 10.10: SecKeychain is deprecated [#DeprecatedDeclaration]
634 |       descriptor as CFString,
635 |       trustedApplications as CFArray,

/private/tmp/jidoka-code-progressive-production-automation/build/round5/review-export.Dr3els/Sources/JidokaCodeCore/Keychain/GitHubTokenStore.swift:706:7: warning: 'SecAccessCopyOwnerAndACL' was deprecated in macOS 10.10: SecKeychain is deprecated [#DeprecatedDeclaration]
704 |     var ownerType = SecAccessOwnerType()
705 |     guard
706 |       SecAccessCopyOwnerAndACL(
    |       `- warning: 'SecAccessCopyOwnerAndACL' was deprecated in macOS 10.10: SecKeychain is deprecated [#DeprecatedDeclaration]
707 |         access,
708 |         &userID,

/private/tmp/jidoka-code-progressive-production-automation/build/round5/review-export.Dr3els/Sources/JidokaCodeCore/Keychain/GitHubTokenStore.swift:717:11: warning: 'SecAccessCopyACLList' was deprecated in macOS 10.10: SecKeychain is deprecated [#DeprecatedDeclaration]
715 |     }
716 |     var list: CFArray?
717 |     guard SecAccessCopyACLList(access, &list) == errSecSuccess,
    |           `- warning: 'SecAccessCopyACLList' was deprecated in macOS 10.10: SecKeychain is deprecated [#DeprecatedDeclaration]
718 |       let entries = list as? [SecACL],
719 |       (1...32).contains(entries.count)

/private/tmp/jidoka-code-progressive-production-automation/build/round5/review-export.Dr3els/Sources/JidokaCodeCore/Keychain/GitHubTokenStore.swift:727:30: warning: 'SecACLCopyAuthorizations' was deprecated in macOS 10.10: SecKeychain is deprecated [#DeprecatedDeclaration]
725 |     for entry in entries {
726 |       guard
727 |         let authorizations = SecACLCopyAuthorizations(entry) as? [String],
    |                              `- warning: 'SecACLCopyAuthorizations' was deprecated in macOS 10.10: SecKeychain is deprecated [#DeprecatedDeclaration]
728 |         (1...32).contains(authorizations.count)
729 |       else {

/private/tmp/jidoka-code-progressive-production-automation/build/round5/review-export.Dr3els/Sources/JidokaCodeCore/Keychain/GitHubTokenStore.swift:736:9: warning: 'SecACLCopyContents' was deprecated in macOS 10.10: SecKeychain is deprecated [#DeprecatedDeclaration]
734 |       var prompt = SecKeychainPromptSelector()
735 |       guard
736 |         SecACLCopyContents(
    |         `- warning: 'SecACLCopyContents' was deprecated in macOS 10.10: SecKeychain is deprecated [#DeprecatedDeclaration]
737 |           entry,
738 |           &applicationList,

/private/tmp/jidoka-code-progressive-production-automation/build/round5/review-export.Dr3els/Sources/JidokaCodeCore/Keychain/GitHubTokenStore.swift:754:17: warning: 'SecTrustedApplicationCopyData' was deprecated in macOS 10.10: SecKeychain is deprecated [#DeprecatedDeclaration]
752 |         for application in applications {
753 |           var value: CFData?
754 |           guard SecTrustedApplicationCopyData(application, &value) == errSecSuccess,
    |                 `- warning: 'SecTrustedApplicationCopyData' was deprecated in macOS 10.10: SecKeychain is deprecated [#DeprecatedDeclaration]
755 |             let value,
756 |             (value as Data).count <= 16_384

[#DeprecatedDeclaration]: <https://docs.swift.org/compiler/documentation/diagnostics/deprecated-declaration>
[88/164] Compiling JidokaCodeCore PullRequestCommitDeriver.swift
/private/tmp/jidoka-code-progressive-production-automation/build/round5/review-export.Dr3els/Sources/JidokaCodeCore/Keychain/GitHubTokenStore.swift:319:32: warning: 'SecKeychainItemGetTypeID()' was deprecated in macOS 10.10: SecKeychain is deprecated [#DeprecatedDeclaration]
317 |     case errSecSuccess:
318 |       guard let result,
319 |         CFGetTypeID(result) == SecKeychainItemGetTypeID()
    |                                `- warning: 'SecKeychainItemGetTypeID()' was deprecated in macOS 10.10: SecKeychain is deprecated [#DeprecatedDeclaration]
320 |       else {
321 |         throw GitHubTokenStoreError.inconsistentMutation

/private/tmp/jidoka-code-progressive-production-automation/build/round5/review-export.Dr3els/Sources/JidokaCodeCore/Keychain/GitHubTokenStore.swift:333:11: warning: 'SecKeychainItemCopyAccess' was deprecated in macOS 10.10: SecKeychain is deprecated [#DeprecatedDeclaration]
331 |   private func access(for item: SecKeychainItem) throws -> SecAccess {
332 |     var access: SecAccess?
333 |     guard SecKeychainItemCopyAccess(item, &access) == errSecSuccess,
    |           `- warning: 'SecKeychainItemCopyAccess' was deprecated in macOS 10.10: SecKeychain is deprecated [#DeprecatedDeclaration]
334 |       let access
335 |     else {

/private/tmp/jidoka-code-progressive-production-automation/build/round5/review-export.Dr3els/Sources/JidokaCodeCore/Keychain/GitHubTokenStore.swift:625:9: warning: 'SecTrustedApplicationCreateFromPath' was deprecated in macOS 10.10: SecKeychain is deprecated [#DeprecatedDeclaration]
623 |       var application: SecTrustedApplication?
624 |       let status = path.withCString {
625 |         SecTrustedApplicationCreateFromPath($0, &application)
    |         `- warning: 'SecTrustedApplicationCreateFromPath' was deprecated in macOS 10.10: SecKeychain is deprecated [#DeprecatedDeclaration]
626 |       }
627 |       guard status == errSecSuccess, let application else {

/private/tmp/jidoka-code-progressive-production-automation/build/round5/review-export.Dr3els/Sources/JidokaCodeCore/Keychain/GitHubTokenStore.swift:633:18: warning: 'SecAccessCreate' was deprecated in macOS 10.10: SecKeychain is deprecated [#DeprecatedDeclaration]
631 |     }
632 |     var access: SecAccess?
633 |     let status = SecAccessCreate(
    |                  `- warning: 'SecAccessCreate' was deprecated in macOS 10.10: SecKeychain is deprecated [#DeprecatedDeclaration]
634 |       descriptor as CFString,
635 |       trustedApplications as CFArray,

/private/tmp/jidoka-code-progressive-production-automation/build/round5/review-export.Dr3els/Sources/JidokaCodeCore/Keychain/GitHubTokenStore.swift:706:7: warning: 'SecAccessCopyOwnerAndACL' was deprecated in macOS 10.10: SecKeychain is deprecated [#DeprecatedDeclaration]
704 |     var ownerType = SecAccessOwnerType()
705 |     guard
706 |       SecAccessCopyOwnerAndACL(
    |       `- warning: 'SecAccessCopyOwnerAndACL' was deprecated in macOS 10.10: SecKeychain is deprecated [#DeprecatedDeclaration]
707 |         access,
708 |         &userID,

/private/tmp/jidoka-code-progressive-production-automation/build/round5/review-export.Dr3els/Sources/JidokaCodeCore/Keychain/GitHubTokenStore.swift:717:11: warning: 'SecAccessCopyACLList' was deprecated in macOS 10.10: SecKeychain is deprecated [#DeprecatedDeclaration]
715 |     }
716 |     var list: CFArray?
717 |     guard SecAccessCopyACLList(access, &list) == errSecSuccess,
    |           `- warning: 'SecAccessCopyACLList' was deprecated in macOS 10.10: SecKeychain is deprecated [#DeprecatedDeclaration]
718 |       let entries = list as? [SecACL],
719 |       (1...32).contains(entries.count)

/private/tmp/jidoka-code-progressive-production-automation/build/round5/review-export.Dr3els/Sources/JidokaCodeCore/Keychain/GitHubTokenStore.swift:727:30: warning: 'SecACLCopyAuthorizations' was deprecated in macOS 10.10: SecKeychain is deprecated [#DeprecatedDeclaration]
725 |     for entry in entries {
726 |       guard
727 |         let authorizations = SecACLCopyAuthorizations(entry) as? [String],
    |                              `- warning: 'SecACLCopyAuthorizations' was deprecated in macOS 10.10: SecKeychain is deprecated [#DeprecatedDeclaration]
728 |         (1...32).contains(authorizations.count)
729 |       else {

/private/tmp/jidoka-code-progressive-production-automation/build/round5/review-export.Dr3els/Sources/JidokaCodeCore/Keychain/GitHubTokenStore.swift:736:9: warning: 'SecACLCopyContents' was deprecated in macOS 10.10: SecKeychain is deprecated [#DeprecatedDeclaration]
734 |       var prompt = SecKeychainPromptSelector()
735 |       guard
736 |         SecACLCopyContents(
    |         `- warning: 'SecACLCopyContents' was deprecated in macOS 10.10: SecKeychain is deprecated [#DeprecatedDeclaration]
737 |           entry,
738 |           &applicationList,

/private/tmp/jidoka-code-progressive-production-automation/build/round5/review-export.Dr3els/Sources/JidokaCodeCore/Keychain/GitHubTokenStore.swift:754:17: warning: 'SecTrustedApplicationCopyData' was deprecated in macOS 10.10: SecKeychain is deprecated [#DeprecatedDeclaration]
752 |         for application in applications {
753 |           var value: CFData?
754 |           guard SecTrustedApplicationCopyData(application, &value) == errSecSuccess,
    |                 `- warning: 'SecTrustedApplicationCopyData' was deprecated in macOS 10.10: SecKeychain is deprecated [#DeprecatedDeclaration]
755 |             let value,
756 |             (value as Data).count <= 16_384

[#DeprecatedDeclaration]: <https://docs.swift.org/compiler/documentation/diagnostics/deprecated-declaration>
[89/164] Compiling JidokaCodeCore PullRequestReviewJobWorkflow.swift
/private/tmp/jidoka-code-progressive-production-automation/build/round5/review-export.Dr3els/Sources/JidokaCodeCore/Keychain/GitHubTokenStore.swift:319:32: warning: 'SecKeychainItemGetTypeID()' was deprecated in macOS 10.10: SecKeychain is deprecated [#DeprecatedDeclaration]
317 |     case errSecSuccess:
318 |       guard let result,
319 |         CFGetTypeID(result) == SecKeychainItemGetTypeID()
    |                                `- warning: 'SecKeychainItemGetTypeID()' was deprecated in macOS 10.10: SecKeychain is deprecated [#DeprecatedDeclaration]
320 |       else {
321 |         throw GitHubTokenStoreError.inconsistentMutation

/private/tmp/jidoka-code-progressive-production-automation/build/round5/review-export.Dr3els/Sources/JidokaCodeCore/Keychain/GitHubTokenStore.swift:333:11: warning: 'SecKeychainItemCopyAccess' was deprecated in macOS 10.10: SecKeychain is deprecated [#DeprecatedDeclaration]
331 |   private func access(for item: SecKeychainItem) throws -> SecAccess {
332 |     var access: SecAccess?
333 |     guard SecKeychainItemCopyAccess(item, &access) == errSecSuccess,
    |           `- warning: 'SecKeychainItemCopyAccess' was deprecated in macOS 10.10: SecKeychain is deprecated [#DeprecatedDeclaration]
334 |       let access
335 |     else {

/private/tmp/jidoka-code-progressive-production-automation/build/round5/review-export.Dr3els/Sources/JidokaCodeCore/Keychain/GitHubTokenStore.swift:625:9: warning: 'SecTrustedApplicationCreateFromPath' was deprecated in macOS 10.10: SecKeychain is deprecated [#DeprecatedDeclaration]
623 |       var application: SecTrustedApplication?
624 |       let status = path.withCString {
625 |         SecTrustedApplicationCreateFromPath($0, &application)
    |         `- warning: 'SecTrustedApplicationCreateFromPath' was deprecated in macOS 10.10: SecKeychain is deprecated [#DeprecatedDeclaration]
626 |       }
627 |       guard status == errSecSuccess, let application else {

/private/tmp/jidoka-code-progressive-production-automation/build/round5/review-export.Dr3els/Sources/JidokaCodeCore/Keychain/GitHubTokenStore.swift:633:18: warning: 'SecAccessCreate' was deprecated in macOS 10.10: SecKeychain is deprecated [#DeprecatedDeclaration]
631 |     }
632 |     var access: SecAccess?
633 |     let status = SecAccessCreate(
    |                  `- warning: 'SecAccessCreate' was deprecated in macOS 10.10: SecKeychain is deprecated [#DeprecatedDeclaration]
634 |       descriptor as CFString,
635 |       trustedApplications as CFArray,

/private/tmp/jidoka-code-progressive-production-automation/build/round5/review-export.Dr3els/Sources/JidokaCodeCore/Keychain/GitHubTokenStore.swift:706:7: warning: 'SecAccessCopyOwnerAndACL' was deprecated in macOS 10.10: SecKeychain is deprecated [#DeprecatedDeclaration]
704 |     var ownerType = SecAccessOwnerType()
705 |     guard
706 |       SecAccessCopyOwnerAndACL(
    |       `- warning: 'SecAccessCopyOwnerAndACL' was deprecated in macOS 10.10: SecKeychain is deprecated [#DeprecatedDeclaration]
707 |         access,
708 |         &userID,

/private/tmp/jidoka-code-progressive-production-automation/build/round5/review-export.Dr3els/Sources/JidokaCodeCore/Keychain/GitHubTokenStore.swift:717:11: warning: 'SecAccessCopyACLList' was deprecated in macOS 10.10: SecKeychain is deprecated [#DeprecatedDeclaration]
715 |     }
716 |     var list: CFArray?
717 |     guard SecAccessCopyACLList(access, &list) == errSecSuccess,
    |           `- warning: 'SecAccessCopyACLList' was deprecated in macOS 10.10: SecKeychain is deprecated [#DeprecatedDeclaration]
718 |       let entries = list as? [SecACL],
719 |       (1...32).contains(entries.count)

/private/tmp/jidoka-code-progressive-production-automation/build/round5/review-export.Dr3els/Sources/JidokaCodeCore/Keychain/GitHubTokenStore.swift:727:30: warning: 'SecACLCopyAuthorizations' was deprecated in macOS 10.10: SecKeychain is deprecated [#DeprecatedDeclaration]
725 |     for entry in entries {
726 |       guard
727 |         let authorizations = SecACLCopyAuthorizations(entry) as? [String],
    |                              `- warning: 'SecACLCopyAuthorizations' was deprecated in macOS 10.10: SecKeychain is deprecated [#DeprecatedDeclaration]
728 |         (1...32).contains(authorizations.count)
729 |       else {

/private/tmp/jidoka-code-progressive-production-automation/build/round5/review-export.Dr3els/Sources/JidokaCodeCore/Keychain/GitHubTokenStore.swift:736:9: warning: 'SecACLCopyContents' was deprecated in macOS 10.10: SecKeychain is deprecated [#DeprecatedDeclaration]
734 |       var prompt = SecKeychainPromptSelector()
735 |       guard
736 |         SecACLCopyContents(
    |         `- warning: 'SecACLCopyContents' was deprecated in macOS 10.10: SecKeychain is deprecated [#DeprecatedDeclaration]
737 |           entry,
738 |           &applicationList,

/private/tmp/jidoka-code-progressive-production-automation/build/round5/review-export.Dr3els/Sources/JidokaCodeCore/Keychain/GitHubTokenStore.swift:754:17: warning: 'SecTrustedApplicationCopyData' was deprecated in macOS 10.10: SecKeychain is deprecated [#DeprecatedDeclaration]
752 |         for application in applications {
753 |           var value: CFData?
754 |           guard SecTrustedApplicationCopyData(application, &value) == errSecSuccess,
    |                 `- warning: 'SecTrustedApplicationCopyData' was deprecated in macOS 10.10: SecKeychain is deprecated [#DeprecatedDeclaration]
755 |             let value,
756 |             (value as Data).count <= 16_384

[#DeprecatedDeclaration]: <https://docs.swift.org/compiler/documentation/diagnostics/deprecated-declaration>
[90/164] Compiling JidokaCodeCore WorkspaceApprovedCommandExecutor.swift
/private/tmp/jidoka-code-progressive-production-automation/build/round5/review-export.Dr3els/Sources/JidokaCodeCore/Keychain/GitHubTokenStore.swift:319:32: warning: 'SecKeychainItemGetTypeID()' was deprecated in macOS 10.10: SecKeychain is deprecated [#DeprecatedDeclaration]
317 |     case errSecSuccess:
318 |       guard let result,
319 |         CFGetTypeID(result) == SecKeychainItemGetTypeID()
    |                                `- warning: 'SecKeychainItemGetTypeID()' was deprecated in macOS 10.10: SecKeychain is deprecated [#DeprecatedDeclaration]
320 |       else {
321 |         throw GitHubTokenStoreError.inconsistentMutation

/private/tmp/jidoka-code-progressive-production-automation/build/round5/review-export.Dr3els/Sources/JidokaCodeCore/Keychain/GitHubTokenStore.swift:333:11: warning: 'SecKeychainItemCopyAccess' was deprecated in macOS 10.10: SecKeychain is deprecated [#DeprecatedDeclaration]
331 |   private func access(for item: SecKeychainItem) throws -> SecAccess {
332 |     var access: SecAccess?
333 |     guard SecKeychainItemCopyAccess(item, &access) == errSecSuccess,
    |           `- warning: 'SecKeychainItemCopyAccess' was deprecated in macOS 10.10: SecKeychain is deprecated [#DeprecatedDeclaration]
334 |       let access
335 |     else {

/private/tmp/jidoka-code-progressive-production-automation/build/round5/review-export.Dr3els/Sources/JidokaCodeCore/Keychain/GitHubTokenStore.swift:625:9: warning: 'SecTrustedApplicationCreateFromPath' was deprecated in macOS 10.10: SecKeychain is deprecated [#DeprecatedDeclaration]
623 |       var application: SecTrustedApplication?
624 |       let status = path.withCString {
625 |         SecTrustedApplicationCreateFromPath($0, &application)
    |         `- warning: 'SecTrustedApplicationCreateFromPath' was deprecated in macOS 10.10: SecKeychain is deprecated [#DeprecatedDeclaration]
626 |       }
627 |       guard status == errSecSuccess, let application else {

/private/tmp/jidoka-code-progressive-production-automation/build/round5/review-export.Dr3els/Sources/JidokaCodeCore/Keychain/GitHubTokenStore.swift:633:18: warning: 'SecAccessCreate' was deprecated in macOS 10.10: SecKeychain is deprecated [#DeprecatedDeclaration]
631 |     }
632 |     var access: SecAccess?
633 |     let status = SecAccessCreate(
    |                  `- warning: 'SecAccessCreate' was deprecated in macOS 10.10: SecKeychain is deprecated [#DeprecatedDeclaration]
634 |       descriptor as CFString,
635 |       trustedApplications as CFArray,

/private/tmp/jidoka-code-progressive-production-automation/build/round5/review-export.Dr3els/Sources/JidokaCodeCore/Keychain/GitHubTokenStore.swift:706:7: warning: 'SecAccessCopyOwnerAndACL' was deprecated in macOS 10.10: SecKeychain is deprecated [#DeprecatedDeclaration]
704 |     var ownerType = SecAccessOwnerType()
705 |     guard
706 |       SecAccessCopyOwnerAndACL(
    |       `- warning: 'SecAccessCopyOwnerAndACL' was deprecated in macOS 10.10: SecKeychain is deprecated [#DeprecatedDeclaration]
707 |         access,
708 |         &userID,

/private/tmp/jidoka-code-progressive-production-automation/build/round5/review-export.Dr3els/Sources/JidokaCodeCore/Keychain/GitHubTokenStore.swift:717:11: warning: 'SecAccessCopyACLList' was deprecated in macOS 10.10: SecKeychain is deprecated [#DeprecatedDeclaration]
715 |     }
716 |     var list: CFArray?
717 |     guard SecAccessCopyACLList(access, &list) == errSecSuccess,
    |           `- warning: 'SecAccessCopyACLList' was deprecated in macOS 10.10: SecKeychain is deprecated [#DeprecatedDeclaration]
718 |       let entries = list as? [SecACL],
719 |       (1...32).contains(entries.count)

/private/tmp/jidoka-code-progressive-production-automation/build/round5/review-export.Dr3els/Sources/JidokaCodeCore/Keychain/GitHubTokenStore.swift:727:30: warning: 'SecACLCopyAuthorizations' was deprecated in macOS 10.10: SecKeychain is deprecated [#DeprecatedDeclaration]
725 |     for entry in entries {
726 |       guard
727 |         let authorizations = SecACLCopyAuthorizations(entry) as? [String],
    |                              `- warning: 'SecACLCopyAuthorizations' was deprecated in macOS 10.10: SecKeychain is deprecated [#DeprecatedDeclaration]
728 |         (1...32).contains(authorizations.count)
729 |       else {

/private/tmp/jidoka-code-progressive-production-automation/build/round5/review-export.Dr3els/Sources/JidokaCodeCore/Keychain/GitHubTokenStore.swift:736:9: warning: 'SecACLCopyContents' was deprecated in macOS 10.10: SecKeychain is deprecated [#DeprecatedDeclaration]
734 |       var prompt = SecKeychainPromptSelector()
735 |       guard
736 |         SecACLCopyContents(
    |         `- warning: 'SecACLCopyContents' was deprecated in macOS 10.10: SecKeychain is deprecated [#DeprecatedDeclaration]
737 |           entry,
738 |           &applicationList,

/private/tmp/jidoka-code-progressive-production-automation/build/round5/review-export.Dr3els/Sources/JidokaCodeCore/Keychain/GitHubTokenStore.swift:754:17: warning: 'SecTrustedApplicationCopyData' was deprecated in macOS 10.10: SecKeychain is deprecated [#DeprecatedDeclaration]
752 |         for application in applications {
753 |           var value: CFData?
754 |           guard SecTrustedApplicationCopyData(application, &value) == errSecSuccess,
    |                 `- warning: 'SecTrustedApplicationCopyData' was deprecated in macOS 10.10: SecKeychain is deprecated [#DeprecatedDeclaration]
755 |             let value,
756 |             (value as Data).count <= 16_384

[#DeprecatedDeclaration]: <https://docs.swift.org/compiler/documentation/diagnostics/deprecated-declaration>
[91/164] Compiling JidokaCodeCore GitHubTokenStore.swift
/private/tmp/jidoka-code-progressive-production-automation/build/round5/review-export.Dr3els/Sources/JidokaCodeCore/Keychain/GitHubTokenStore.swift:319:32: warning: 'SecKeychainItemGetTypeID()' was deprecated in macOS 10.10: SecKeychain is deprecated [#DeprecatedDeclaration]
317 |     case errSecSuccess:
318 |       guard let result,
319 |         CFGetTypeID(result) == SecKeychainItemGetTypeID()
    |                                `- warning: 'SecKeychainItemGetTypeID()' was deprecated in macOS 10.10: SecKeychain is deprecated [#DeprecatedDeclaration]
320 |       else {
321 |         throw GitHubTokenStoreError.inconsistentMutation

/private/tmp/jidoka-code-progressive-production-automation/build/round5/review-export.Dr3els/Sources/JidokaCodeCore/Keychain/GitHubTokenStore.swift:333:11: warning: 'SecKeychainItemCopyAccess' was deprecated in macOS 10.10: SecKeychain is deprecated [#DeprecatedDeclaration]
331 |   private func access(for item: SecKeychainItem) throws -> SecAccess {
332 |     var access: SecAccess?
333 |     guard SecKeychainItemCopyAccess(item, &access) == errSecSuccess,
    |           `- warning: 'SecKeychainItemCopyAccess' was deprecated in macOS 10.10: SecKeychain is deprecated [#DeprecatedDeclaration]
334 |       let access
335 |     else {

/private/tmp/jidoka-code-progressive-production-automation/build/round5/review-export.Dr3els/Sources/JidokaCodeCore/Keychain/GitHubTokenStore.swift:625:9: warning: 'SecTrustedApplicationCreateFromPath' was deprecated in macOS 10.10: SecKeychain is deprecated [#DeprecatedDeclaration]
623 |       var application: SecTrustedApplication?
624 |       let status = path.withCString {
625 |         SecTrustedApplicationCreateFromPath($0, &application)
    |         `- warning: 'SecTrustedApplicationCreateFromPath' was deprecated in macOS 10.10: SecKeychain is deprecated [#DeprecatedDeclaration]
626 |       }
627 |       guard status == errSecSuccess, let application else {

/private/tmp/jidoka-code-progressive-production-automation/build/round5/review-export.Dr3els/Sources/JidokaCodeCore/Keychain/GitHubTokenStore.swift:633:18: warning: 'SecAccessCreate' was deprecated in macOS 10.10: SecKeychain is deprecated [#DeprecatedDeclaration]
631 |     }
632 |     var access: SecAccess?
633 |     let status = SecAccessCreate(
    |                  `- warning: 'SecAccessCreate' was deprecated in macOS 10.10: SecKeychain is deprecated [#DeprecatedDeclaration]
634 |       descriptor as CFString,
635 |       trustedApplications as CFArray,

/private/tmp/jidoka-code-progressive-production-automation/build/round5/review-export.Dr3els/Sources/JidokaCodeCore/Keychain/GitHubTokenStore.swift:706:7: warning: 'SecAccessCopyOwnerAndACL' was deprecated in macOS 10.10: SecKeychain is deprecated [#DeprecatedDeclaration]
704 |     var ownerType = SecAccessOwnerType()
705 |     guard
706 |       SecAccessCopyOwnerAndACL(
    |       `- warning: 'SecAccessCopyOwnerAndACL' was deprecated in macOS 10.10: SecKeychain is deprecated [#DeprecatedDeclaration]
707 |         access,
708 |         &userID,

/private/tmp/jidoka-code-progressive-production-automation/build/round5/review-export.Dr3els/Sources/JidokaCodeCore/Keychain/GitHubTokenStore.swift:717:11: warning: 'SecAccessCopyACLList' was deprecated in macOS 10.10: SecKeychain is deprecated [#DeprecatedDeclaration]
715 |     }
716 |     var list: CFArray?
717 |     guard SecAccessCopyACLList(access, &list) == errSecSuccess,
    |           `- warning: 'SecAccessCopyACLList' was deprecated in macOS 10.10: SecKeychain is deprecated [#DeprecatedDeclaration]
718 |       let entries = list as? [SecACL],
719 |       (1...32).contains(entries.count)

/private/tmp/jidoka-code-progressive-production-automation/build/round5/review-export.Dr3els/Sources/JidokaCodeCore/Keychain/GitHubTokenStore.swift:727:30: warning: 'SecACLCopyAuthorizations' was deprecated in macOS 10.10: SecKeychain is deprecated [#DeprecatedDeclaration]
725 |     for entry in entries {
726 |       guard
727 |         let authorizations = SecACLCopyAuthorizations(entry) as? [String],
    |                              `- warning: 'SecACLCopyAuthorizations' was deprecated in macOS 10.10: SecKeychain is deprecated [#DeprecatedDeclaration]
728 |         (1...32).contains(authorizations.count)
729 |       else {

/private/tmp/jidoka-code-progressive-production-automation/build/round5/review-export.Dr3els/Sources/JidokaCodeCore/Keychain/GitHubTokenStore.swift:736:9: warning: 'SecACLCopyContents' was deprecated in macOS 10.10: SecKeychain is deprecated [#DeprecatedDeclaration]
734 |       var prompt = SecKeychainPromptSelector()
735 |       guard
736 |         SecACLCopyContents(
    |         `- warning: 'SecACLCopyContents' was deprecated in macOS 10.10: SecKeychain is deprecated [#DeprecatedDeclaration]
737 |           entry,
738 |           &applicationList,

/private/tmp/jidoka-code-progressive-production-automation/build/round5/review-export.Dr3els/Sources/JidokaCodeCore/Keychain/GitHubTokenStore.swift:754:17: warning: 'SecTrustedApplicationCopyData' was deprecated in macOS 10.10: SecKeychain is deprecated [#DeprecatedDeclaration]
752 |         for application in applications {
753 |           var value: CFData?
754 |           guard SecTrustedApplicationCopyData(application, &value) == errSecSuccess,
    |                 `- warning: 'SecTrustedApplicationCopyData' was deprecated in macOS 10.10: SecKeychain is deprecated [#DeprecatedDeclaration]
755 |             let value,
756 |             (value as Data).count <= 16_384

[#DeprecatedDeclaration]: <https://docs.swift.org/compiler/documentation/diagnostics/deprecated-declaration>
[92/164] Compiling JidokaCodeCore KeychainProbe.swift
/private/tmp/jidoka-code-progressive-production-automation/build/round5/review-export.Dr3els/Sources/JidokaCodeCore/Keychain/GitHubTokenStore.swift:319:32: warning: 'SecKeychainItemGetTypeID()' was deprecated in macOS 10.10: SecKeychain is deprecated [#DeprecatedDeclaration]
317 |     case errSecSuccess:
318 |       guard let result,
319 |         CFGetTypeID(result) == SecKeychainItemGetTypeID()
    |                                `- warning: 'SecKeychainItemGetTypeID()' was deprecated in macOS 10.10: SecKeychain is deprecated [#DeprecatedDeclaration]
320 |       else {
321 |         throw GitHubTokenStoreError.inconsistentMutation

/private/tmp/jidoka-code-progressive-production-automation/build/round5/review-export.Dr3els/Sources/JidokaCodeCore/Keychain/GitHubTokenStore.swift:333:11: warning: 'SecKeychainItemCopyAccess' was deprecated in macOS 10.10: SecKeychain is deprecated [#DeprecatedDeclaration]
331 |   private func access(for item: SecKeychainItem) throws -> SecAccess {
332 |     var access: SecAccess?
333 |     guard SecKeychainItemCopyAccess(item, &access) == errSecSuccess,
    |           `- warning: 'SecKeychainItemCopyAccess' was deprecated in macOS 10.10: SecKeychain is deprecated [#DeprecatedDeclaration]
334 |       let access
335 |     else {

/private/tmp/jidoka-code-progressive-production-automation/build/round5/review-export.Dr3els/Sources/JidokaCodeCore/Keychain/GitHubTokenStore.swift:625:9: warning: 'SecTrustedApplicationCreateFromPath' was deprecated in macOS 10.10: SecKeychain is deprecated [#DeprecatedDeclaration]
623 |       var application: SecTrustedApplication?
624 |       let status = path.withCString {
625 |         SecTrustedApplicationCreateFromPath($0, &application)
    |         `- warning: 'SecTrustedApplicationCreateFromPath' was deprecated in macOS 10.10: SecKeychain is deprecated [#DeprecatedDeclaration]
626 |       }
627 |       guard status == errSecSuccess, let application else {

/private/tmp/jidoka-code-progressive-production-automation/build/round5/review-export.Dr3els/Sources/JidokaCodeCore/Keychain/GitHubTokenStore.swift:633:18: warning: 'SecAccessCreate' was deprecated in macOS 10.10: SecKeychain is deprecated [#DeprecatedDeclaration]
631 |     }
632 |     var access: SecAccess?
633 |     let status = SecAccessCreate(
    |                  `- warning: 'SecAccessCreate' was deprecated in macOS 10.10: SecKeychain is deprecated [#DeprecatedDeclaration]
634 |       descriptor as CFString,
635 |       trustedApplications as CFArray,

/private/tmp/jidoka-code-progressive-production-automation/build/round5/review-export.Dr3els/Sources/JidokaCodeCore/Keychain/GitHubTokenStore.swift:706:7: warning: 'SecAccessCopyOwnerAndACL' was deprecated in macOS 10.10: SecKeychain is deprecated [#DeprecatedDeclaration]
704 |     var ownerType = SecAccessOwnerType()
705 |     guard
706 |       SecAccessCopyOwnerAndACL(
    |       `- warning: 'SecAccessCopyOwnerAndACL' was deprecated in macOS 10.10: SecKeychain is deprecated [#DeprecatedDeclaration]
707 |         access,
708 |         &userID,

/private/tmp/jidoka-code-progressive-production-automation/build/round5/review-export.Dr3els/Sources/JidokaCodeCore/Keychain/GitHubTokenStore.swift:717:11: warning: 'SecAccessCopyACLList' was deprecated in macOS 10.10: SecKeychain is deprecated [#DeprecatedDeclaration]
715 |     }
716 |     var list: CFArray?
717 |     guard SecAccessCopyACLList(access, &list) == errSecSuccess,
    |           `- warning: 'SecAccessCopyACLList' was deprecated in macOS 10.10: SecKeychain is deprecated [#DeprecatedDeclaration]
718 |       let entries = list as? [SecACL],
719 |       (1...32).contains(entries.count)

/private/tmp/jidoka-code-progressive-production-automation/build/round5/review-export.Dr3els/Sources/JidokaCodeCore/Keychain/GitHubTokenStore.swift:727:30: warning: 'SecACLCopyAuthorizations' was deprecated in macOS 10.10: SecKeychain is deprecated [#DeprecatedDeclaration]
725 |     for entry in entries {
726 |       guard
727 |         let authorizations = SecACLCopyAuthorizations(entry) as? [String],
    |                              `- warning: 'SecACLCopyAuthorizations' was deprecated in macOS 10.10: SecKeychain is deprecated [#DeprecatedDeclaration]
728 |         (1...32).contains(authorizations.count)
729 |       else {

/private/tmp/jidoka-code-progressive-production-automation/build/round5/review-export.Dr3els/Sources/JidokaCodeCore/Keychain/GitHubTokenStore.swift:736:9: warning: 'SecACLCopyContents' was deprecated in macOS 10.10: SecKeychain is deprecated [#DeprecatedDeclaration]
734 |       var prompt = SecKeychainPromptSelector()
735 |       guard
736 |         SecACLCopyContents(
    |         `- warning: 'SecACLCopyContents' was deprecated in macOS 10.10: SecKeychain is deprecated [#DeprecatedDeclaration]
737 |           entry,
738 |           &applicationList,

/private/tmp/jidoka-code-progressive-production-automation/build/round5/review-export.Dr3els/Sources/JidokaCodeCore/Keychain/GitHubTokenStore.swift:754:17: warning: 'SecTrustedApplicationCopyData' was deprecated in macOS 10.10: SecKeychain is deprecated [#DeprecatedDeclaration]
752 |         for application in applications {
753 |           var value: CFData?
754 |           guard SecTrustedApplicationCopyData(application, &value) == errSecSuccess,
    |                 `- warning: 'SecTrustedApplicationCopyData' was deprecated in macOS 10.10: SecKeychain is deprecated [#DeprecatedDeclaration]
755 |             let value,
756 |             (value as Data).count <= 16_384

[#DeprecatedDeclaration]: <https://docs.swift.org/compiler/documentation/diagnostics/deprecated-declaration>
[93/164] Compiling JidokaCodeCore LifecycleProbe.swift
/private/tmp/jidoka-code-progressive-production-automation/build/round5/review-export.Dr3els/Sources/JidokaCodeCore/Keychain/GitHubTokenStore.swift:319:32: warning: 'SecKeychainItemGetTypeID()' was deprecated in macOS 10.10: SecKeychain is deprecated [#DeprecatedDeclaration]
317 |     case errSecSuccess:
318 |       guard let result,
319 |         CFGetTypeID(result) == SecKeychainItemGetTypeID()
    |                                `- warning: 'SecKeychainItemGetTypeID()' was deprecated in macOS 10.10: SecKeychain is deprecated [#DeprecatedDeclaration]
320 |       else {
321 |         throw GitHubTokenStoreError.inconsistentMutation

/private/tmp/jidoka-code-progressive-production-automation/build/round5/review-export.Dr3els/Sources/JidokaCodeCore/Keychain/GitHubTokenStore.swift:333:11: warning: 'SecKeychainItemCopyAccess' was deprecated in macOS 10.10: SecKeychain is deprecated [#DeprecatedDeclaration]
331 |   private func access(for item: SecKeychainItem) throws -> SecAccess {
332 |     var access: SecAccess?
333 |     guard SecKeychainItemCopyAccess(item, &access) == errSecSuccess,
    |           `- warning: 'SecKeychainItemCopyAccess' was deprecated in macOS 10.10: SecKeychain is deprecated [#DeprecatedDeclaration]
334 |       let access
335 |     else {

/private/tmp/jidoka-code-progressive-production-automation/build/round5/review-export.Dr3els/Sources/JidokaCodeCore/Keychain/GitHubTokenStore.swift:625:9: warning: 'SecTrustedApplicationCreateFromPath' was deprecated in macOS 10.10: SecKeychain is deprecated [#DeprecatedDeclaration]
623 |       var application: SecTrustedApplication?
624 |       let status = path.withCString {
625 |         SecTrustedApplicationCreateFromPath($0, &application)
    |         `- warning: 'SecTrustedApplicationCreateFromPath' was deprecated in macOS 10.10: SecKeychain is deprecated [#DeprecatedDeclaration]
626 |       }
627 |       guard status == errSecSuccess, let application else {

/private/tmp/jidoka-code-progressive-production-automation/build/round5/review-export.Dr3els/Sources/JidokaCodeCore/Keychain/GitHubTokenStore.swift:633:18: warning: 'SecAccessCreate' was deprecated in macOS 10.10: SecKeychain is deprecated [#DeprecatedDeclaration]
631 |     }
632 |     var access: SecAccess?
633 |     let status = SecAccessCreate(
    |                  `- warning: 'SecAccessCreate' was deprecated in macOS 10.10: SecKeychain is deprecated [#DeprecatedDeclaration]
634 |       descriptor as CFString,
635 |       trustedApplications as CFArray,

/private/tmp/jidoka-code-progressive-production-automation/build/round5/review-export.Dr3els/Sources/JidokaCodeCore/Keychain/GitHubTokenStore.swift:706:7: warning: 'SecAccessCopyOwnerAndACL' was deprecated in macOS 10.10: SecKeychain is deprecated [#DeprecatedDeclaration]
704 |     var ownerType = SecAccessOwnerType()
705 |     guard
706 |       SecAccessCopyOwnerAndACL(
    |       `- warning: 'SecAccessCopyOwnerAndACL' was deprecated in macOS 10.10: SecKeychain is deprecated [#DeprecatedDeclaration]
707 |         access,
708 |         &userID,

/private/tmp/jidoka-code-progressive-production-automation/build/round5/review-export.Dr3els/Sources/JidokaCodeCore/Keychain/GitHubTokenStore.swift:717:11: warning: 'SecAccessCopyACLList' was deprecated in macOS 10.10: SecKeychain is deprecated [#DeprecatedDeclaration]
715 |     }
716 |     var list: CFArray?
717 |     guard SecAccessCopyACLList(access, &list) == errSecSuccess,
    |           `- warning: 'SecAccessCopyACLList' was deprecated in macOS 10.10: SecKeychain is deprecated [#DeprecatedDeclaration]
718 |       let entries = list as? [SecACL],
719 |       (1...32).contains(entries.count)

/private/tmp/jidoka-code-progressive-production-automation/build/round5/review-export.Dr3els/Sources/JidokaCodeCore/Keychain/GitHubTokenStore.swift:727:30: warning: 'SecACLCopyAuthorizations' was deprecated in macOS 10.10: SecKeychain is deprecated [#DeprecatedDeclaration]
725 |     for entry in entries {
726 |       guard
727 |         let authorizations = SecACLCopyAuthorizations(entry) as? [String],
    |                              `- warning: 'SecACLCopyAuthorizations' was deprecated in macOS 10.10: SecKeychain is deprecated [#DeprecatedDeclaration]
728 |         (1...32).contains(authorizations.count)
729 |       else {

/private/tmp/jidoka-code-progressive-production-automation/build/round5/review-export.Dr3els/Sources/JidokaCodeCore/Keychain/GitHubTokenStore.swift:736:9: warning: 'SecACLCopyContents' was deprecated in macOS 10.10: SecKeychain is deprecated [#DeprecatedDeclaration]
734 |       var prompt = SecKeychainPromptSelector()
735 |       guard
736 |         SecACLCopyContents(
    |         `- warning: 'SecACLCopyContents' was deprecated in macOS 10.10: SecKeychain is deprecated [#DeprecatedDeclaration]
737 |           entry,
738 |           &applicationList,

/private/tmp/jidoka-code-progressive-production-automation/build/round5/review-export.Dr3els/Sources/JidokaCodeCore/Keychain/GitHubTokenStore.swift:754:17: warning: 'SecTrustedApplicationCopyData' was deprecated in macOS 10.10: SecKeychain is deprecated [#DeprecatedDeclaration]
752 |         for application in applications {
753 |           var value: CFData?
754 |           guard SecTrustedApplicationCopyData(application, &value) == errSecSuccess,
    |                 `- warning: 'SecTrustedApplicationCopyData' was deprecated in macOS 10.10: SecKeychain is deprecated [#DeprecatedDeclaration]
755 |             let value,
756 |             (value as Data).count <= 16_384

[#DeprecatedDeclaration]: <https://docs.swift.org/compiler/documentation/diagnostics/deprecated-declaration>
[94/164] Compiling JidokaCodeCore LocalSpikeContract.swift
/private/tmp/jidoka-code-progressive-production-automation/build/round5/review-export.Dr3els/Sources/JidokaCodeCore/Keychain/GitHubTokenStore.swift:319:32: warning: 'SecKeychainItemGetTypeID()' was deprecated in macOS 10.10: SecKeychain is deprecated [#DeprecatedDeclaration]
317 |     case errSecSuccess:
318 |       guard let result,
319 |         CFGetTypeID(result) == SecKeychainItemGetTypeID()
    |                                `- warning: 'SecKeychainItemGetTypeID()' was deprecated in macOS 10.10: SecKeychain is deprecated [#DeprecatedDeclaration]
320 |       else {
321 |         throw GitHubTokenStoreError.inconsistentMutation

/private/tmp/jidoka-code-progressive-production-automation/build/round5/review-export.Dr3els/Sources/JidokaCodeCore/Keychain/GitHubTokenStore.swift:333:11: warning: 'SecKeychainItemCopyAccess' was deprecated in macOS 10.10: SecKeychain is deprecated [#DeprecatedDeclaration]
331 |   private func access(for item: SecKeychainItem) throws -> SecAccess {
332 |     var access: SecAccess?
333 |     guard SecKeychainItemCopyAccess(item, &access) == errSecSuccess,
    |           `- warning: 'SecKeychainItemCopyAccess' was deprecated in macOS 10.10: SecKeychain is deprecated [#DeprecatedDeclaration]
334 |       let access
335 |     else {

/private/tmp/jidoka-code-progressive-production-automation/build/round5/review-export.Dr3els/Sources/JidokaCodeCore/Keychain/GitHubTokenStore.swift:625:9: warning: 'SecTrustedApplicationCreateFromPath' was deprecated in macOS 10.10: SecKeychain is deprecated [#DeprecatedDeclaration]
623 |       var application: SecTrustedApplication?
624 |       let status = path.withCString {
625 |         SecTrustedApplicationCreateFromPath($0, &application)
    |         `- warning: 'SecTrustedApplicationCreateFromPath' was deprecated in macOS 10.10: SecKeychain is deprecated [#DeprecatedDeclaration]
626 |       }
627 |       guard status == errSecSuccess, let application else {

/private/tmp/jidoka-code-progressive-production-automation/build/round5/review-export.Dr3els/Sources/JidokaCodeCore/Keychain/GitHubTokenStore.swift:633:18: warning: 'SecAccessCreate' was deprecated in macOS 10.10: SecKeychain is deprecated [#DeprecatedDeclaration]
631 |     }
632 |     var access: SecAccess?
633 |     let status = SecAccessCreate(
    |                  `- warning: 'SecAccessCreate' was deprecated in macOS 10.10: SecKeychain is deprecated [#DeprecatedDeclaration]
634 |       descriptor as CFString,
635 |       trustedApplications as CFArray,

/private/tmp/jidoka-code-progressive-production-automation/build/round5/review-export.Dr3els/Sources/JidokaCodeCore/Keychain/GitHubTokenStore.swift:706:7: warning: 'SecAccessCopyOwnerAndACL' was deprecated in macOS 10.10: SecKeychain is deprecated [#DeprecatedDeclaration]
704 |     var ownerType = SecAccessOwnerType()
705 |     guard
706 |       SecAccessCopyOwnerAndACL(
    |       `- warning: 'SecAccessCopyOwnerAndACL' was deprecated in macOS 10.10: SecKeychain is deprecated [#DeprecatedDeclaration]
707 |         access,
708 |         &userID,

/private/tmp/jidoka-code-progressive-production-automation/build/round5/review-export.Dr3els/Sources/JidokaCodeCore/Keychain/GitHubTokenStore.swift:717:11: warning: 'SecAccessCopyACLList' was deprecated in macOS 10.10: SecKeychain is deprecated [#DeprecatedDeclaration]
715 |     }
716 |     var list: CFArray?
717 |     guard SecAccessCopyACLList(access, &list) == errSecSuccess,
    |           `- warning: 'SecAccessCopyACLList' was deprecated in macOS 10.10: SecKeychain is deprecated [#DeprecatedDeclaration]
718 |       let entries = list as? [SecACL],
719 |       (1...32).contains(entries.count)

/private/tmp/jidoka-code-progressive-production-automation/build/round5/review-export.Dr3els/Sources/JidokaCodeCore/Keychain/GitHubTokenStore.swift:727:30: warning: 'SecACLCopyAuthorizations' was deprecated in macOS 10.10: SecKeychain is deprecated [#DeprecatedDeclaration]
725 |     for entry in entries {
726 |       guard
727 |         let authorizations = SecACLCopyAuthorizations(entry) as? [String],
    |                              `- warning: 'SecACLCopyAuthorizations' was deprecated in macOS 10.10: SecKeychain is deprecated [#DeprecatedDeclaration]
728 |         (1...32).contains(authorizations.count)
729 |       else {

/private/tmp/jidoka-code-progressive-production-automation/build/round5/review-export.Dr3els/Sources/JidokaCodeCore/Keychain/GitHubTokenStore.swift:736:9: warning: 'SecACLCopyContents' was deprecated in macOS 10.10: SecKeychain is deprecated [#DeprecatedDeclaration]
734 |       var prompt = SecKeychainPromptSelector()
735 |       guard
736 |         SecACLCopyContents(
    |         `- warning: 'SecACLCopyContents' was deprecated in macOS 10.10: SecKeychain is deprecated [#DeprecatedDeclaration]
737 |           entry,
738 |           &applicationList,

/private/tmp/jidoka-code-progressive-production-automation/build/round5/review-export.Dr3els/Sources/JidokaCodeCore/Keychain/GitHubTokenStore.swift:754:17: warning: 'SecTrustedApplicationCopyData' was deprecated in macOS 10.10: SecKeychain is deprecated [#DeprecatedDeclaration]
752 |         for application in applications {
753 |           var value: CFData?
754 |           guard SecTrustedApplicationCopyData(application, &value) == errSecSuccess,
    |                 `- warning: 'SecTrustedApplicationCopyData' was deprecated in macOS 10.10: SecKeychain is deprecated [#DeprecatedDeclaration]
755 |             let value,
756 |             (value as Data).count <= 16_384

[#DeprecatedDeclaration]: <https://docs.swift.org/compiler/documentation/diagnostics/deprecated-declaration>
[95/164] Compiling JidokaCodeCore PackagedPreflight.swift
/private/tmp/jidoka-code-progressive-production-automation/build/round5/review-export.Dr3els/Sources/JidokaCodeCore/Keychain/GitHubTokenStore.swift:319:32: warning: 'SecKeychainItemGetTypeID()' was deprecated in macOS 10.10: SecKeychain is deprecated [#DeprecatedDeclaration]
317 |     case errSecSuccess:
318 |       guard let result,
319 |         CFGetTypeID(result) == SecKeychainItemGetTypeID()
    |                                `- warning: 'SecKeychainItemGetTypeID()' was deprecated in macOS 10.10: SecKeychain is deprecated [#DeprecatedDeclaration]
320 |       else {
321 |         throw GitHubTokenStoreError.inconsistentMutation

/private/tmp/jidoka-code-progressive-production-automation/build/round5/review-export.Dr3els/Sources/JidokaCodeCore/Keychain/GitHubTokenStore.swift:333:11: warning: 'SecKeychainItemCopyAccess' was deprecated in macOS 10.10: SecKeychain is deprecated [#DeprecatedDeclaration]
331 |   private func access(for item: SecKeychainItem) throws -> SecAccess {
332 |     var access: SecAccess?
333 |     guard SecKeychainItemCopyAccess(item, &access) == errSecSuccess,
    |           `- warning: 'SecKeychainItemCopyAccess' was deprecated in macOS 10.10: SecKeychain is deprecated [#DeprecatedDeclaration]
334 |       let access
335 |     else {

/private/tmp/jidoka-code-progressive-production-automation/build/round5/review-export.Dr3els/Sources/JidokaCodeCore/Keychain/GitHubTokenStore.swift:625:9: warning: 'SecTrustedApplicationCreateFromPath' was deprecated in macOS 10.10: SecKeychain is deprecated [#DeprecatedDeclaration]
623 |       var application: SecTrustedApplication?
624 |       let status = path.withCString {
625 |         SecTrustedApplicationCreateFromPath($0, &application)
    |         `- warning: 'SecTrustedApplicationCreateFromPath' was deprecated in macOS 10.10: SecKeychain is deprecated [#DeprecatedDeclaration]
626 |       }
627 |       guard status == errSecSuccess, let application else {

/private/tmp/jidoka-code-progressive-production-automation/build/round5/review-export.Dr3els/Sources/JidokaCodeCore/Keychain/GitHubTokenStore.swift:633:18: warning: 'SecAccessCreate' was deprecated in macOS 10.10: SecKeychain is deprecated [#DeprecatedDeclaration]
631 |     }
632 |     var access: SecAccess?
633 |     let status = SecAccessCreate(
    |                  `- warning: 'SecAccessCreate' was deprecated in macOS 10.10: SecKeychain is deprecated [#DeprecatedDeclaration]
634 |       descriptor as CFString,
635 |       trustedApplications as CFArray,

/private/tmp/jidoka-code-progressive-production-automation/build/round5/review-export.Dr3els/Sources/JidokaCodeCore/Keychain/GitHubTokenStore.swift:706:7: warning: 'SecAccessCopyOwnerAndACL' was deprecated in macOS 10.10: SecKeychain is deprecated [#DeprecatedDeclaration]
704 |     var ownerType = SecAccessOwnerType()
705 |     guard
706 |       SecAccessCopyOwnerAndACL(
    |       `- warning: 'SecAccessCopyOwnerAndACL' was deprecated in macOS 10.10: SecKeychain is deprecated [#DeprecatedDeclaration]
707 |         access,
708 |         &userID,

/private/tmp/jidoka-code-progressive-production-automation/build/round5/review-export.Dr3els/Sources/JidokaCodeCore/Keychain/GitHubTokenStore.swift:717:11: warning: 'SecAccessCopyACLList' was deprecated in macOS 10.10: SecKeychain is deprecated [#DeprecatedDeclaration]
715 |     }
716 |     var list: CFArray?
717 |     guard SecAccessCopyACLList(access, &list) == errSecSuccess,
    |           `- warning: 'SecAccessCopyACLList' was deprecated in macOS 10.10: SecKeychain is deprecated [#DeprecatedDeclaration]
718 |       let entries = list as? [SecACL],
719 |       (1...32).contains(entries.count)

/private/tmp/jidoka-code-progressive-production-automation/build/round5/review-export.Dr3els/Sources/JidokaCodeCore/Keychain/GitHubTokenStore.swift:727:30: warning: 'SecACLCopyAuthorizations' was deprecated in macOS 10.10: SecKeychain is deprecated [#DeprecatedDeclaration]
725 |     for entry in entries {
726 |       guard
727 |         let authorizations = SecACLCopyAuthorizations(entry) as? [String],
    |                              `- warning: 'SecACLCopyAuthorizations' was deprecated in macOS 10.10: SecKeychain is deprecated [#DeprecatedDeclaration]
728 |         (1...32).contains(authorizations.count)
729 |       else {

/private/tmp/jidoka-code-progressive-production-automation/build/round5/review-export.Dr3els/Sources/JidokaCodeCore/Keychain/GitHubTokenStore.swift:736:9: warning: 'SecACLCopyContents' was deprecated in macOS 10.10: SecKeychain is deprecated [#DeprecatedDeclaration]
734 |       var prompt = SecKeychainPromptSelector()
735 |       guard
736 |         SecACLCopyContents(
    |         `- warning: 'SecACLCopyContents' was deprecated in macOS 10.10: SecKeychain is deprecated [#DeprecatedDeclaration]
737 |           entry,
738 |           &applicationList,

/private/tmp/jidoka-code-progressive-production-automation/build/round5/review-export.Dr3els/Sources/JidokaCodeCore/Keychain/GitHubTokenStore.swift:754:17: warning: 'SecTrustedApplicationCopyData' was deprecated in macOS 10.10: SecKeychain is deprecated [#DeprecatedDeclaration]
752 |         for application in applications {
753 |           var value: CFData?
754 |           guard SecTrustedApplicationCopyData(application, &value) == errSecSuccess,
    |                 `- warning: 'SecTrustedApplicationCopyData' was deprecated in macOS 10.10: SecKeychain is deprecated [#DeprecatedDeclaration]
755 |             let value,
756 |             (value as Data).count <= 16_384

[#DeprecatedDeclaration]: <https://docs.swift.org/compiler/documentation/diagnostics/deprecated-declaration>
[96/164] Compiling JidokaCodeCore ComplexityClassifier.swift
/private/tmp/jidoka-code-progressive-production-automation/build/round5/review-export.Dr3els/Sources/JidokaCodeCore/Keychain/GitHubTokenStore.swift:319:32: warning: 'SecKeychainItemGetTypeID()' was deprecated in macOS 10.10: SecKeychain is deprecated [#DeprecatedDeclaration]
317 |     case errSecSuccess:
318 |       guard let result,
319 |         CFGetTypeID(result) == SecKeychainItemGetTypeID()
    |                                `- warning: 'SecKeychainItemGetTypeID()' was deprecated in macOS 10.10: SecKeychain is deprecated [#DeprecatedDeclaration]
320 |       else {
321 |         throw GitHubTokenStoreError.inconsistentMutation

/private/tmp/jidoka-code-progressive-production-automation/build/round5/review-export.Dr3els/Sources/JidokaCodeCore/Keychain/GitHubTokenStore.swift:333:11: warning: 'SecKeychainItemCopyAccess' was deprecated in macOS 10.10: SecKeychain is deprecated [#DeprecatedDeclaration]
331 |   private func access(for item: SecKeychainItem) throws -> SecAccess {
332 |     var access: SecAccess?
333 |     guard SecKeychainItemCopyAccess(item, &access) == errSecSuccess,
    |           `- warning: 'SecKeychainItemCopyAccess' was deprecated in macOS 10.10: SecKeychain is deprecated [#DeprecatedDeclaration]
334 |       let access
335 |     else {

/private/tmp/jidoka-code-progressive-production-automation/build/round5/review-export.Dr3els/Sources/JidokaCodeCore/Keychain/GitHubTokenStore.swift:625:9: warning: 'SecTrustedApplicationCreateFromPath' was deprecated in macOS 10.10: SecKeychain is deprecated [#DeprecatedDeclaration]
623 |       var application: SecTrustedApplication?
624 |       let status = path.withCString {
625 |         SecTrustedApplicationCreateFromPath($0, &application)
    |         `- warning: 'SecTrustedApplicationCreateFromPath' was deprecated in macOS 10.10: SecKeychain is deprecated [#DeprecatedDeclaration]
626 |       }
627 |       guard status == errSecSuccess, let application else {

/private/tmp/jidoka-code-progressive-production-automation/build/round5/review-export.Dr3els/Sources/JidokaCodeCore/Keychain/GitHubTokenStore.swift:633:18: warning: 'SecAccessCreate' was deprecated in macOS 10.10: SecKeychain is deprecated [#DeprecatedDeclaration]
631 |     }
632 |     var access: SecAccess?
633 |     let status = SecAccessCreate(
    |                  `- warning: 'SecAccessCreate' was deprecated in macOS 10.10: SecKeychain is deprecated [#DeprecatedDeclaration]
634 |       descriptor as CFString,
635 |       trustedApplications as CFArray,

/private/tmp/jidoka-code-progressive-production-automation/build/round5/review-export.Dr3els/Sources/JidokaCodeCore/Keychain/GitHubTokenStore.swift:706:7: warning: 'SecAccessCopyOwnerAndACL' was deprecated in macOS 10.10: SecKeychain is deprecated [#DeprecatedDeclaration]
704 |     var ownerType = SecAccessOwnerType()
705 |     guard
706 |       SecAccessCopyOwnerAndACL(
    |       `- warning: 'SecAccessCopyOwnerAndACL' was deprecated in macOS 10.10: SecKeychain is deprecated [#DeprecatedDeclaration]
707 |         access,
708 |         &userID,

/private/tmp/jidoka-code-progressive-production-automation/build/round5/review-export.Dr3els/Sources/JidokaCodeCore/Keychain/GitHubTokenStore.swift:717:11: warning: 'SecAccessCopyACLList' was deprecated in macOS 10.10: SecKeychain is deprecated [#DeprecatedDeclaration]
715 |     }
716 |     var list: CFArray?
717 |     guard SecAccessCopyACLList(access, &list) == errSecSuccess,
    |           `- warning: 'SecAccessCopyACLList' was deprecated in macOS 10.10: SecKeychain is deprecated [#DeprecatedDeclaration]
718 |       let entries = list as? [SecACL],
719 |       (1...32).contains(entries.count)

/private/tmp/jidoka-code-progressive-production-automation/build/round5/review-export.Dr3els/Sources/JidokaCodeCore/Keychain/GitHubTokenStore.swift:727:30: warning: 'SecACLCopyAuthorizations' was deprecated in macOS 10.10: SecKeychain is deprecated [#DeprecatedDeclaration]
725 |     for entry in entries {
726 |       guard
727 |         let authorizations = SecACLCopyAuthorizations(entry) as? [String],
    |                              `- warning: 'SecACLCopyAuthorizations' was deprecated in macOS 10.10: SecKeychain is deprecated [#DeprecatedDeclaration]
728 |         (1...32).contains(authorizations.count)
729 |       else {

/private/tmp/jidoka-code-progressive-production-automation/build/round5/review-export.Dr3els/Sources/JidokaCodeCore/Keychain/GitHubTokenStore.swift:736:9: warning: 'SecACLCopyContents' was deprecated in macOS 10.10: SecKeychain is deprecated [#DeprecatedDeclaration]
734 |       var prompt = SecKeychainPromptSelector()
735 |       guard
736 |         SecACLCopyContents(
    |         `- warning: 'SecACLCopyContents' was deprecated in macOS 10.10: SecKeychain is deprecated [#DeprecatedDeclaration]
737 |           entry,
738 |           &applicationList,

/private/tmp/jidoka-code-progressive-production-automation/build/round5/review-export.Dr3els/Sources/JidokaCodeCore/Keychain/GitHubTokenStore.swift:754:17: warning: 'SecTrustedApplicationCopyData' was deprecated in macOS 10.10: SecKeychain is deprecated [#DeprecatedDeclaration]
752 |         for application in applications {
753 |           var value: CFData?
754 |           guard SecTrustedApplicationCopyData(application, &value) == errSecSuccess,
    |                 `- warning: 'SecTrustedApplicationCopyData' was deprecated in macOS 10.10: SecKeychain is deprecated [#DeprecatedDeclaration]
755 |             let value,
756 |             (value as Data).count <= 16_384

[#DeprecatedDeclaration]: <https://docs.swift.org/compiler/documentation/diagnostics/deprecated-declaration>
[97/164] Compiling JidokaCodeCore HerdrPiWorkflowExecutor.swift
/private/tmp/jidoka-code-progressive-production-automation/build/round5/review-export.Dr3els/Sources/JidokaCodeCore/Keychain/GitHubTokenStore.swift:319:32: warning: 'SecKeychainItemGetTypeID()' was deprecated in macOS 10.10: SecKeychain is deprecated [#DeprecatedDeclaration]
317 |     case errSecSuccess:
318 |       guard let result,
319 |         CFGetTypeID(result) == SecKeychainItemGetTypeID()
    |                                `- warning: 'SecKeychainItemGetTypeID()' was deprecated in macOS 10.10: SecKeychain is deprecated [#DeprecatedDeclaration]
320 |       else {
321 |         throw GitHubTokenStoreError.inconsistentMutation

/private/tmp/jidoka-code-progressive-production-automation/build/round5/review-export.Dr3els/Sources/JidokaCodeCore/Keychain/GitHubTokenStore.swift:333:11: warning: 'SecKeychainItemCopyAccess' was deprecated in macOS 10.10: SecKeychain is deprecated [#DeprecatedDeclaration]
331 |   private func access(for item: SecKeychainItem) throws -> SecAccess {
332 |     var access: SecAccess?
333 |     guard SecKeychainItemCopyAccess(item, &access) == errSecSuccess,
    |           `- warning: 'SecKeychainItemCopyAccess' was deprecated in macOS 10.10: SecKeychain is deprecated [#DeprecatedDeclaration]
334 |       let access
335 |     else {

/private/tmp/jidoka-code-progressive-production-automation/build/round5/review-export.Dr3els/Sources/JidokaCodeCore/Keychain/GitHubTokenStore.swift:625:9: warning: 'SecTrustedApplicationCreateFromPath' was deprecated in macOS 10.10: SecKeychain is deprecated [#DeprecatedDeclaration]
623 |       var application: SecTrustedApplication?
624 |       let status = path.withCString {
625 |         SecTrustedApplicationCreateFromPath($0, &application)
    |         `- warning: 'SecTrustedApplicationCreateFromPath' was deprecated in macOS 10.10: SecKeychain is deprecated [#DeprecatedDeclaration]
626 |       }
627 |       guard status == errSecSuccess, let application else {

/private/tmp/jidoka-code-progressive-production-automation/build/round5/review-export.Dr3els/Sources/JidokaCodeCore/Keychain/GitHubTokenStore.swift:633:18: warning: 'SecAccessCreate' was deprecated in macOS 10.10: SecKeychain is deprecated [#DeprecatedDeclaration]
631 |     }
632 |     var access: SecAccess?
633 |     let status = SecAccessCreate(
    |                  `- warning: 'SecAccessCreate' was deprecated in macOS 10.10: SecKeychain is deprecated [#DeprecatedDeclaration]
634 |       descriptor as CFString,
635 |       trustedApplications as CFArray,

/private/tmp/jidoka-code-progressive-production-automation/build/round5/review-export.Dr3els/Sources/JidokaCodeCore/Keychain/GitHubTokenStore.swift:706:7: warning: 'SecAccessCopyOwnerAndACL' was deprecated in macOS 10.10: SecKeychain is deprecated [#DeprecatedDeclaration]
704 |     var ownerType = SecAccessOwnerType()
705 |     guard
706 |       SecAccessCopyOwnerAndACL(
    |       `- warning: 'SecAccessCopyOwnerAndACL' was deprecated in macOS 10.10: SecKeychain is deprecated [#DeprecatedDeclaration]
707 |         access,
708 |         &userID,

/private/tmp/jidoka-code-progressive-production-automation/build/round5/review-export.Dr3els/Sources/JidokaCodeCore/Keychain/GitHubTokenStore.swift:717:11: warning: 'SecAccessCopyACLList' was deprecated in macOS 10.10: SecKeychain is deprecated [#DeprecatedDeclaration]
715 |     }
716 |     var list: CFArray?
717 |     guard SecAccessCopyACLList(access, &list) == errSecSuccess,
    |           `- warning: 'SecAccessCopyACLList' was deprecated in macOS 10.10: SecKeychain is deprecated [#DeprecatedDeclaration]
718 |       let entries = list as? [SecACL],
719 |       (1...32).contains(entries.count)

/private/tmp/jidoka-code-progressive-production-automation/build/round5/review-export.Dr3els/Sources/JidokaCodeCore/Keychain/GitHubTokenStore.swift:727:30: warning: 'SecACLCopyAuthorizations' was deprecated in macOS 10.10: SecKeychain is deprecated [#DeprecatedDeclaration]
725 |     for entry in entries {
726 |       guard
727 |         let authorizations = SecACLCopyAuthorizations(entry) as? [String],
    |                              `- warning: 'SecACLCopyAuthorizations' was deprecated in macOS 10.10: SecKeychain is deprecated [#DeprecatedDeclaration]
728 |         (1...32).contains(authorizations.count)
729 |       else {

/private/tmp/jidoka-code-progressive-production-automation/build/round5/review-export.Dr3els/Sources/JidokaCodeCore/Keychain/GitHubTokenStore.swift:736:9: warning: 'SecACLCopyContents' was deprecated in macOS 10.10: SecKeychain is deprecated [#DeprecatedDeclaration]
734 |       var prompt = SecKeychainPromptSelector()
735 |       guard
736 |         SecACLCopyContents(
    |         `- warning: 'SecACLCopyContents' was deprecated in macOS 10.10: SecKeychain is deprecated [#DeprecatedDeclaration]
737 |           entry,
738 |           &applicationList,

/private/tmp/jidoka-code-progressive-production-automation/build/round5/review-export.Dr3els/Sources/JidokaCodeCore/Keychain/GitHubTokenStore.swift:754:17: warning: 'SecTrustedApplicationCopyData' was deprecated in macOS 10.10: SecKeychain is deprecated [#DeprecatedDeclaration]
752 |         for application in applications {
753 |           var value: CFData?
754 |           guard SecTrustedApplicationCopyData(application, &value) == errSecSuccess,
    |                 `- warning: 'SecTrustedApplicationCopyData' was deprecated in macOS 10.10: SecKeychain is deprecated [#DeprecatedDeclaration]
755 |             let value,
756 |             (value as Data).count <= 16_384

[#DeprecatedDeclaration]: <https://docs.swift.org/compiler/documentation/diagnostics/deprecated-declaration>
[98/164] Compiling JidokaCodeCore PiModelCatalog.swift
/private/tmp/jidoka-code-progressive-production-automation/build/round5/review-export.Dr3els/Sources/JidokaCodeCore/Keychain/GitHubTokenStore.swift:319:32: warning: 'SecKeychainItemGetTypeID()' was deprecated in macOS 10.10: SecKeychain is deprecated [#DeprecatedDeclaration]
317 |     case errSecSuccess:
318 |       guard let result,
319 |         CFGetTypeID(result) == SecKeychainItemGetTypeID()
    |                                `- warning: 'SecKeychainItemGetTypeID()' was deprecated in macOS 10.10: SecKeychain is deprecated [#DeprecatedDeclaration]
320 |       else {
321 |         throw GitHubTokenStoreError.inconsistentMutation

/private/tmp/jidoka-code-progressive-production-automation/build/round5/review-export.Dr3els/Sources/JidokaCodeCore/Keychain/GitHubTokenStore.swift:333:11: warning: 'SecKeychainItemCopyAccess' was deprecated in macOS 10.10: SecKeychain is deprecated [#DeprecatedDeclaration]
331 |   private func access(for item: SecKeychainItem) throws -> SecAccess {
332 |     var access: SecAccess?
333 |     guard SecKeychainItemCopyAccess(item, &access) == errSecSuccess,
    |           `- warning: 'SecKeychainItemCopyAccess' was deprecated in macOS 10.10: SecKeychain is deprecated [#DeprecatedDeclaration]
334 |       let access
335 |     else {

/private/tmp/jidoka-code-progressive-production-automation/build/round5/review-export.Dr3els/Sources/JidokaCodeCore/Keychain/GitHubTokenStore.swift:625:9: warning: 'SecTrustedApplicationCreateFromPath' was deprecated in macOS 10.10: SecKeychain is deprecated [#DeprecatedDeclaration]
623 |       var application: SecTrustedApplication?
624 |       let status = path.withCString {
625 |         SecTrustedApplicationCreateFromPath($0, &application)
    |         `- warning: 'SecTrustedApplicationCreateFromPath' was deprecated in macOS 10.10: SecKeychain is deprecated [#DeprecatedDeclaration]
626 |       }
627 |       guard status == errSecSuccess, let application else {

/private/tmp/jidoka-code-progressive-production-automation/build/round5/review-export.Dr3els/Sources/JidokaCodeCore/Keychain/GitHubTokenStore.swift:633:18: warning: 'SecAccessCreate' was deprecated in macOS 10.10: SecKeychain is deprecated [#DeprecatedDeclaration]
631 |     }
632 |     var access: SecAccess?
633 |     let status = SecAccessCreate(
    |                  `- warning: 'SecAccessCreate' was deprecated in macOS 10.10: SecKeychain is deprecated [#DeprecatedDeclaration]
634 |       descriptor as CFString,
635 |       trustedApplications as CFArray,

/private/tmp/jidoka-code-progressive-production-automation/build/round5/review-export.Dr3els/Sources/JidokaCodeCore/Keychain/GitHubTokenStore.swift:706:7: warning: 'SecAccessCopyOwnerAndACL' was deprecated in macOS 10.10: SecKeychain is deprecated [#DeprecatedDeclaration]
704 |     var ownerType = SecAccessOwnerType()
705 |     guard
706 |       SecAccessCopyOwnerAndACL(
    |       `- warning: 'SecAccessCopyOwnerAndACL' was deprecated in macOS 10.10: SecKeychain is deprecated [#DeprecatedDeclaration]
707 |         access,
708 |         &userID,

/private/tmp/jidoka-code-progressive-production-automation/build/round5/review-export.Dr3els/Sources/JidokaCodeCore/Keychain/GitHubTokenStore.swift:717:11: warning: 'SecAccessCopyACLList' was deprecated in macOS 10.10: SecKeychain is deprecated [#DeprecatedDeclaration]
715 |     }
716 |     var list: CFArray?
717 |     guard SecAccessCopyACLList(access, &list) == errSecSuccess,
    |           `- warning: 'SecAccessCopyACLList' was deprecated in macOS 10.10: SecKeychain is deprecated [#DeprecatedDeclaration]
718 |       let entries = list as? [SecACL],
719 |       (1...32).contains(entries.count)

/private/tmp/jidoka-code-progressive-production-automation/build/round5/review-export.Dr3els/Sources/JidokaCodeCore/Keychain/GitHubTokenStore.swift:727:30: warning: 'SecACLCopyAuthorizations' was deprecated in macOS 10.10: SecKeychain is deprecated [#DeprecatedDeclaration]
725 |     for entry in entries {
726 |       guard
727 |         let authorizations = SecACLCopyAuthorizations(entry) as? [String],
    |                              `- warning: 'SecACLCopyAuthorizations' was deprecated in macOS 10.10: SecKeychain is deprecated [#DeprecatedDeclaration]
728 |         (1...32).contains(authorizations.count)
729 |       else {

/private/tmp/jidoka-code-progressive-production-automation/build/round5/review-export.Dr3els/Sources/JidokaCodeCore/Keychain/GitHubTokenStore.swift:736:9: warning: 'SecACLCopyContents' was deprecated in macOS 10.10: SecKeychain is deprecated [#DeprecatedDeclaration]
734 |       var prompt = SecKeychainPromptSelector()
735 |       guard
736 |         SecACLCopyContents(
    |         `- warning: 'SecACLCopyContents' was deprecated in macOS 10.10: SecKeychain is deprecated [#DeprecatedDeclaration]
737 |           entry,
738 |           &applicationList,

/private/tmp/jidoka-code-progressive-production-automation/build/round5/review-export.Dr3els/Sources/JidokaCodeCore/Keychain/GitHubTokenStore.swift:754:17: warning: 'SecTrustedApplicationCopyData' was deprecated in macOS 10.10: SecKeychain is deprecated [#DeprecatedDeclaration]
752 |         for application in applications {
753 |           var value: CFData?
754 |           guard SecTrustedApplicationCopyData(application, &value) == errSecSuccess,
    |                 `- warning: 'SecTrustedApplicationCopyData' was deprecated in macOS 10.10: SecKeychain is deprecated [#DeprecatedDeclaration]
755 |             let value,
756 |             (value as Data).count <= 16_384

[#DeprecatedDeclaration]: <https://docs.swift.org/compiler/documentation/diagnostics/deprecated-declaration>
[99/164] Compiling JidokaCodeCore PiProviderCredentialSnapshot.swift
/private/tmp/jidoka-code-progressive-production-automation/build/round5/review-export.Dr3els/Sources/JidokaCodeCore/Keychain/GitHubTokenStore.swift:319:32: warning: 'SecKeychainItemGetTypeID()' was deprecated in macOS 10.10: SecKeychain is deprecated [#DeprecatedDeclaration]
317 |     case errSecSuccess:
318 |       guard let result,
319 |         CFGetTypeID(result) == SecKeychainItemGetTypeID()
    |                                `- warning: 'SecKeychainItemGetTypeID()' was deprecated in macOS 10.10: SecKeychain is deprecated [#DeprecatedDeclaration]
320 |       else {
321 |         throw GitHubTokenStoreError.inconsistentMutation

/private/tmp/jidoka-code-progressive-production-automation/build/round5/review-export.Dr3els/Sources/JidokaCodeCore/Keychain/GitHubTokenStore.swift:333:11: warning: 'SecKeychainItemCopyAccess' was deprecated in macOS 10.10: SecKeychain is deprecated [#DeprecatedDeclaration]
331 |   private func access(for item: SecKeychainItem) throws -> SecAccess {
332 |     var access: SecAccess?
333 |     guard SecKeychainItemCopyAccess(item, &access) == errSecSuccess,
    |           `- warning: 'SecKeychainItemCopyAccess' was deprecated in macOS 10.10: SecKeychain is deprecated [#DeprecatedDeclaration]
334 |       let access
335 |     else {

/private/tmp/jidoka-code-progressive-production-automation/build/round5/review-export.Dr3els/Sources/JidokaCodeCore/Keychain/GitHubTokenStore.swift:625:9: warning: 'SecTrustedApplicationCreateFromPath' was deprecated in macOS 10.10: SecKeychain is deprecated [#DeprecatedDeclaration]
623 |       var application: SecTrustedApplication?
624 |       let status = path.withCString {
625 |         SecTrustedApplicationCreateFromPath($0, &application)
    |         `- warning: 'SecTrustedApplicationCreateFromPath' was deprecated in macOS 10.10: SecKeychain is deprecated [#DeprecatedDeclaration]
626 |       }
627 |       guard status == errSecSuccess, let application else {

/private/tmp/jidoka-code-progressive-production-automation/build/round5/review-export.Dr3els/Sources/JidokaCodeCore/Keychain/GitHubTokenStore.swift:633:18: warning: 'SecAccessCreate' was deprecated in macOS 10.10: SecKeychain is deprecated [#DeprecatedDeclaration]
631 |     }
632 |     var access: SecAccess?
633 |     let status = SecAccessCreate(
    |                  `- warning: 'SecAccessCreate' was deprecated in macOS 10.10: SecKeychain is deprecated [#DeprecatedDeclaration]
634 |       descriptor as CFString,
635 |       trustedApplications as CFArray,

/private/tmp/jidoka-code-progressive-production-automation/build/round5/review-export.Dr3els/Sources/JidokaCodeCore/Keychain/GitHubTokenStore.swift:706:7: warning: 'SecAccessCopyOwnerAndACL' was deprecated in macOS 10.10: SecKeychain is deprecated [#DeprecatedDeclaration]
704 |     var ownerType = SecAccessOwnerType()
705 |     guard
706 |       SecAccessCopyOwnerAndACL(
    |       `- warning: 'SecAccessCopyOwnerAndACL' was deprecated in macOS 10.10: SecKeychain is deprecated [#DeprecatedDeclaration]
707 |         access,
708 |         &userID,

/private/tmp/jidoka-code-progressive-production-automation/build/round5/review-export.Dr3els/Sources/JidokaCodeCore/Keychain/GitHubTokenStore.swift:717:11: warning: 'SecAccessCopyACLList' was deprecated in macOS 10.10: SecKeychain is deprecated [#DeprecatedDeclaration]
715 |     }
716 |     var list: CFArray?
717 |     guard SecAccessCopyACLList(access, &list) == errSecSuccess,
    |           `- warning: 'SecAccessCopyACLList' was deprecated in macOS 10.10: SecKeychain is deprecated [#DeprecatedDeclaration]
718 |       let entries = list as? [SecACL],
719 |       (1...32).contains(entries.count)

/private/tmp/jidoka-code-progressive-production-automation/build/round5/review-export.Dr3els/Sources/JidokaCodeCore/Keychain/GitHubTokenStore.swift:727:30: warning: 'SecACLCopyAuthorizations' was deprecated in macOS 10.10: SecKeychain is deprecated [#DeprecatedDeclaration]
725 |     for entry in entries {
726 |       guard
727 |         let authorizations = SecACLCopyAuthorizations(entry) as? [String],
    |                              `- warning: 'SecACLCopyAuthorizations' was deprecated in macOS 10.10: SecKeychain is deprecated [#DeprecatedDeclaration]
728 |         (1...32).contains(authorizations.count)
729 |       else {

/private/tmp/jidoka-code-progressive-production-automation/build/round5/review-export.Dr3els/Sources/JidokaCodeCore/Keychain/GitHubTokenStore.swift:736:9: warning: 'SecACLCopyContents' was deprecated in macOS 10.10: SecKeychain is deprecated [#DeprecatedDeclaration]
734 |       var prompt = SecKeychainPromptSelector()
735 |       guard
736 |         SecACLCopyContents(
    |         `- warning: 'SecACLCopyContents' was deprecated in macOS 10.10: SecKeychain is deprecated [#DeprecatedDeclaration]
737 |           entry,
738 |           &applicationList,

/private/tmp/jidoka-code-progressive-production-automation/build/round5/review-export.Dr3els/Sources/JidokaCodeCore/Keychain/GitHubTokenStore.swift:754:17: warning: 'SecTrustedApplicationCopyData' was deprecated in macOS 10.10: SecKeychain is deprecated [#DeprecatedDeclaration]
752 |         for application in applications {
753 |           var value: CFData?
754 |           guard SecTrustedApplicationCopyData(application, &value) == errSecSuccess,
    |                 `- warning: 'SecTrustedApplicationCopyData' was deprecated in macOS 10.10: SecKeychain is deprecated [#DeprecatedDeclaration]
755 |             let value,
756 |             (value as Data).count <= 16_384

[#DeprecatedDeclaration]: <https://docs.swift.org/compiler/documentation/diagnostics/deprecated-declaration>
[100/164] Compiling JidokaCodeCore PiRPCProcess.swift
/private/tmp/jidoka-code-progressive-production-automation/build/round5/review-export.Dr3els/Sources/JidokaCodeCore/Keychain/GitHubTokenStore.swift:319:32: warning: 'SecKeychainItemGetTypeID()' was deprecated in macOS 10.10: SecKeychain is deprecated [#DeprecatedDeclaration]
317 |     case errSecSuccess:
318 |       guard let result,
319 |         CFGetTypeID(result) == SecKeychainItemGetTypeID()
    |                                `- warning: 'SecKeychainItemGetTypeID()' was deprecated in macOS 10.10: SecKeychain is deprecated [#DeprecatedDeclaration]
320 |       else {
321 |         throw GitHubTokenStoreError.inconsistentMutation

/private/tmp/jidoka-code-progressive-production-automation/build/round5/review-export.Dr3els/Sources/JidokaCodeCore/Keychain/GitHubTokenStore.swift:333:11: warning: 'SecKeychainItemCopyAccess' was deprecated in macOS 10.10: SecKeychain is deprecated [#DeprecatedDeclaration]
331 |   private func access(for item: SecKeychainItem) throws -> SecAccess {
332 |     var access: SecAccess?
333 |     guard SecKeychainItemCopyAccess(item, &access) == errSecSuccess,
    |           `- warning: 'SecKeychainItemCopyAccess' was deprecated in macOS 10.10: SecKeychain is deprecated [#DeprecatedDeclaration]
334 |       let access
335 |     else {

/private/tmp/jidoka-code-progressive-production-automation/build/round5/review-export.Dr3els/Sources/JidokaCodeCore/Keychain/GitHubTokenStore.swift:625:9: warning: 'SecTrustedApplicationCreateFromPath' was deprecated in macOS 10.10: SecKeychain is deprecated [#DeprecatedDeclaration]
623 |       var application: SecTrustedApplication?
624 |       let status = path.withCString {
625 |         SecTrustedApplicationCreateFromPath($0, &application)
    |         `- warning: 'SecTrustedApplicationCreateFromPath' was deprecated in macOS 10.10: SecKeychain is deprecated [#DeprecatedDeclaration]
626 |       }
627 |       guard status == errSecSuccess, let application else {

/private/tmp/jidoka-code-progressive-production-automation/build/round5/review-export.Dr3els/Sources/JidokaCodeCore/Keychain/GitHubTokenStore.swift:633:18: warning: 'SecAccessCreate' was deprecated in macOS 10.10: SecKeychain is deprecated [#DeprecatedDeclaration]
631 |     }
632 |     var access: SecAccess?
633 |     let status = SecAccessCreate(
    |                  `- warning: 'SecAccessCreate' was deprecated in macOS 10.10: SecKeychain is deprecated [#DeprecatedDeclaration]
634 |       descriptor as CFString,
635 |       trustedApplications as CFArray,

/private/tmp/jidoka-code-progressive-production-automation/build/round5/review-export.Dr3els/Sources/JidokaCodeCore/Keychain/GitHubTokenStore.swift:706:7: warning: 'SecAccessCopyOwnerAndACL' was deprecated in macOS 10.10: SecKeychain is deprecated [#DeprecatedDeclaration]
704 |     var ownerType = SecAccessOwnerType()
705 |     guard
706 |       SecAccessCopyOwnerAndACL(
    |       `- warning: 'SecAccessCopyOwnerAndACL' was deprecated in macOS 10.10: SecKeychain is deprecated [#DeprecatedDeclaration]
707 |         access,
708 |         &userID,

/private/tmp/jidoka-code-progressive-production-automation/build/round5/review-export.Dr3els/Sources/JidokaCodeCore/Keychain/GitHubTokenStore.swift:717:11: warning: 'SecAccessCopyACLList' was deprecated in macOS 10.10: SecKeychain is deprecated [#DeprecatedDeclaration]
715 |     }
716 |     var list: CFArray?
717 |     guard SecAccessCopyACLList(access, &list) == errSecSuccess,
    |           `- warning: 'SecAccessCopyACLList' was deprecated in macOS 10.10: SecKeychain is deprecated [#DeprecatedDeclaration]
718 |       let entries = list as? [SecACL],
719 |       (1...32).contains(entries.count)

/private/tmp/jidoka-code-progressive-production-automation/build/round5/review-export.Dr3els/Sources/JidokaCodeCore/Keychain/GitHubTokenStore.swift:727:30: warning: 'SecACLCopyAuthorizations' was deprecated in macOS 10.10: SecKeychain is deprecated [#DeprecatedDeclaration]
725 |     for entry in entries {
726 |       guard
727 |         let authorizations = SecACLCopyAuthorizations(entry) as? [String],
    |                              `- warning: 'SecACLCopyAuthorizations' was deprecated in macOS 10.10: SecKeychain is deprecated [#DeprecatedDeclaration]
728 |         (1...32).contains(authorizations.count)
729 |       else {

/private/tmp/jidoka-code-progressive-production-automation/build/round5/review-export.Dr3els/Sources/JidokaCodeCore/Keychain/GitHubTokenStore.swift:736:9: warning: 'SecACLCopyContents' was deprecated in macOS 10.10: SecKeychain is deprecated [#DeprecatedDeclaration]
734 |       var prompt = SecKeychainPromptSelector()
735 |       guard
736 |         SecACLCopyContents(
    |         `- warning: 'SecACLCopyContents' was deprecated in macOS 10.10: SecKeychain is deprecated [#DeprecatedDeclaration]
737 |           entry,
738 |           &applicationList,

/private/tmp/jidoka-code-progressive-production-automation/build/round5/review-export.Dr3els/Sources/JidokaCodeCore/Keychain/GitHubTokenStore.swift:754:17: warning: 'SecTrustedApplicationCopyData' was deprecated in macOS 10.10: SecKeychain is deprecated [#DeprecatedDeclaration]
752 |         for application in applications {
753 |           var value: CFData?
754 |           guard SecTrustedApplicationCopyData(application, &value) == errSecSuccess,
    |                 `- warning: 'SecTrustedApplicationCopyData' was deprecated in macOS 10.10: SecKeychain is deprecated [#DeprecatedDeclaration]
755 |             let value,
756 |             (value as Data).count <= 16_384

[#DeprecatedDeclaration]: <https://docs.swift.org/compiler/documentation/diagnostics/deprecated-declaration>
[101/164] Compiling JidokaCodeCore PiRPCProtocol.swift
/private/tmp/jidoka-code-progressive-production-automation/build/round5/review-export.Dr3els/Sources/JidokaCodeCore/Keychain/GitHubTokenStore.swift:319:32: warning: 'SecKeychainItemGetTypeID()' was deprecated in macOS 10.10: SecKeychain is deprecated [#DeprecatedDeclaration]
317 |     case errSecSuccess:
318 |       guard let result,
319 |         CFGetTypeID(result) == SecKeychainItemGetTypeID()
    |                                `- warning: 'SecKeychainItemGetTypeID()' was deprecated in macOS 10.10: SecKeychain is deprecated [#DeprecatedDeclaration]
320 |       else {
321 |         throw GitHubTokenStoreError.inconsistentMutation

/private/tmp/jidoka-code-progressive-production-automation/build/round5/review-export.Dr3els/Sources/JidokaCodeCore/Keychain/GitHubTokenStore.swift:333:11: warning: 'SecKeychainItemCopyAccess' was deprecated in macOS 10.10: SecKeychain is deprecated [#DeprecatedDeclaration]
331 |   private func access(for item: SecKeychainItem) throws -> SecAccess {
332 |     var access: SecAccess?
333 |     guard SecKeychainItemCopyAccess(item, &access) == errSecSuccess,
    |           `- warning: 'SecKeychainItemCopyAccess' was deprecated in macOS 10.10: SecKeychain is deprecated [#DeprecatedDeclaration]
334 |       let access
335 |     else {

/private/tmp/jidoka-code-progressive-production-automation/build/round5/review-export.Dr3els/Sources/JidokaCodeCore/Keychain/GitHubTokenStore.swift:625:9: warning: 'SecTrustedApplicationCreateFromPath' was deprecated in macOS 10.10: SecKeychain is deprecated [#DeprecatedDeclaration]
623 |       var application: SecTrustedApplication?
624 |       let status = path.withCString {
625 |         SecTrustedApplicationCreateFromPath($0, &application)
    |         `- warning: 'SecTrustedApplicationCreateFromPath' was deprecated in macOS 10.10: SecKeychain is deprecated [#DeprecatedDeclaration]
626 |       }
627 |       guard status == errSecSuccess, let application else {

/private/tmp/jidoka-code-progressive-production-automation/build/round5/review-export.Dr3els/Sources/JidokaCodeCore/Keychain/GitHubTokenStore.swift:633:18: warning: 'SecAccessCreate' was deprecated in macOS 10.10: SecKeychain is deprecated [#DeprecatedDeclaration]
631 |     }
632 |     var access: SecAccess?
633 |     let status = SecAccessCreate(
    |                  `- warning: 'SecAccessCreate' was deprecated in macOS 10.10: SecKeychain is deprecated [#DeprecatedDeclaration]
634 |       descriptor as CFString,
635 |       trustedApplications as CFArray,

/private/tmp/jidoka-code-progressive-production-automation/build/round5/review-export.Dr3els/Sources/JidokaCodeCore/Keychain/GitHubTokenStore.swift:706:7: warning: 'SecAccessCopyOwnerAndACL' was deprecated in macOS 10.10: SecKeychain is deprecated [#DeprecatedDeclaration]
704 |     var ownerType = SecAccessOwnerType()
705 |     guard
706 |       SecAccessCopyOwnerAndACL(
    |       `- warning: 'SecAccessCopyOwnerAndACL' was deprecated in macOS 10.10: SecKeychain is deprecated [#DeprecatedDeclaration]
707 |         access,
708 |         &userID,

/private/tmp/jidoka-code-progressive-production-automation/build/round5/review-export.Dr3els/Sources/JidokaCodeCore/Keychain/GitHubTokenStore.swift:717:11: warning: 'SecAccessCopyACLList' was deprecated in macOS 10.10: SecKeychain is deprecated [#DeprecatedDeclaration]
715 |     }
716 |     var list: CFArray?
717 |     guard SecAccessCopyACLList(access, &list) == errSecSuccess,
    |           `- warning: 'SecAccessCopyACLList' was deprecated in macOS 10.10: SecKeychain is deprecated [#DeprecatedDeclaration]
718 |       let entries = list as? [SecACL],
719 |       (1...32).contains(entries.count)

/private/tmp/jidoka-code-progressive-production-automation/build/round5/review-export.Dr3els/Sources/JidokaCodeCore/Keychain/GitHubTokenStore.swift:727:30: warning: 'SecACLCopyAuthorizations' was deprecated in macOS 10.10: SecKeychain is deprecated [#DeprecatedDeclaration]
725 |     for entry in entries {
726 |       guard
727 |         let authorizations = SecACLCopyAuthorizations(entry) as? [String],
    |                              `- warning: 'SecACLCopyAuthorizations' was deprecated in macOS 10.10: SecKeychain is deprecated [#DeprecatedDeclaration]
728 |         (1...32).contains(authorizations.count)
729 |       else {

/private/tmp/jidoka-code-progressive-production-automation/build/round5/review-export.Dr3els/Sources/JidokaCodeCore/Keychain/GitHubTokenStore.swift:736:9: warning: 'SecACLCopyContents' was deprecated in macOS 10.10: SecKeychain is deprecated [#DeprecatedDeclaration]
734 |       var prompt = SecKeychainPromptSelector()
735 |       guard
736 |         SecACLCopyContents(
    |         `- warning: 'SecACLCopyContents' was deprecated in macOS 10.10: SecKeychain is deprecated [#DeprecatedDeclaration]
737 |           entry,
738 |           &applicationList,

/private/tmp/jidoka-code-progressive-production-automation/build/round5/review-export.Dr3els/Sources/JidokaCodeCore/Keychain/GitHubTokenStore.swift:754:17: warning: 'SecTrustedApplicationCopyData' was deprecated in macOS 10.10: SecKeychain is deprecated [#DeprecatedDeclaration]
752 |         for application in applications {
753 |           var value: CFData?
754 |           guard SecTrustedApplicationCopyData(application, &value) == errSecSuccess,
    |                 `- warning: 'SecTrustedApplicationCopyData' was deprecated in macOS 10.10: SecKeychain is deprecated [#DeprecatedDeclaration]
755 |             let value,
756 |             (value as Data).count <= 16_384

[#DeprecatedDeclaration]: <https://docs.swift.org/compiler/documentation/diagnostics/deprecated-declaration>
[102/164] Compiling JidokaCodeCore PiRPCWorkflowExecutor.swift
/private/tmp/jidoka-code-progressive-production-automation/build/round5/review-export.Dr3els/Sources/JidokaCodeCore/Keychain/GitHubTokenStore.swift:319:32: warning: 'SecKeychainItemGetTypeID()' was deprecated in macOS 10.10: SecKeychain is deprecated [#DeprecatedDeclaration]
317 |     case errSecSuccess:
318 |       guard let result,
319 |         CFGetTypeID(result) == SecKeychainItemGetTypeID()
    |                                `- warning: 'SecKeychainItemGetTypeID()' was deprecated in macOS 10.10: SecKeychain is deprecated [#DeprecatedDeclaration]
320 |       else {
321 |         throw GitHubTokenStoreError.inconsistentMutation

/private/tmp/jidoka-code-progressive-production-automation/build/round5/review-export.Dr3els/Sources/JidokaCodeCore/Keychain/GitHubTokenStore.swift:333:11: warning: 'SecKeychainItemCopyAccess' was deprecated in macOS 10.10: SecKeychain is deprecated [#DeprecatedDeclaration]
331 |   private func access(for item: SecKeychainItem) throws -> SecAccess {
332 |     var access: SecAccess?
333 |     guard SecKeychainItemCopyAccess(item, &access) == errSecSuccess,
    |           `- warning: 'SecKeychainItemCopyAccess' was deprecated in macOS 10.10: SecKeychain is deprecated [#DeprecatedDeclaration]
334 |       let access
335 |     else {

/private/tmp/jidoka-code-progressive-production-automation/build/round5/review-export.Dr3els/Sources/JidokaCodeCore/Keychain/GitHubTokenStore.swift:625:9: warning: 'SecTrustedApplicationCreateFromPath' was deprecated in macOS 10.10: SecKeychain is deprecated [#DeprecatedDeclaration]
623 |       var application: SecTrustedApplication?
624 |       let status = path.withCString {
625 |         SecTrustedApplicationCreateFromPath($0, &application)
    |         `- warning: 'SecTrustedApplicationCreateFromPath' was deprecated in macOS 10.10: SecKeychain is deprecated [#DeprecatedDeclaration]
626 |       }
627 |       guard status == errSecSuccess, let application else {

/private/tmp/jidoka-code-progressive-production-automation/build/round5/review-export.Dr3els/Sources/JidokaCodeCore/Keychain/GitHubTokenStore.swift:633:18: warning: 'SecAccessCreate' was deprecated in macOS 10.10: SecKeychain is deprecated [#DeprecatedDeclaration]
631 |     }
632 |     var access: SecAccess?
633 |     let status = SecAccessCreate(
    |                  `- warning: 'SecAccessCreate' was deprecated in macOS 10.10: SecKeychain is deprecated [#DeprecatedDeclaration]
634 |       descriptor as CFString,
635 |       trustedApplications as CFArray,

/private/tmp/jidoka-code-progressive-production-automation/build/round5/review-export.Dr3els/Sources/JidokaCodeCore/Keychain/GitHubTokenStore.swift:706:7: warning: 'SecAccessCopyOwnerAndACL' was deprecated in macOS 10.10: SecKeychain is deprecated [#DeprecatedDeclaration]
704 |     var ownerType = SecAccessOwnerType()
705 |     guard
706 |       SecAccessCopyOwnerAndACL(
    |       `- warning: 'SecAccessCopyOwnerAndACL' was deprecated in macOS 10.10: SecKeychain is deprecated [#DeprecatedDeclaration]
707 |         access,
708 |         &userID,

/private/tmp/jidoka-code-progressive-production-automation/build/round5/review-export.Dr3els/Sources/JidokaCodeCore/Keychain/GitHubTokenStore.swift:717:11: warning: 'SecAccessCopyACLList' was deprecated in macOS 10.10: SecKeychain is deprecated [#DeprecatedDeclaration]
715 |     }
716 |     var list: CFArray?
717 |     guard SecAccessCopyACLList(access, &list) == errSecSuccess,
    |           `- warning: 'SecAccessCopyACLList' was deprecated in macOS 10.10: SecKeychain is deprecated [#DeprecatedDeclaration]
718 |       let entries = list as? [SecACL],
719 |       (1...32).contains(entries.count)

/private/tmp/jidoka-code-progressive-production-automation/build/round5/review-export.Dr3els/Sources/JidokaCodeCore/Keychain/GitHubTokenStore.swift:727:30: warning: 'SecACLCopyAuthorizations' was deprecated in macOS 10.10: SecKeychain is deprecated [#DeprecatedDeclaration]
725 |     for entry in entries {
726 |       guard
727 |         let authorizations = SecACLCopyAuthorizations(entry) as? [String],
    |                              `- warning: 'SecACLCopyAuthorizations' was deprecated in macOS 10.10: SecKeychain is deprecated [#DeprecatedDeclaration]
728 |         (1...32).contains(authorizations.count)
729 |       else {

/private/tmp/jidoka-code-progressive-production-automation/build/round5/review-export.Dr3els/Sources/JidokaCodeCore/Keychain/GitHubTokenStore.swift:736:9: warning: 'SecACLCopyContents' was deprecated in macOS 10.10: SecKeychain is deprecated [#DeprecatedDeclaration]
734 |       var prompt = SecKeychainPromptSelector()
735 |       guard
736 |         SecACLCopyContents(
    |         `- warning: 'SecACLCopyContents' was deprecated in macOS 10.10: SecKeychain is deprecated [#DeprecatedDeclaration]
737 |           entry,
738 |           &applicationList,

/private/tmp/jidoka-code-progressive-production-automation/build/round5/review-export.Dr3els/Sources/JidokaCodeCore/Keychain/GitHubTokenStore.swift:754:17: warning: 'SecTrustedApplicationCopyData' was deprecated in macOS 10.10: SecKeychain is deprecated [#DeprecatedDeclaration]
752 |         for application in applications {
753 |           var value: CFData?
754 |           guard SecTrustedApplicationCopyData(application, &value) == errSecSuccess,
    |                 `- warning: 'SecTrustedApplicationCopyData' was deprecated in macOS 10.10: SecKeychain is deprecated [#DeprecatedDeclaration]
755 |             let value,
756 |             (value as Data).count <= 16_384

[#DeprecatedDeclaration]: <https://docs.swift.org/compiler/documentation/diagnostics/deprecated-declaration>
[103/164] Compiling JidokaCodeCore PiRuntimeResolver.swift
/private/tmp/jidoka-code-progressive-production-automation/build/round5/review-export.Dr3els/Sources/JidokaCodeCore/Keychain/GitHubTokenStore.swift:319:32: warning: 'SecKeychainItemGetTypeID()' was deprecated in macOS 10.10: SecKeychain is deprecated [#DeprecatedDeclaration]
317 |     case errSecSuccess:
318 |       guard let result,
319 |         CFGetTypeID(result) == SecKeychainItemGetTypeID()
    |                                `- warning: 'SecKeychainItemGetTypeID()' was deprecated in macOS 10.10: SecKeychain is deprecated [#DeprecatedDeclaration]
320 |       else {
321 |         throw GitHubTokenStoreError.inconsistentMutation

/private/tmp/jidoka-code-progressive-production-automation/build/round5/review-export.Dr3els/Sources/JidokaCodeCore/Keychain/GitHubTokenStore.swift:333:11: warning: 'SecKeychainItemCopyAccess' was deprecated in macOS 10.10: SecKeychain is deprecated [#DeprecatedDeclaration]
331 |   private func access(for item: SecKeychainItem) throws -> SecAccess {
332 |     var access: SecAccess?
333 |     guard SecKeychainItemCopyAccess(item, &access) == errSecSuccess,
    |           `- warning: 'SecKeychainItemCopyAccess' was deprecated in macOS 10.10: SecKeychain is deprecated [#DeprecatedDeclaration]
334 |       let access
335 |     else {

/private/tmp/jidoka-code-progressive-production-automation/build/round5/review-export.Dr3els/Sources/JidokaCodeCore/Keychain/GitHubTokenStore.swift:625:9: warning: 'SecTrustedApplicationCreateFromPath' was deprecated in macOS 10.10: SecKeychain is deprecated [#DeprecatedDeclaration]
623 |       var application: SecTrustedApplication?
624 |       let status = path.withCString {
625 |         SecTrustedApplicationCreateFromPath($0, &application)
    |         `- warning: 'SecTrustedApplicationCreateFromPath' was deprecated in macOS 10.10: SecKeychain is deprecated [#DeprecatedDeclaration]
626 |       }
627 |       guard status == errSecSuccess, let application else {

/private/tmp/jidoka-code-progressive-production-automation/build/round5/review-export.Dr3els/Sources/JidokaCodeCore/Keychain/GitHubTokenStore.swift:633:18: warning: 'SecAccessCreate' was deprecated in macOS 10.10: SecKeychain is deprecated [#DeprecatedDeclaration]
631 |     }
632 |     var access: SecAccess?
633 |     let status = SecAccessCreate(
    |                  `- warning: 'SecAccessCreate' was deprecated in macOS 10.10: SecKeychain is deprecated [#DeprecatedDeclaration]
634 |       descriptor as CFString,
635 |       trustedApplications as CFArray,

/private/tmp/jidoka-code-progressive-production-automation/build/round5/review-export.Dr3els/Sources/JidokaCodeCore/Keychain/GitHubTokenStore.swift:706:7: warning: 'SecAccessCopyOwnerAndACL' was deprecated in macOS 10.10: SecKeychain is deprecated [#DeprecatedDeclaration]
704 |     var ownerType = SecAccessOwnerType()
705 |     guard
706 |       SecAccessCopyOwnerAndACL(
    |       `- warning: 'SecAccessCopyOwnerAndACL' was deprecated in macOS 10.10: SecKeychain is deprecated [#DeprecatedDeclaration]
707 |         access,
708 |         &userID,

/private/tmp/jidoka-code-progressive-production-automation/build/round5/review-export.Dr3els/Sources/JidokaCodeCore/Keychain/GitHubTokenStore.swift:717:11: warning: 'SecAccessCopyACLList' was deprecated in macOS 10.10: SecKeychain is deprecated [#DeprecatedDeclaration]
715 |     }
716 |     var list: CFArray?
717 |     guard SecAccessCopyACLList(access, &list) == errSecSuccess,
    |           `- warning: 'SecAccessCopyACLList' was deprecated in macOS 10.10: SecKeychain is deprecated [#DeprecatedDeclaration]
718 |       let entries = list as? [SecACL],
719 |       (1...32).contains(entries.count)

/private/tmp/jidoka-code-progressive-production-automation/build/round5/review-export.Dr3els/Sources/JidokaCodeCore/Keychain/GitHubTokenStore.swift:727:30: warning: 'SecACLCopyAuthorizations' was deprecated in macOS 10.10: SecKeychain is deprecated [#DeprecatedDeclaration]
725 |     for entry in entries {
726 |       guard
727 |         let authorizations = SecACLCopyAuthorizations(entry) as? [String],
    |                              `- warning: 'SecACLCopyAuthorizations' was deprecated in macOS 10.10: SecKeychain is deprecated [#DeprecatedDeclaration]
728 |         (1...32).contains(authorizations.count)
729 |       else {

/private/tmp/jidoka-code-progressive-production-automation/build/round5/review-export.Dr3els/Sources/JidokaCodeCore/Keychain/GitHubTokenStore.swift:736:9: warning: 'SecACLCopyContents' was deprecated in macOS 10.10: SecKeychain is deprecated [#DeprecatedDeclaration]
734 |       var prompt = SecKeychainPromptSelector()
735 |       guard
736 |         SecACLCopyContents(
    |         `- warning: 'SecACLCopyContents' was deprecated in macOS 10.10: SecKeychain is deprecated [#DeprecatedDeclaration]
737 |           entry,
738 |           &applicationList,

/private/tmp/jidoka-code-progressive-production-automation/build/round5/review-export.Dr3els/Sources/JidokaCodeCore/Keychain/GitHubTokenStore.swift:754:17: warning: 'SecTrustedApplicationCopyData' was deprecated in macOS 10.10: SecKeychain is deprecated [#DeprecatedDeclaration]
752 |         for application in applications {
753 |           var value: CFData?
754 |           guard SecTrustedApplicationCopyData(application, &value) == errSecSuccess,
    |                 `- warning: 'SecTrustedApplicationCopyData' was deprecated in macOS 10.10: SecKeychain is deprecated [#DeprecatedDeclaration]
755 |             let value,
756 |             (value as Data).count <= 16_384

[#DeprecatedDeclaration]: <https://docs.swift.org/compiler/documentation/diagnostics/deprecated-declaration>
[104/164] Compiling JidokaCodeCore PiTUIRuntime.swift
/private/tmp/jidoka-code-progressive-production-automation/build/round5/review-export.Dr3els/Sources/JidokaCodeCore/Keychain/GitHubTokenStore.swift:319:32: warning: 'SecKeychainItemGetTypeID()' was deprecated in macOS 10.10: SecKeychain is deprecated [#DeprecatedDeclaration]
317 |     case errSecSuccess:
318 |       guard let result,
319 |         CFGetTypeID(result) == SecKeychainItemGetTypeID()
    |                                `- warning: 'SecKeychainItemGetTypeID()' was deprecated in macOS 10.10: SecKeychain is deprecated [#DeprecatedDeclaration]
320 |       else {
321 |         throw GitHubTokenStoreError.inconsistentMutation

/private/tmp/jidoka-code-progressive-production-automation/build/round5/review-export.Dr3els/Sources/JidokaCodeCore/Keychain/GitHubTokenStore.swift:333:11: warning: 'SecKeychainItemCopyAccess' was deprecated in macOS 10.10: SecKeychain is deprecated [#DeprecatedDeclaration]
331 |   private func access(for item: SecKeychainItem) throws -> SecAccess {
332 |     var access: SecAccess?
333 |     guard SecKeychainItemCopyAccess(item, &access) == errSecSuccess,
    |           `- warning: 'SecKeychainItemCopyAccess' was deprecated in macOS 10.10: SecKeychain is deprecated [#DeprecatedDeclaration]
334 |       let access
335 |     else {

/private/tmp/jidoka-code-progressive-production-automation/build/round5/review-export.Dr3els/Sources/JidokaCodeCore/Keychain/GitHubTokenStore.swift:625:9: warning: 'SecTrustedApplicationCreateFromPath' was deprecated in macOS 10.10: SecKeychain is deprecated [#DeprecatedDeclaration]
623 |       var application: SecTrustedApplication?
624 |       let status = path.withCString {
625 |         SecTrustedApplicationCreateFromPath($0, &application)
    |         `- warning: 'SecTrustedApplicationCreateFromPath' was deprecated in macOS 10.10: SecKeychain is deprecated [#DeprecatedDeclaration]
626 |       }
627 |       guard status == errSecSuccess, let application else {

/private/tmp/jidoka-code-progressive-production-automation/build/round5/review-export.Dr3els/Sources/JidokaCodeCore/Keychain/GitHubTokenStore.swift:633:18: warning: 'SecAccessCreate' was deprecated in macOS 10.10: SecKeychain is deprecated [#DeprecatedDeclaration]
631 |     }
632 |     var access: SecAccess?
633 |     let status = SecAccessCreate(
    |                  `- warning: 'SecAccessCreate' was deprecated in macOS 10.10: SecKeychain is deprecated [#DeprecatedDeclaration]
634 |       descriptor as CFString,
635 |       trustedApplications as CFArray,

/private/tmp/jidoka-code-progressive-production-automation/build/round5/review-export.Dr3els/Sources/JidokaCodeCore/Keychain/GitHubTokenStore.swift:706:7: warning: 'SecAccessCopyOwnerAndACL' was deprecated in macOS 10.10: SecKeychain is deprecated [#DeprecatedDeclaration]
704 |     var ownerType = SecAccessOwnerType()
705 |     guard
706 |       SecAccessCopyOwnerAndACL(
    |       `- warning: 'SecAccessCopyOwnerAndACL' was deprecated in macOS 10.10: SecKeychain is deprecated [#DeprecatedDeclaration]
707 |         access,
708 |         &userID,

/private/tmp/jidoka-code-progressive-production-automation/build/round5/review-export.Dr3els/Sources/JidokaCodeCore/Keychain/GitHubTokenStore.swift:717:11: warning: 'SecAccessCopyACLList' was deprecated in macOS 10.10: SecKeychain is deprecated [#DeprecatedDeclaration]
715 |     }
716 |     var list: CFArray?
717 |     guard SecAccessCopyACLList(access, &list) == errSecSuccess,
    |           `- warning: 'SecAccessCopyACLList' was deprecated in macOS 10.10: SecKeychain is deprecated [#DeprecatedDeclaration]
718 |       let entries = list as? [SecACL],
719 |       (1...32).contains(entries.count)

/private/tmp/jidoka-code-progressive-production-automation/build/round5/review-export.Dr3els/Sources/JidokaCodeCore/Keychain/GitHubTokenStore.swift:727:30: warning: 'SecACLCopyAuthorizations' was deprecated in macOS 10.10: SecKeychain is deprecated [#DeprecatedDeclaration]
725 |     for entry in entries {
726 |       guard
727 |         let authorizations = SecACLCopyAuthorizations(entry) as? [String],
    |                              `- warning: 'SecACLCopyAuthorizations' was deprecated in macOS 10.10: SecKeychain is deprecated [#DeprecatedDeclaration]
728 |         (1...32).contains(authorizations.count)
729 |       else {

/private/tmp/jidoka-code-progressive-production-automation/build/round5/review-export.Dr3els/Sources/JidokaCodeCore/Keychain/GitHubTokenStore.swift:736:9: warning: 'SecACLCopyContents' was deprecated in macOS 10.10: SecKeychain is deprecated [#DeprecatedDeclaration]
734 |       var prompt = SecKeychainPromptSelector()
735 |       guard
736 |         SecACLCopyContents(
    |         `- warning: 'SecACLCopyContents' was deprecated in macOS 10.10: SecKeychain is deprecated [#DeprecatedDeclaration]
737 |           entry,
738 |           &applicationList,

/private/tmp/jidoka-code-progressive-production-automation/build/round5/review-export.Dr3els/Sources/JidokaCodeCore/Keychain/GitHubTokenStore.swift:754:17: warning: 'SecTrustedApplicationCopyData' was deprecated in macOS 10.10: SecKeychain is deprecated [#DeprecatedDeclaration]
752 |         for application in applications {
753 |           var value: CFData?
754 |           guard SecTrustedApplicationCopyData(application, &value) == errSecSuccess,
    |                 `- warning: 'SecTrustedApplicationCopyData' was deprecated in macOS 10.10: SecKeychain is deprecated [#DeprecatedDeclaration]
755 |             let value,
756 |             (value as Data).count <= 16_384

[#DeprecatedDeclaration]: <https://docs.swift.org/compiler/documentation/diagnostics/deprecated-declaration>
[105/164] Compiling JidokaCodeCore PiWorkflowExecutorFactory.swift
/private/tmp/jidoka-code-progressive-production-automation/build/round5/review-export.Dr3els/Sources/JidokaCodeCore/Keychain/GitHubTokenStore.swift:319:32: warning: 'SecKeychainItemGetTypeID()' was deprecated in macOS 10.10: SecKeychain is deprecated [#DeprecatedDeclaration]
317 |     case errSecSuccess:
318 |       guard let result,
319 |         CFGetTypeID(result) == SecKeychainItemGetTypeID()
    |                                `- warning: 'SecKeychainItemGetTypeID()' was deprecated in macOS 10.10: SecKeychain is deprecated [#DeprecatedDeclaration]
320 |       else {
321 |         throw GitHubTokenStoreError.inconsistentMutation

/private/tmp/jidoka-code-progressive-production-automation/build/round5/review-export.Dr3els/Sources/JidokaCodeCore/Keychain/GitHubTokenStore.swift:333:11: warning: 'SecKeychainItemCopyAccess' was deprecated in macOS 10.10: SecKeychain is deprecated [#DeprecatedDeclaration]
331 |   private func access(for item: SecKeychainItem) throws -> SecAccess {
332 |     var access: SecAccess?
333 |     guard SecKeychainItemCopyAccess(item, &access) == errSecSuccess,
    |           `- warning: 'SecKeychainItemCopyAccess' was deprecated in macOS 10.10: SecKeychain is deprecated [#DeprecatedDeclaration]
334 |       let access
335 |     else {

/private/tmp/jidoka-code-progressive-production-automation/build/round5/review-export.Dr3els/Sources/JidokaCodeCore/Keychain/GitHubTokenStore.swift:625:9: warning: 'SecTrustedApplicationCreateFromPath' was deprecated in macOS 10.10: SecKeychain is deprecated [#DeprecatedDeclaration]
623 |       var application: SecTrustedApplication?
624 |       let status = path.withCString {
625 |         SecTrustedApplicationCreateFromPath($0, &application)
    |         `- warning: 'SecTrustedApplicationCreateFromPath' was deprecated in macOS 10.10: SecKeychain is deprecated [#DeprecatedDeclaration]
626 |       }
627 |       guard status == errSecSuccess, let application else {

/private/tmp/jidoka-code-progressive-production-automation/build/round5/review-export.Dr3els/Sources/JidokaCodeCore/Keychain/GitHubTokenStore.swift:633:18: warning: 'SecAccessCreate' was deprecated in macOS 10.10: SecKeychain is deprecated [#DeprecatedDeclaration]
631 |     }
632 |     var access: SecAccess?
633 |     let status = SecAccessCreate(
    |                  `- warning: 'SecAccessCreate' was deprecated in macOS 10.10: SecKeychain is deprecated [#DeprecatedDeclaration]
634 |       descriptor as CFString,
635 |       trustedApplications as CFArray,

/private/tmp/jidoka-code-progressive-production-automation/build/round5/review-export.Dr3els/Sources/JidokaCodeCore/Keychain/GitHubTokenStore.swift:706:7: warning: 'SecAccessCopyOwnerAndACL' was deprecated in macOS 10.10: SecKeychain is deprecated [#DeprecatedDeclaration]
704 |     var ownerType = SecAccessOwnerType()
705 |     guard
706 |       SecAccessCopyOwnerAndACL(
    |       `- warning: 'SecAccessCopyOwnerAndACL' was deprecated in macOS 10.10: SecKeychain is deprecated [#DeprecatedDeclaration]
707 |         access,
708 |         &userID,

/private/tmp/jidoka-code-progressive-production-automation/build/round5/review-export.Dr3els/Sources/JidokaCodeCore/Keychain/GitHubTokenStore.swift:717:11: warning: 'SecAccessCopyACLList' was deprecated in macOS 10.10: SecKeychain is deprecated [#DeprecatedDeclaration]
715 |     }
716 |     var list: CFArray?
717 |     guard SecAccessCopyACLList(access, &list) == errSecSuccess,
    |           `- warning: 'SecAccessCopyACLList' was deprecated in macOS 10.10: SecKeychain is deprecated [#DeprecatedDeclaration]
718 |       let entries = list as? [SecACL],
719 |       (1...32).contains(entries.count)

/private/tmp/jidoka-code-progressive-production-automation/build/round5/review-export.Dr3els/Sources/JidokaCodeCore/Keychain/GitHubTokenStore.swift:727:30: warning: 'SecACLCopyAuthorizations' was deprecated in macOS 10.10: SecKeychain is deprecated [#DeprecatedDeclaration]
725 |     for entry in entries {
726 |       guard
727 |         let authorizations = SecACLCopyAuthorizations(entry) as? [String],
    |                              `- warning: 'SecACLCopyAuthorizations' was deprecated in macOS 10.10: SecKeychain is deprecated [#DeprecatedDeclaration]
728 |         (1...32).contains(authorizations.count)
729 |       else {

/private/tmp/jidoka-code-progressive-production-automation/build/round5/review-export.Dr3els/Sources/JidokaCodeCore/Keychain/GitHubTokenStore.swift:736:9: warning: 'SecACLCopyContents' was deprecated in macOS 10.10: SecKeychain is deprecated [#DeprecatedDeclaration]
734 |       var prompt = SecKeychainPromptSelector()
735 |       guard
736 |         SecACLCopyContents(
    |         `- warning: 'SecACLCopyContents' was deprecated in macOS 10.10: SecKeychain is deprecated [#DeprecatedDeclaration]
737 |           entry,
738 |           &applicationList,

/private/tmp/jidoka-code-progressive-production-automation/build/round5/review-export.Dr3els/Sources/JidokaCodeCore/Keychain/GitHubTokenStore.swift:754:17: warning: 'SecTrustedApplicationCopyData' was deprecated in macOS 10.10: SecKeychain is deprecated [#DeprecatedDeclaration]
752 |         for application in applications {
753 |           var value: CFData?
754 |           guard SecTrustedApplicationCopyData(application, &value) == errSecSuccess,
    |                 `- warning: 'SecTrustedApplicationCopyData' was deprecated in macOS 10.10: SecKeychain is deprecated [#DeprecatedDeclaration]
755 |             let value,
756 |             (value as Data).count <= 16_384

[#DeprecatedDeclaration]: <https://docs.swift.org/compiler/documentation/diagnostics/deprecated-declaration>
[106/164] Compiling JidokaCodeCore PiWorkflowModels.swift
/private/tmp/jidoka-code-progressive-production-automation/build/round5/review-export.Dr3els/Sources/JidokaCodeCore/Keychain/GitHubTokenStore.swift:319:32: warning: 'SecKeychainItemGetTypeID()' was deprecated in macOS 10.10: SecKeychain is deprecated [#DeprecatedDeclaration]
317 |     case errSecSuccess:
318 |       guard let result,
319 |         CFGetTypeID(result) == SecKeychainItemGetTypeID()
    |                                `- warning: 'SecKeychainItemGetTypeID()' was deprecated in macOS 10.10: SecKeychain is deprecated [#DeprecatedDeclaration]
320 |       else {
321 |         throw GitHubTokenStoreError.inconsistentMutation

/private/tmp/jidoka-code-progressive-production-automation/build/round5/review-export.Dr3els/Sources/JidokaCodeCore/Keychain/GitHubTokenStore.swift:333:11: warning: 'SecKeychainItemCopyAccess' was deprecated in macOS 10.10: SecKeychain is deprecated [#DeprecatedDeclaration]
331 |   private func access(for item: SecKeychainItem) throws -> SecAccess {
332 |     var access: SecAccess?
333 |     guard SecKeychainItemCopyAccess(item, &access) == errSecSuccess,
    |           `- warning: 'SecKeychainItemCopyAccess' was deprecated in macOS 10.10: SecKeychain is deprecated [#DeprecatedDeclaration]
334 |       let access
335 |     else {

/private/tmp/jidoka-code-progressive-production-automation/build/round5/review-export.Dr3els/Sources/JidokaCodeCore/Keychain/GitHubTokenStore.swift:625:9: warning: 'SecTrustedApplicationCreateFromPath' was deprecated in macOS 10.10: SecKeychain is deprecated [#DeprecatedDeclaration]
623 |       var application: SecTrustedApplication?
624 |       let status = path.withCString {
625 |         SecTrustedApplicationCreateFromPath($0, &application)
    |         `- warning: 'SecTrustedApplicationCreateFromPath' was deprecated in macOS 10.10: SecKeychain is deprecated [#DeprecatedDeclaration]
626 |       }
627 |       guard status == errSecSuccess, let application else {

/private/tmp/jidoka-code-progressive-production-automation/build/round5/review-export.Dr3els/Sources/JidokaCodeCore/Keychain/GitHubTokenStore.swift:633:18: warning: 'SecAccessCreate' was deprecated in macOS 10.10: SecKeychain is deprecated [#DeprecatedDeclaration]
631 |     }
632 |     var access: SecAccess?
633 |     let status = SecAccessCreate(
    |                  `- warning: 'SecAccessCreate' was deprecated in macOS 10.10: SecKeychain is deprecated [#DeprecatedDeclaration]
634 |       descriptor as CFString,
635 |       trustedApplications as CFArray,

/private/tmp/jidoka-code-progressive-production-automation/build/round5/review-export.Dr3els/Sources/JidokaCodeCore/Keychain/GitHubTokenStore.swift:706:7: warning: 'SecAccessCopyOwnerAndACL' was deprecated in macOS 10.10: SecKeychain is deprecated [#DeprecatedDeclaration]
704 |     var ownerType = SecAccessOwnerType()
705 |     guard
706 |       SecAccessCopyOwnerAndACL(
    |       `- warning: 'SecAccessCopyOwnerAndACL' was deprecated in macOS 10.10: SecKeychain is deprecated [#DeprecatedDeclaration]
707 |         access,
708 |         &userID,

/private/tmp/jidoka-code-progressive-production-automation/build/round5/review-export.Dr3els/Sources/JidokaCodeCore/Keychain/GitHubTokenStore.swift:717:11: warning: 'SecAccessCopyACLList' was deprecated in macOS 10.10: SecKeychain is deprecated [#DeprecatedDeclaration]
715 |     }
716 |     var list: CFArray?
717 |     guard SecAccessCopyACLList(access, &list) == errSecSuccess,
    |           `- warning: 'SecAccessCopyACLList' was deprecated in macOS 10.10: SecKeychain is deprecated [#DeprecatedDeclaration]
718 |       let entries = list as? [SecACL],
719 |       (1...32).contains(entries.count)

/private/tmp/jidoka-code-progressive-production-automation/build/round5/review-export.Dr3els/Sources/JidokaCodeCore/Keychain/GitHubTokenStore.swift:727:30: warning: 'SecACLCopyAuthorizations' was deprecated in macOS 10.10: SecKeychain is deprecated [#DeprecatedDeclaration]
725 |     for entry in entries {
726 |       guard
727 |         let authorizations = SecACLCopyAuthorizations(entry) as? [String],
    |                              `- warning: 'SecACLCopyAuthorizations' was deprecated in macOS 10.10: SecKeychain is deprecated [#DeprecatedDeclaration]
728 |         (1...32).contains(authorizations.count)
729 |       else {

/private/tmp/jidoka-code-progressive-production-automation/build/round5/review-export.Dr3els/Sources/JidokaCodeCore/Keychain/GitHubTokenStore.swift:736:9: warning: 'SecACLCopyContents' was deprecated in macOS 10.10: SecKeychain is deprecated [#DeprecatedDeclaration]
734 |       var prompt = SecKeychainPromptSelector()
735 |       guard
736 |         SecACLCopyContents(
    |         `- warning: 'SecACLCopyContents' was deprecated in macOS 10.10: SecKeychain is deprecated [#DeprecatedDeclaration]
737 |           entry,
738 |           &applicationList,

/private/tmp/jidoka-code-progressive-production-automation/build/round5/review-export.Dr3els/Sources/JidokaCodeCore/Keychain/GitHubTokenStore.swift:754:17: warning: 'SecTrustedApplicationCopyData' was deprecated in macOS 10.10: SecKeychain is deprecated [#DeprecatedDeclaration]
752 |         for application in applications {
753 |           var value: CFData?
754 |           guard SecTrustedApplicationCopyData(application, &value) == errSecSuccess,
    |                 `- warning: 'SecTrustedApplicationCopyData' was deprecated in macOS 10.10: SecKeychain is deprecated [#DeprecatedDeclaration]
755 |             let value,
756 |             (value as Data).count <= 16_384

[#DeprecatedDeclaration]: <https://docs.swift.org/compiler/documentation/diagnostics/deprecated-declaration>
[107/164] Compiling JidokaCodeCore PiWorkflowReplay.swift
/private/tmp/jidoka-code-progressive-production-automation/build/round5/review-export.Dr3els/Sources/JidokaCodeCore/Keychain/GitHubTokenStore.swift:319:32: warning: 'SecKeychainItemGetTypeID()' was deprecated in macOS 10.10: SecKeychain is deprecated [#DeprecatedDeclaration]
317 |     case errSecSuccess:
318 |       guard let result,
319 |         CFGetTypeID(result) == SecKeychainItemGetTypeID()
    |                                `- warning: 'SecKeychainItemGetTypeID()' was deprecated in macOS 10.10: SecKeychain is deprecated [#DeprecatedDeclaration]
320 |       else {
321 |         throw GitHubTokenStoreError.inconsistentMutation

/private/tmp/jidoka-code-progressive-production-automation/build/round5/review-export.Dr3els/Sources/JidokaCodeCore/Keychain/GitHubTokenStore.swift:333:11: warning: 'SecKeychainItemCopyAccess' was deprecated in macOS 10.10: SecKeychain is deprecated [#DeprecatedDeclaration]
331 |   private func access(for item: SecKeychainItem) throws -> SecAccess {
332 |     var access: SecAccess?
333 |     guard SecKeychainItemCopyAccess(item, &access) == errSecSuccess,
    |           `- warning: 'SecKeychainItemCopyAccess' was deprecated in macOS 10.10: SecKeychain is deprecated [#DeprecatedDeclaration]
334 |       let access
335 |     else {

/private/tmp/jidoka-code-progressive-production-automation/build/round5/review-export.Dr3els/Sources/JidokaCodeCore/Keychain/GitHubTokenStore.swift:625:9: warning: 'SecTrustedApplicationCreateFromPath' was deprecated in macOS 10.10: SecKeychain is deprecated [#DeprecatedDeclaration]
623 |       var application: SecTrustedApplication?
624 |       let status = path.withCString {
625 |         SecTrustedApplicationCreateFromPath($0, &application)
    |         `- warning: 'SecTrustedApplicationCreateFromPath' was deprecated in macOS 10.10: SecKeychain is deprecated [#DeprecatedDeclaration]
626 |       }
627 |       guard status == errSecSuccess, let application else {

/private/tmp/jidoka-code-progressive-production-automation/build/round5/review-export.Dr3els/Sources/JidokaCodeCore/Keychain/GitHubTokenStore.swift:633:18: warning: 'SecAccessCreate' was deprecated in macOS 10.10: SecKeychain is deprecated [#DeprecatedDeclaration]
631 |     }
632 |     var access: SecAccess?
633 |     let status = SecAccessCreate(
    |                  `- warning: 'SecAccessCreate' was deprecated in macOS 10.10: SecKeychain is deprecated [#DeprecatedDeclaration]
634 |       descriptor as CFString,
635 |       trustedApplications as CFArray,

/private/tmp/jidoka-code-progressive-production-automation/build/round5/review-export.Dr3els/Sources/JidokaCodeCore/Keychain/GitHubTokenStore.swift:706:7: warning: 'SecAccessCopyOwnerAndACL' was deprecated in macOS 10.10: SecKeychain is deprecated [#DeprecatedDeclaration]
704 |     var ownerType = SecAccessOwnerType()
705 |     guard
706 |       SecAccessCopyOwnerAndACL(
    |       `- warning: 'SecAccessCopyOwnerAndACL' was deprecated in macOS 10.10: SecKeychain is deprecated [#DeprecatedDeclaration]
707 |         access,
708 |         &userID,

/private/tmp/jidoka-code-progressive-production-automation/build/round5/review-export.Dr3els/Sources/JidokaCodeCore/Keychain/GitHubTokenStore.swift:717:11: warning: 'SecAccessCopyACLList' was deprecated in macOS 10.10: SecKeychain is deprecated [#DeprecatedDeclaration]
715 |     }
716 |     var list: CFArray?
717 |     guard SecAccessCopyACLList(access, &list) == errSecSuccess,
    |           `- warning: 'SecAccessCopyACLList' was deprecated in macOS 10.10: SecKeychain is deprecated [#DeprecatedDeclaration]
718 |       let entries = list as? [SecACL],
719 |       (1...32).contains(entries.count)

/private/tmp/jidoka-code-progressive-production-automation/build/round5/review-export.Dr3els/Sources/JidokaCodeCore/Keychain/GitHubTokenStore.swift:727:30: warning: 'SecACLCopyAuthorizations' was deprecated in macOS 10.10: SecKeychain is deprecated [#DeprecatedDeclaration]
725 |     for entry in entries {
726 |       guard
727 |         let authorizations = SecACLCopyAuthorizations(entry) as? [String],
    |                              `- warning: 'SecACLCopyAuthorizations' was deprecated in macOS 10.10: SecKeychain is deprecated [#DeprecatedDeclaration]
728 |         (1...32).contains(authorizations.count)
729 |       else {

/private/tmp/jidoka-code-progressive-production-automation/build/round5/review-export.Dr3els/Sources/JidokaCodeCore/Keychain/GitHubTokenStore.swift:736:9: warning: 'SecACLCopyContents' was deprecated in macOS 10.10: SecKeychain is deprecated [#DeprecatedDeclaration]
734 |       var prompt = SecKeychainPromptSelector()
735 |       guard
736 |         SecACLCopyContents(
    |         `- warning: 'SecACLCopyContents' was deprecated in macOS 10.10: SecKeychain is deprecated [#DeprecatedDeclaration]
737 |           entry,
738 |           &applicationList,

/private/tmp/jidoka-code-progressive-production-automation/build/round5/review-export.Dr3els/Sources/JidokaCodeCore/Keychain/GitHubTokenStore.swift:754:17: warning: 'SecTrustedApplicationCopyData' was deprecated in macOS 10.10: SecKeychain is deprecated [#DeprecatedDeclaration]
752 |         for application in applications {
753 |           var value: CFData?
754 |           guard SecTrustedApplicationCopyData(application, &value) == errSecSuccess,
    |                 `- warning: 'SecTrustedApplicationCopyData' was deprecated in macOS 10.10: SecKeychain is deprecated [#DeprecatedDeclaration]
755 |             let value,
756 |             (value as Data).count <= 16_384

[#DeprecatedDeclaration]: <https://docs.swift.org/compiler/documentation/diagnostics/deprecated-declaration>
[108/164] Compiling JidokaCodeCore PiWorkflowResources.swift
/private/tmp/jidoka-code-progressive-production-automation/build/round5/review-export.Dr3els/Sources/JidokaCodeCore/Keychain/GitHubTokenStore.swift:319:32: warning: 'SecKeychainItemGetTypeID()' was deprecated in macOS 10.10: SecKeychain is deprecated [#DeprecatedDeclaration]
317 |     case errSecSuccess:
318 |       guard let result,
319 |         CFGetTypeID(result) == SecKeychainItemGetTypeID()
    |                                `- warning: 'SecKeychainItemGetTypeID()' was deprecated in macOS 10.10: SecKeychain is deprecated [#DeprecatedDeclaration]
320 |       else {
321 |         throw GitHubTokenStoreError.inconsistentMutation

/private/tmp/jidoka-code-progressive-production-automation/build/round5/review-export.Dr3els/Sources/JidokaCodeCore/Keychain/GitHubTokenStore.swift:333:11: warning: 'SecKeychainItemCopyAccess' was deprecated in macOS 10.10: SecKeychain is deprecated [#DeprecatedDeclaration]
331 |   private func access(for item: SecKeychainItem) throws -> SecAccess {
332 |     var access: SecAccess?
333 |     guard SecKeychainItemCopyAccess(item, &access) == errSecSuccess,
    |           `- warning: 'SecKeychainItemCopyAccess' was deprecated in macOS 10.10: SecKeychain is deprecated [#DeprecatedDeclaration]
334 |       let access
335 |     else {

/private/tmp/jidoka-code-progressive-production-automation/build/round5/review-export.Dr3els/Sources/JidokaCodeCore/Keychain/GitHubTokenStore.swift:625:9: warning: 'SecTrustedApplicationCreateFromPath' was deprecated in macOS 10.10: SecKeychain is deprecated [#DeprecatedDeclaration]
623 |       var application: SecTrustedApplication?
624 |       let status = path.withCString {
625 |         SecTrustedApplicationCreateFromPath($0, &application)
    |         `- warning: 'SecTrustedApplicationCreateFromPath' was deprecated in macOS 10.10: SecKeychain is deprecated [#DeprecatedDeclaration]
626 |       }
627 |       guard status == errSecSuccess, let application else {

/private/tmp/jidoka-code-progressive-production-automation/build/round5/review-export.Dr3els/Sources/JidokaCodeCore/Keychain/GitHubTokenStore.swift:633:18: warning: 'SecAccessCreate' was deprecated in macOS 10.10: SecKeychain is deprecated [#DeprecatedDeclaration]
631 |     }
632 |     var access: SecAccess?
633 |     let status = SecAccessCreate(
    |                  `- warning: 'SecAccessCreate' was deprecated in macOS 10.10: SecKeychain is deprecated [#DeprecatedDeclaration]
634 |       descriptor as CFString,
635 |       trustedApplications as CFArray,

/private/tmp/jidoka-code-progressive-production-automation/build/round5/review-export.Dr3els/Sources/JidokaCodeCore/Keychain/GitHubTokenStore.swift:706:7: warning: 'SecAccessCopyOwnerAndACL' was deprecated in macOS 10.10: SecKeychain is deprecated [#DeprecatedDeclaration]
704 |     var ownerType = SecAccessOwnerType()
705 |     guard
706 |       SecAccessCopyOwnerAndACL(
    |       `- warning: 'SecAccessCopyOwnerAndACL' was deprecated in macOS 10.10: SecKeychain is deprecated [#DeprecatedDeclaration]
707 |         access,
708 |         &userID,

/private/tmp/jidoka-code-progressive-production-automation/build/round5/review-export.Dr3els/Sources/JidokaCodeCore/Keychain/GitHubTokenStore.swift:717:11: warning: 'SecAccessCopyACLList' was deprecated in macOS 10.10: SecKeychain is deprecated [#DeprecatedDeclaration]
715 |     }
716 |     var list: CFArray?
717 |     guard SecAccessCopyACLList(access, &list) == errSecSuccess,
    |           `- warning: 'SecAccessCopyACLList' was deprecated in macOS 10.10: SecKeychain is deprecated [#DeprecatedDeclaration]
718 |       let entries = list as? [SecACL],
719 |       (1...32).contains(entries.count)

/private/tmp/jidoka-code-progressive-production-automation/build/round5/review-export.Dr3els/Sources/JidokaCodeCore/Keychain/GitHubTokenStore.swift:727:30: warning: 'SecACLCopyAuthorizations' was deprecated in macOS 10.10: SecKeychain is deprecated [#DeprecatedDeclaration]
725 |     for entry in entries {
726 |       guard
727 |         let authorizations = SecACLCopyAuthorizations(entry) as? [String],
    |                              `- warning: 'SecACLCopyAuthorizations' was deprecated in macOS 10.10: SecKeychain is deprecated [#DeprecatedDeclaration]
728 |         (1...32).contains(authorizations.count)
729 |       else {

/private/tmp/jidoka-code-progressive-production-automation/build/round5/review-export.Dr3els/Sources/JidokaCodeCore/Keychain/GitHubTokenStore.swift:736:9: warning: 'SecACLCopyContents' was deprecated in macOS 10.10: SecKeychain is deprecated [#DeprecatedDeclaration]
734 |       var prompt = SecKeychainPromptSelector()
735 |       guard
736 |         SecACLCopyContents(
    |         `- warning: 'SecACLCopyContents' was deprecated in macOS 10.10: SecKeychain is deprecated [#DeprecatedDeclaration]
737 |           entry,
738 |           &applicationList,

/private/tmp/jidoka-code-progressive-production-automation/build/round5/review-export.Dr3els/Sources/JidokaCodeCore/Keychain/GitHubTokenStore.swift:754:17: warning: 'SecTrustedApplicationCopyData' was deprecated in macOS 10.10: SecKeychain is deprecated [#DeprecatedDeclaration]
752 |         for application in applications {
753 |           var value: CFData?
754 |           guard SecTrustedApplicationCopyData(application, &value) == errSecSuccess,
    |                 `- warning: 'SecTrustedApplicationCopyData' was deprecated in macOS 10.10: SecKeychain is deprecated [#DeprecatedDeclaration]
755 |             let value,
756 |             (value as Data).count <= 16_384

[#DeprecatedDeclaration]: <https://docs.swift.org/compiler/documentation/diagnostics/deprecated-declaration>
[109/164] Compiling JidokaCodeCore PiWorkflowRouters.swift
[110/164] Compiling JidokaCodeCore ReleaseOwnedPiRuntime.swift
[111/164] Compiling JidokaCodeCore PiProbeContract.swift
[112/164] Compiling JidokaCodeCore GitHubMutationExecutor.swift
[113/164] Compiling JidokaCodeCore GitHubMutationObservations.swift
[114/164] Compiling JidokaCodeCore MutationReconciler.swift
[115/164] Compiling JidokaCodeCore DurableScheduler.swift
[116/164] Compiling JidokaCodeCore ApprovedCommandRunStore.swift
[117/164] Compiling JidokaCodeCore ArtifactStore.swift
[118/164] Compiling JidokaCodeCore DatabaseSchema.swift
[119/164] Compiling JidokaCodeCore DurableJobStore.swift
[120/164] Compiling JidokaCodeCore JobCanary.swift
[121/164] Compiling JidokaCodeCore JobCanaryGenerationRollover.swift
[122/164] Compiling JidokaCodeCore JobCanaryGenerationRolloverCommand.swift
[123/164] Compiling JidokaCodeCore JobMaintenance.swift
[124/164] Compiling JidokaCodeCore JobStateMachine.swift
[125/164] Compiling JidokaCodeCore PiRunStore.swift
[126/164] Compiling JidokaCodeCore RolloutAuthority.swift
[127/164] Compiling JidokaCodeCore RolloutAuthorityStore.swift
[128/164] Compiling JidokaCodeCore RolloutEffectAuthority.swift
[129/164] Compiling JidokaCodeCore RolloutEffectAuthorityStore.swift
[130/164] Compiling JidokaCodeCore RolloutEffectAuthorityStoreTransactions.swift
[131/164] Compiling JidokaCodeCore SQLiteStore.swift
[132/164] Compiling JidokaCodeCore WorkflowProbeContract.swift
[133/168] Compiling JidokaCodePushGuard main.swift
[134/168] Emitting module JidokaCodePushGuard
[135/170] Compiling JidokaCodeLocationProbeEngine main.swift
[136/170] Emitting module JidokaCodeLocationProbeEngine
[137/172] Compiling JidokaCodeHerdrHost main.swift
[138/172] Emitting module JidokaCodeHerdrHost
[139/174] Emitting module JidokaCodeHerdrFixture
[140/174] Compiling JidokaCodeHerdrFixture main.swift
[141/176] Compiling JidokaCodeLocationProbeApp main.swift
[142/176] Emitting module JidokaCodeLocationProbeApp
[143/200] Compiling JidokaCodeEngineProbe JidokaCodeEngineMain.swift
[144/200] Emitting module JidokaCodeEngineProbe
[145/202] Emitting module JidokaCodeBoundedCommand
[146/202] Compiling JidokaCodeBoundedCommand main.swift
[147/204] Emitting module JidokaCodeAskPass
[148/204] Compiling JidokaCodeAskPass main.swift
[149/208] Emitting module JidokaCodeAppSupport
[150/208] Compiling JidokaCodeAppSupport AppViewModel.swift
[151/208] Compiling JidokaCodeAppSupport JidokaViews.swift
[152/208] Compiling JidokaCodeAppSupport OnboardingViewModel.swift
[153/210] Compiling JidokaCodeAppSupport PresentationModels.swift
[154/210] Compiling JidokaCodeAppSupport SettingsViewModel.swift
[154/210] Write Objects.LinkFileList
[156/212] Compiling JidokaCodeUIFixture JidokaCodeUIFixtureMain.swift
[157/212] Emitting module JidokaCodeUIFixture
[157/212] Linking JidokaCodePushGuard
[159/214] Compiling JidokaCodeAppSupportTests AppSupportSmokeTests.swift
[160/214] Emitting module JidokaCodeAppSupportTests
[161/215] Compiling JidokaCodeAppSupportTests ViewModelFlowTests.swift
[161/215] Applying JidokaCodePushGuard
[163/222] Emitting module JidokaCodeCoreTests
[164/244] Emitting module JidokaCodeApp
[165/244] Compiling JidokaCodeApp ApplicationComposition.swift
[166/244] Compiling JidokaCodeApp ApplicationEngineClient.swift
[167/244] Compiling JidokaCodeApp HerdrReadinessProbeCLI.swift
[168/244] Compiling JidokaCodeApp JidokaCodeApp.swift
[169/244] Compiling JidokaCodeApp JobCanaryCLI.swift
[170/244] Compiling JidokaCodeApp JobMaintenanceCLI.swift
[171/250] Compiling JidokaCodeApp KeychainCLI.swift
[172/250] Compiling JidokaCodeApp LifecycleCLI.swift
[173/250] Compiling JidokaCodeApp LocalSpikeCLI.swift
[174/250] Compiling JidokaCodeApp PiProbeCLI.swift
[175/250] Compiling JidokaCodeApp RolloutCLI.swift
[176/250] Compiling JidokaCodeApp WorkflowProbeCLI.swift
[176/250] Write Objects.LinkFileList
[178/250] Linking JidokaCodeUIFixture
[179/250] Linking JidokaCodeLocationProbeEngine
[180/250] Applying JidokaCodeUIFixture
[181/250] Applying JidokaCodeLocationProbeEngine
[182/250] Write Objects.LinkFileList
[184/250] Linking JidokaCodeLocationProbeApp
[185/250] Linking JidokaCodeHerdrHost
[186/250] Applying JidokaCodeLocationProbeApp
[187/250] Applying JidokaCodeHerdrHost
[188/250] Write Objects.LinkFileList
[190/250] Linking JidokaCodeHerdrFixture
[191/250] Linking JidokaCodeEngineProbe
[192/250] Applying JidokaCodeHerdrFixture
[193/250] Applying JidokaCodeEngineProbe
[194/250] Write Objects.LinkFileList
[196/250] Linking JidokaCodeBoundedCommand
[197/250] Linking JidokaCodeAskPass
[198/250] Applying JidokaCodeBoundedCommand
[199/250] Applying JidokaCodeAskPass
[200/250] Write Objects.LinkFileList
[201/250] Linking JidokaCodeApp
[203/252] Compiling JidokaCodeAppTests ApplicationEngineClientTests.swift
[204/252] Emitting module JidokaCodeAppTests
[204/252] Applying JidokaCodeApp
/private/tmp/jidoka-code-progressive-production-automation/build/round5/review-export.Dr3els/Tests/JidokaCodeCoreTests/GitHubTokenStoreTests.swift:446:7: warning: 'SecTrustedApplicationCreateFromPath' was deprecated in macOS 10.10: SecKeychain is deprecated [#DeprecatedDeclaration]
444 |     var application: SecTrustedApplication?
445 |     let status = path.withCString {
446 |       SecTrustedApplicationCreateFromPath($0, &application)
    |       `- warning: 'SecTrustedApplicationCreateFromPath' was deprecated in macOS 10.10: SecKeychain is deprecated [#DeprecatedDeclaration]
447 |     }
448 |     guard status == errSecSuccess, let application else {

/private/tmp/jidoka-code-progressive-production-automation/build/round5/review-export.Dr3els/Tests/JidokaCodeCoreTests/GitHubTokenStoreTests.swift:454:16: warning: 'SecAccessCreate' was deprecated in macOS 10.10: SecKeychain is deprecated [#DeprecatedDeclaration]
452 |   }
453 |   var access: SecAccess?
454 |   let status = SecAccessCreate(
    |                `- warning: 'SecAccessCreate' was deprecated in macOS 10.10: SecKeychain is deprecated [#DeprecatedDeclaration]
455 |     descriptor as CFString,
456 |     trustedApplications as CFArray,

[#DeprecatedDeclaration]: <https://docs.swift.org/compiler/documentation/diagnostics/deprecated-declaration>
/private/tmp/jidoka-code-progressive-production-automation/build/round5/review-export.Dr3els/Tests/JidokaCodeCoreTests/GitHubTokenStoreTests.swift:446:7: warning: 'SecTrustedApplicationCreateFromPath' was deprecated in macOS 10.10: SecKeychain is deprecated [#DeprecatedDeclaration]
444 |     var application: SecTrustedApplication?
445 |     let status = path.withCString {
446 |       SecTrustedApplicationCreateFromPath($0, &application)
    |       `- warning: 'SecTrustedApplicationCreateFromPath' was deprecated in macOS 10.10: SecKeychain is deprecated [#DeprecatedDeclaration]
447 |     }
448 |     guard status == errSecSuccess, let application else {

/private/tmp/jidoka-code-progressive-production-automation/build/round5/review-export.Dr3els/Tests/JidokaCodeCoreTests/GitHubTokenStoreTests.swift:454:16: warning: 'SecAccessCreate' was deprecated in macOS 10.10: SecKeychain is deprecated [#DeprecatedDeclaration]
452 |   }
453 |   var access: SecAccess?
454 |   let status = SecAccessCreate(
    |                `- warning: 'SecAccessCreate' was deprecated in macOS 10.10: SecKeychain is deprecated [#DeprecatedDeclaration]
455 |     descriptor as CFString,
456 |     trustedApplications as CFArray,

[#DeprecatedDeclaration]: <https://docs.swift.org/compiler/documentation/diagnostics/deprecated-declaration>
/private/tmp/jidoka-code-progressive-production-automation/build/round5/review-export.Dr3els/Tests/JidokaCodeCoreTests/GitHubTokenStoreTests.swift:446:7: warning: 'SecTrustedApplicationCreateFromPath' was deprecated in macOS 10.10: SecKeychain is deprecated [#DeprecatedDeclaration]
444 |     var application: SecTrustedApplication?
445 |     let status = path.withCString {
446 |       SecTrustedApplicationCreateFromPath($0, &application)
    |       `- warning: 'SecTrustedApplicationCreateFromPath' was deprecated in macOS 10.10: SecKeychain is deprecated [#DeprecatedDeclaration]
447 |     }
448 |     guard status == errSecSuccess, let application else {

/private/tmp/jidoka-code-progressive-production-automation/build/round5/review-export.Dr3els/Tests/JidokaCodeCoreTests/GitHubTokenStoreTests.swift:454:16: warning: 'SecAccessCreate' was deprecated in macOS 10.10: SecKeychain is deprecated [#DeprecatedDeclaration]
452 |   }
453 |   var access: SecAccess?
454 |   let status = SecAccessCreate(
    |                `- warning: 'SecAccessCreate' was deprecated in macOS 10.10: SecKeychain is deprecated [#DeprecatedDeclaration]
455 |     descriptor as CFString,
456 |     trustedApplications as CFArray,

[#DeprecatedDeclaration]: <https://docs.swift.org/compiler/documentation/diagnostics/deprecated-declaration>
/private/tmp/jidoka-code-progressive-production-automation/build/round5/review-export.Dr3els/Tests/JidokaCodeCoreTests/GitHubTokenStoreTests.swift:446:7: warning: 'SecTrustedApplicationCreateFromPath' was deprecated in macOS 10.10: SecKeychain is deprecated [#DeprecatedDeclaration]
444 |     var application: SecTrustedApplication?
445 |     let status = path.withCString {
446 |       SecTrustedApplicationCreateFromPath($0, &application)
    |       `- warning: 'SecTrustedApplicationCreateFromPath' was deprecated in macOS 10.10: SecKeychain is deprecated [#DeprecatedDeclaration]
447 |     }
448 |     guard status == errSecSuccess, let application else {

/private/tmp/jidoka-code-progressive-production-automation/build/round5/review-export.Dr3els/Tests/JidokaCodeCoreTests/GitHubTokenStoreTests.swift:454:16: warning: 'SecAccessCreate' was deprecated in macOS 10.10: SecKeychain is deprecated [#DeprecatedDeclaration]
452 |   }
453 |   var access: SecAccess?
454 |   let status = SecAccessCreate(
    |                `- warning: 'SecAccessCreate' was deprecated in macOS 10.10: SecKeychain is deprecated [#DeprecatedDeclaration]
455 |     descriptor as CFString,
456 |     trustedApplications as CFArray,

[#DeprecatedDeclaration]: <https://docs.swift.org/compiler/documentation/diagnostics/deprecated-declaration>
/private/tmp/jidoka-code-progressive-production-automation/build/round5/review-export.Dr3els/Tests/JidokaCodeCoreTests/GitHubTokenStoreTests.swift:446:7: warning: 'SecTrustedApplicationCreateFromPath' was deprecated in macOS 10.10: SecKeychain is deprecated [#DeprecatedDeclaration]
444 |     var application: SecTrustedApplication?
445 |     let status = path.withCString {
446 |       SecTrustedApplicationCreateFromPath($0, &application)
    |       `- warning: 'SecTrustedApplicationCreateFromPath' was deprecated in macOS 10.10: SecKeychain is deprecated [#DeprecatedDeclaration]
447 |     }
448 |     guard status == errSecSuccess, let application else {

/private/tmp/jidoka-code-progressive-production-automation/build/round5/review-export.Dr3els/Tests/JidokaCodeCoreTests/GitHubTokenStoreTests.swift:454:16: warning: 'SecAccessCreate' was deprecated in macOS 10.10: SecKeychain is deprecated [#DeprecatedDeclaration]
452 |   }
453 |   var access: SecAccess?
454 |   let status = SecAccessCreate(
    |                `- warning: 'SecAccessCreate' was deprecated in macOS 10.10: SecKeychain is deprecated [#DeprecatedDeclaration]
455 |     descriptor as CFString,
456 |     trustedApplications as CFArray,

[#DeprecatedDeclaration]: <https://docs.swift.org/compiler/documentation/diagnostics/deprecated-declaration>
/private/tmp/jidoka-code-progressive-production-automation/build/round5/review-export.Dr3els/Tests/JidokaCodeCoreTests/GitHubTokenStoreTests.swift:446:7: warning: 'SecTrustedApplicationCreateFromPath' was deprecated in macOS 10.10: SecKeychain is deprecated [#DeprecatedDeclaration]
444 |     var application: SecTrustedApplication?
445 |     let status = path.withCString {
446 |       SecTrustedApplicationCreateFromPath($0, &application)
    |       `- warning: 'SecTrustedApplicationCreateFromPath' was deprecated in macOS 10.10: SecKeychain is deprecated [#DeprecatedDeclaration]
447 |     }
448 |     guard status == errSecSuccess, let application else {

/private/tmp/jidoka-code-progressive-production-automation/build/round5/review-export.Dr3els/Tests/JidokaCodeCoreTests/GitHubTokenStoreTests.swift:454:16: warning: 'SecAccessCreate' was deprecated in macOS 10.10: SecKeychain is deprecated [#DeprecatedDeclaration]
452 |   }
453 |   var access: SecAccess?
454 |   let status = SecAccessCreate(
    |                `- warning: 'SecAccessCreate' was deprecated in macOS 10.10: SecKeychain is deprecated [#DeprecatedDeclaration]
455 |     descriptor as CFString,
456 |     trustedApplications as CFArray,

[#DeprecatedDeclaration]: <https://docs.swift.org/compiler/documentation/diagnostics/deprecated-declaration>
/private/tmp/jidoka-code-progressive-production-automation/build/round5/review-export.Dr3els/Tests/JidokaCodeCoreTests/GitHubTokenStoreTests.swift:446:7: warning: 'SecTrustedApplicationCreateFromPath' was deprecated in macOS 10.10: SecKeychain is deprecated [#DeprecatedDeclaration]
444 |     var application: SecTrustedApplication?
445 |     let status = path.withCString {
446 |       SecTrustedApplicationCreateFromPath($0, &application)
    |       `- warning: 'SecTrustedApplicationCreateFromPath' was deprecated in macOS 10.10: SecKeychain is deprecated [#DeprecatedDeclaration]
447 |     }
448 |     guard status == errSecSuccess, let application else {

/private/tmp/jidoka-code-progressive-production-automation/build/round5/review-export.Dr3els/Tests/JidokaCodeCoreTests/GitHubTokenStoreTests.swift:454:16: warning: 'SecAccessCreate' was deprecated in macOS 10.10: SecKeychain is deprecated [#DeprecatedDeclaration]
452 |   }
453 |   var access: SecAccess?
454 |   let status = SecAccessCreate(
    |                `- warning: 'SecAccessCreate' was deprecated in macOS 10.10: SecKeychain is deprecated [#DeprecatedDeclaration]
455 |     descriptor as CFString,
456 |     trustedApplications as CFArray,

[#DeprecatedDeclaration]: <https://docs.swift.org/compiler/documentation/diagnostics/deprecated-declaration>
/private/tmp/jidoka-code-progressive-production-automation/build/round5/review-export.Dr3els/Tests/JidokaCodeCoreTests/GitHubTokenStoreTests.swift:446:7: warning: 'SecTrustedApplicationCreateFromPath' was deprecated in macOS 10.10: SecKeychain is deprecated [#DeprecatedDeclaration]
444 |     var application: SecTrustedApplication?
445 |     let status = path.withCString {
446 |       SecTrustedApplicationCreateFromPath($0, &application)
    |       `- warning: 'SecTrustedApplicationCreateFromPath' was deprecated in macOS 10.10: SecKeychain is deprecated [#DeprecatedDeclaration]
447 |     }
448 |     guard status == errSecSuccess, let application else {

/private/tmp/jidoka-code-progressive-production-automation/build/round5/review-export.Dr3els/Tests/JidokaCodeCoreTests/GitHubTokenStoreTests.swift:454:16: warning: 'SecAccessCreate' was deprecated in macOS 10.10: SecKeychain is deprecated [#DeprecatedDeclaration]
452 |   }
453 |   var access: SecAccess?
454 |   let status = SecAccessCreate(
    |                `- warning: 'SecAccessCreate' was deprecated in macOS 10.10: SecKeychain is deprecated [#DeprecatedDeclaration]
455 |     descriptor as CFString,
456 |     trustedApplications as CFArray,

[#DeprecatedDeclaration]: <https://docs.swift.org/compiler/documentation/diagnostics/deprecated-declaration>
/private/tmp/jidoka-code-progressive-production-automation/build/round5/review-export.Dr3els/Tests/JidokaCodeCoreTests/GitHubTokenStoreTests.swift:446:7: warning: 'SecTrustedApplicationCreateFromPath' was deprecated in macOS 10.10: SecKeychain is deprecated [#DeprecatedDeclaration]
444 |     var application: SecTrustedApplication?
445 |     let status = path.withCString {
446 |       SecTrustedApplicationCreateFromPath($0, &application)
    |       `- warning: 'SecTrustedApplicationCreateFromPath' was deprecated in macOS 10.10: SecKeychain is deprecated [#DeprecatedDeclaration]
447 |     }
448 |     guard status == errSecSuccess, let application else {

/private/tmp/jidoka-code-progressive-production-automation/build/round5/review-export.Dr3els/Tests/JidokaCodeCoreTests/GitHubTokenStoreTests.swift:454:16: warning: 'SecAccessCreate' was deprecated in macOS 10.10: SecKeychain is deprecated [#DeprecatedDeclaration]
452 |   }
453 |   var access: SecAccess?
454 |   let status = SecAccessCreate(
    |                `- warning: 'SecAccessCreate' was deprecated in macOS 10.10: SecKeychain is deprecated [#DeprecatedDeclaration]
455 |     descriptor as CFString,
456 |     trustedApplications as CFArray,

[#DeprecatedDeclaration]: <https://docs.swift.org/compiler/documentation/diagnostics/deprecated-declaration>
/private/tmp/jidoka-code-progressive-production-automation/build/round5/review-export.Dr3els/Tests/JidokaCodeCoreTests/GitHubTokenStoreTests.swift:446:7: warning: 'SecTrustedApplicationCreateFromPath' was deprecated in macOS 10.10: SecKeychain is deprecated [#DeprecatedDeclaration]
444 |     var application: SecTrustedApplication?
445 |     let status = path.withCString {
446 |       SecTrustedApplicationCreateFromPath($0, &application)
    |       `- warning: 'SecTrustedApplicationCreateFromPath' was deprecated in macOS 10.10: SecKeychain is deprecated [#DeprecatedDeclaration]
447 |     }
448 |     guard status == errSecSuccess, let application else {

/private/tmp/jidoka-code-progressive-production-automation/build/round5/review-export.Dr3els/Tests/JidokaCodeCoreTests/GitHubTokenStoreTests.swift:454:16: warning: 'SecAccessCreate' was deprecated in macOS 10.10: SecKeychain is deprecated [#DeprecatedDeclaration]
452 |   }
453 |   var access: SecAccess?
454 |   let status = SecAccessCreate(
    |                `- warning: 'SecAccessCreate' was deprecated in macOS 10.10: SecKeychain is deprecated [#DeprecatedDeclaration]
455 |     descriptor as CFString,
456 |     trustedApplications as CFArray,

[#DeprecatedDeclaration]: <https://docs.swift.org/compiler/documentation/diagnostics/deprecated-declaration>
/private/tmp/jidoka-code-progressive-production-automation/build/round5/review-export.Dr3els/Tests/JidokaCodeCoreTests/GitHubTokenStoreTests.swift:446:7: warning: 'SecTrustedApplicationCreateFromPath' was deprecated in macOS 10.10: SecKeychain is deprecated [#DeprecatedDeclaration]
444 |     var application: SecTrustedApplication?
445 |     let status = path.withCString {
446 |       SecTrustedApplicationCreateFromPath($0, &application)
    |       `- warning: 'SecTrustedApplicationCreateFromPath' was deprecated in macOS 10.10: SecKeychain is deprecated [#DeprecatedDeclaration]
447 |     }
448 |     guard status == errSecSuccess, let application else {

/private/tmp/jidoka-code-progressive-production-automation/build/round5/review-export.Dr3els/Tests/JidokaCodeCoreTests/GitHubTokenStoreTests.swift:454:16: warning: 'SecAccessCreate' was deprecated in macOS 10.10: SecKeychain is deprecated [#DeprecatedDeclaration]
452 |   }
453 |   var access: SecAccess?
454 |   let status = SecAccessCreate(
    |                `- warning: 'SecAccessCreate' was deprecated in macOS 10.10: SecKeychain is deprecated [#DeprecatedDeclaration]
455 |     descriptor as CFString,
456 |     trustedApplications as CFArray,

[#DeprecatedDeclaration]: <https://docs.swift.org/compiler/documentation/diagnostics/deprecated-declaration>
/private/tmp/jidoka-code-progressive-production-automation/build/round5/review-export.Dr3els/Tests/JidokaCodeCoreTests/GitHubTokenStoreTests.swift:446:7: warning: 'SecTrustedApplicationCreateFromPath' was deprecated in macOS 10.10: SecKeychain is deprecated [#DeprecatedDeclaration]
444 |     var application: SecTrustedApplication?
445 |     let status = path.withCString {
446 |       SecTrustedApplicationCreateFromPath($0, &application)
    |       `- warning: 'SecTrustedApplicationCreateFromPath' was deprecated in macOS 10.10: SecKeychain is deprecated [#DeprecatedDeclaration]
447 |     }
448 |     guard status == errSecSuccess, let application else {

/private/tmp/jidoka-code-progressive-production-automation/build/round5/review-export.Dr3els/Tests/JidokaCodeCoreTests/GitHubTokenStoreTests.swift:454:16: warning: 'SecAccessCreate' was deprecated in macOS 10.10: SecKeychain is deprecated [#DeprecatedDeclaration]
452 |   }
453 |   var access: SecAccess?
454 |   let status = SecAccessCreate(
    |                `- warning: 'SecAccessCreate' was deprecated in macOS 10.10: SecKeychain is deprecated [#DeprecatedDeclaration]
455 |     descriptor as CFString,
456 |     trustedApplications as CFArray,

[#DeprecatedDeclaration]: <https://docs.swift.org/compiler/documentation/diagnostics/deprecated-declaration>
[218/252] Compiling JidokaCodeCoreTests GitAskPassTests.swift
/private/tmp/jidoka-code-progressive-production-automation/build/round5/review-export.Dr3els/Tests/JidokaCodeCoreTests/GitHubTokenStoreTests.swift:446:7: warning: 'SecTrustedApplicationCreateFromPath' was deprecated in macOS 10.10: SecKeychain is deprecated [#DeprecatedDeclaration]
444 |     var application: SecTrustedApplication?
445 |     let status = path.withCString {
446 |       SecTrustedApplicationCreateFromPath($0, &application)
    |       `- warning: 'SecTrustedApplicationCreateFromPath' was deprecated in macOS 10.10: SecKeychain is deprecated [#DeprecatedDeclaration]
447 |     }
448 |     guard status == errSecSuccess, let application else {

/private/tmp/jidoka-code-progressive-production-automation/build/round5/review-export.Dr3els/Tests/JidokaCodeCoreTests/GitHubTokenStoreTests.swift:454:16: warning: 'SecAccessCreate' was deprecated in macOS 10.10: SecKeychain is deprecated [#DeprecatedDeclaration]
452 |   }
453 |   var access: SecAccess?
454 |   let status = SecAccessCreate(
    |                `- warning: 'SecAccessCreate' was deprecated in macOS 10.10: SecKeychain is deprecated [#DeprecatedDeclaration]
455 |     descriptor as CFString,
456 |     trustedApplications as CFArray,

[#DeprecatedDeclaration]: <https://docs.swift.org/compiler/documentation/diagnostics/deprecated-declaration>
[219/252] Compiling JidokaCodeCoreTests GitHubDiscoveryTests.swift
/private/tmp/jidoka-code-progressive-production-automation/build/round5/review-export.Dr3els/Tests/JidokaCodeCoreTests/GitHubTokenStoreTests.swift:446:7: warning: 'SecTrustedApplicationCreateFromPath' was deprecated in macOS 10.10: SecKeychain is deprecated [#DeprecatedDeclaration]
444 |     var application: SecTrustedApplication?
445 |     let status = path.withCString {
446 |       SecTrustedApplicationCreateFromPath($0, &application)
    |       `- warning: 'SecTrustedApplicationCreateFromPath' was deprecated in macOS 10.10: SecKeychain is deprecated [#DeprecatedDeclaration]
447 |     }
448 |     guard status == errSecSuccess, let application else {

/private/tmp/jidoka-code-progressive-production-automation/build/round5/review-export.Dr3els/Tests/JidokaCodeCoreTests/GitHubTokenStoreTests.swift:454:16: warning: 'SecAccessCreate' was deprecated in macOS 10.10: SecKeychain is deprecated [#DeprecatedDeclaration]
452 |   }
453 |   var access: SecAccess?
454 |   let status = SecAccessCreate(
    |                `- warning: 'SecAccessCreate' was deprecated in macOS 10.10: SecKeychain is deprecated [#DeprecatedDeclaration]
455 |     descriptor as CFString,
456 |     trustedApplications as CFArray,

[#DeprecatedDeclaration]: <https://docs.swift.org/compiler/documentation/diagnostics/deprecated-declaration>
[220/252] Compiling JidokaCodeCoreTests GitHubHTTPTests.swift
/private/tmp/jidoka-code-progressive-production-automation/build/round5/review-export.Dr3els/Tests/JidokaCodeCoreTests/GitHubTokenStoreTests.swift:446:7: warning: 'SecTrustedApplicationCreateFromPath' was deprecated in macOS 10.10: SecKeychain is deprecated [#DeprecatedDeclaration]
444 |     var application: SecTrustedApplication?
445 |     let status = path.withCString {
446 |       SecTrustedApplicationCreateFromPath($0, &application)
    |       `- warning: 'SecTrustedApplicationCreateFromPath' was deprecated in macOS 10.10: SecKeychain is deprecated [#DeprecatedDeclaration]
447 |     }
448 |     guard status == errSecSuccess, let application else {

/private/tmp/jidoka-code-progressive-production-automation/build/round5/review-export.Dr3els/Tests/JidokaCodeCoreTests/GitHubTokenStoreTests.swift:454:16: warning: 'SecAccessCreate' was deprecated in macOS 10.10: SecKeychain is deprecated [#DeprecatedDeclaration]
452 |   }
453 |   var access: SecAccess?
454 |   let status = SecAccessCreate(
    |                `- warning: 'SecAccessCreate' was deprecated in macOS 10.10: SecKeychain is deprecated [#DeprecatedDeclaration]
455 |     descriptor as CFString,
456 |     trustedApplications as CFArray,

[#DeprecatedDeclaration]: <https://docs.swift.org/compiler/documentation/diagnostics/deprecated-declaration>
[221/252] Compiling JidokaCodeCoreTests GitHubJobMutationObservationReaderTests.swift
/private/tmp/jidoka-code-progressive-production-automation/build/round5/review-export.Dr3els/Tests/JidokaCodeCoreTests/GitHubTokenStoreTests.swift:446:7: warning: 'SecTrustedApplicationCreateFromPath' was deprecated in macOS 10.10: SecKeychain is deprecated [#DeprecatedDeclaration]
444 |     var application: SecTrustedApplication?
445 |     let status = path.withCString {
446 |       SecTrustedApplicationCreateFromPath($0, &application)
    |       `- warning: 'SecTrustedApplicationCreateFromPath' was deprecated in macOS 10.10: SecKeychain is deprecated [#DeprecatedDeclaration]
447 |     }
448 |     guard status == errSecSuccess, let application else {

/private/tmp/jidoka-code-progressive-production-automation/build/round5/review-export.Dr3els/Tests/JidokaCodeCoreTests/GitHubTokenStoreTests.swift:454:16: warning: 'SecAccessCreate' was deprecated in macOS 10.10: SecKeychain is deprecated [#DeprecatedDeclaration]
452 |   }
453 |   var access: SecAccess?
454 |   let status = SecAccessCreate(
    |                `- warning: 'SecAccessCreate' was deprecated in macOS 10.10: SecKeychain is deprecated [#DeprecatedDeclaration]
455 |     descriptor as CFString,
456 |     trustedApplications as CFArray,

[#DeprecatedDeclaration]: <https://docs.swift.org/compiler/documentation/diagnostics/deprecated-declaration>
[222/252] Compiling JidokaCodeCoreTests GitHubMarkerPublisherTests.swift
/private/tmp/jidoka-code-progressive-production-automation/build/round5/review-export.Dr3els/Tests/JidokaCodeCoreTests/GitHubTokenStoreTests.swift:446:7: warning: 'SecTrustedApplicationCreateFromPath' was deprecated in macOS 10.10: SecKeychain is deprecated [#DeprecatedDeclaration]
444 |     var application: SecTrustedApplication?
445 |     let status = path.withCString {
446 |       SecTrustedApplicationCreateFromPath($0, &application)
    |       `- warning: 'SecTrustedApplicationCreateFromPath' was deprecated in macOS 10.10: SecKeychain is deprecated [#DeprecatedDeclaration]
447 |     }
448 |     guard status == errSecSuccess, let application else {

/private/tmp/jidoka-code-progressive-production-automation/build/round5/review-export.Dr3els/Tests/JidokaCodeCoreTests/GitHubTokenStoreTests.swift:454:16: warning: 'SecAccessCreate' was deprecated in macOS 10.10: SecKeychain is deprecated [#DeprecatedDeclaration]
452 |   }
453 |   var access: SecAccess?
454 |   let status = SecAccessCreate(
    |                `- warning: 'SecAccessCreate' was deprecated in macOS 10.10: SecKeychain is deprecated [#DeprecatedDeclaration]
455 |     descriptor as CFString,
456 |     trustedApplications as CFArray,

[#DeprecatedDeclaration]: <https://docs.swift.org/compiler/documentation/diagnostics/deprecated-declaration>
[223/252] Compiling JidokaCodeCoreTests GitHubMarkerTests.swift
/private/tmp/jidoka-code-progressive-production-automation/build/round5/review-export.Dr3els/Tests/JidokaCodeCoreTests/GitHubTokenStoreTests.swift:446:7: warning: 'SecTrustedApplicationCreateFromPath' was deprecated in macOS 10.10: SecKeychain is deprecated [#DeprecatedDeclaration]
444 |     var application: SecTrustedApplication?
445 |     let status = path.withCString {
446 |       SecTrustedApplicationCreateFromPath($0, &application)
    |       `- warning: 'SecTrustedApplicationCreateFromPath' was deprecated in macOS 10.10: SecKeychain is deprecated [#DeprecatedDeclaration]
447 |     }
448 |     guard status == errSecSuccess, let application else {

/private/tmp/jidoka-code-progressive-production-automation/build/round5/review-export.Dr3els/Tests/JidokaCodeCoreTests/GitHubTokenStoreTests.swift:454:16: warning: 'SecAccessCreate' was deprecated in macOS 10.10: SecKeychain is deprecated [#DeprecatedDeclaration]
452 |   }
453 |   var access: SecAccess?
454 |   let status = SecAccessCreate(
    |                `- warning: 'SecAccessCreate' was deprecated in macOS 10.10: SecKeychain is deprecated [#DeprecatedDeclaration]
455 |     descriptor as CFString,
456 |     trustedApplications as CFArray,

[#DeprecatedDeclaration]: <https://docs.swift.org/compiler/documentation/diagnostics/deprecated-declaration>
[224/252] Compiling JidokaCodeCoreTests GitHubMutationExecutorTests.swift
/private/tmp/jidoka-code-progressive-production-automation/build/round5/review-export.Dr3els/Tests/JidokaCodeCoreTests/GitHubTokenStoreTests.swift:446:7: warning: 'SecTrustedApplicationCreateFromPath' was deprecated in macOS 10.10: SecKeychain is deprecated [#DeprecatedDeclaration]
444 |     var application: SecTrustedApplication?
445 |     let status = path.withCString {
446 |       SecTrustedApplicationCreateFromPath($0, &application)
    |       `- warning: 'SecTrustedApplicationCreateFromPath' was deprecated in macOS 10.10: SecKeychain is deprecated [#DeprecatedDeclaration]
447 |     }
448 |     guard status == errSecSuccess, let application else {

/private/tmp/jidoka-code-progressive-production-automation/build/round5/review-export.Dr3els/Tests/JidokaCodeCoreTests/GitHubTokenStoreTests.swift:454:16: warning: 'SecAccessCreate' was deprecated in macOS 10.10: SecKeychain is deprecated [#DeprecatedDeclaration]
452 |   }
453 |   var access: SecAccess?
454 |   let status = SecAccessCreate(
    |                `- warning: 'SecAccessCreate' was deprecated in macOS 10.10: SecKeychain is deprecated [#DeprecatedDeclaration]
455 |     descriptor as CFString,
456 |     trustedApplications as CFArray,

[#DeprecatedDeclaration]: <https://docs.swift.org/compiler/documentation/diagnostics/deprecated-declaration>
[225/252] Compiling JidokaCodeCoreTests GitHubMutationObservationsTests.swift
/private/tmp/jidoka-code-progressive-production-automation/build/round5/review-export.Dr3els/Tests/JidokaCodeCoreTests/GitHubTokenStoreTests.swift:446:7: warning: 'SecTrustedApplicationCreateFromPath' was deprecated in macOS 10.10: SecKeychain is deprecated [#DeprecatedDeclaration]
444 |     var application: SecTrustedApplication?
445 |     let status = path.withCString {
446 |       SecTrustedApplicationCreateFromPath($0, &application)
    |       `- warning: 'SecTrustedApplicationCreateFromPath' was deprecated in macOS 10.10: SecKeychain is deprecated [#DeprecatedDeclaration]
447 |     }
448 |     guard status == errSecSuccess, let application else {

/private/tmp/jidoka-code-progressive-production-automation/build/round5/review-export.Dr3els/Tests/JidokaCodeCoreTests/GitHubTokenStoreTests.swift:454:16: warning: 'SecAccessCreate' was deprecated in macOS 10.10: SecKeychain is deprecated [#DeprecatedDeclaration]
452 |   }
453 |   var access: SecAccess?
454 |   let status = SecAccessCreate(
    |                `- warning: 'SecAccessCreate' was deprecated in macOS 10.10: SecKeychain is deprecated [#DeprecatedDeclaration]
455 |     descriptor as CFString,
456 |     trustedApplications as CFArray,

[#DeprecatedDeclaration]: <https://docs.swift.org/compiler/documentation/diagnostics/deprecated-declaration>
[226/252] Compiling JidokaCodeCoreTests GitHubPullRequestPublisherTests.swift
/private/tmp/jidoka-code-progressive-production-automation/build/round5/review-export.Dr3els/Tests/JidokaCodeCoreTests/GitHubTokenStoreTests.swift:446:7: warning: 'SecTrustedApplicationCreateFromPath' was deprecated in macOS 10.10: SecKeychain is deprecated [#DeprecatedDeclaration]
444 |     var application: SecTrustedApplication?
445 |     let status = path.withCString {
446 |       SecTrustedApplicationCreateFromPath($0, &application)
    |       `- warning: 'SecTrustedApplicationCreateFromPath' was deprecated in macOS 10.10: SecKeychain is deprecated [#DeprecatedDeclaration]
447 |     }
448 |     guard status == errSecSuccess, let application else {

/private/tmp/jidoka-code-progressive-production-automation/build/round5/review-export.Dr3els/Tests/JidokaCodeCoreTests/GitHubTokenStoreTests.swift:454:16: warning: 'SecAccessCreate' was deprecated in macOS 10.10: SecKeychain is deprecated [#DeprecatedDeclaration]
452 |   }
453 |   var access: SecAccess?
454 |   let status = SecAccessCreate(
    |                `- warning: 'SecAccessCreate' was deprecated in macOS 10.10: SecKeychain is deprecated [#DeprecatedDeclaration]
455 |     descriptor as CFString,
456 |     trustedApplications as CFArray,

[#DeprecatedDeclaration]: <https://docs.swift.org/compiler/documentation/diagnostics/deprecated-declaration>
[227/252] Compiling JidokaCodeCoreTests GitHubRequestTests.swift
/private/tmp/jidoka-code-progressive-production-automation/build/round5/review-export.Dr3els/Tests/JidokaCodeCoreTests/GitHubTokenStoreTests.swift:446:7: warning: 'SecTrustedApplicationCreateFromPath' was deprecated in macOS 10.10: SecKeychain is deprecated [#DeprecatedDeclaration]
444 |     var application: SecTrustedApplication?
445 |     let status = path.withCString {
446 |       SecTrustedApplicationCreateFromPath($0, &application)
    |       `- warning: 'SecTrustedApplicationCreateFromPath' was deprecated in macOS 10.10: SecKeychain is deprecated [#DeprecatedDeclaration]
447 |     }
448 |     guard status == errSecSuccess, let application else {

/private/tmp/jidoka-code-progressive-production-automation/build/round5/review-export.Dr3els/Tests/JidokaCodeCoreTests/GitHubTokenStoreTests.swift:454:16: warning: 'SecAccessCreate' was deprecated in macOS 10.10: SecKeychain is deprecated [#DeprecatedDeclaration]
452 |   }
453 |   var access: SecAccess?
454 |   let status = SecAccessCreate(
    |                `- warning: 'SecAccessCreate' was deprecated in macOS 10.10: SecKeychain is deprecated [#DeprecatedDeclaration]
455 |     descriptor as CFString,
456 |     trustedApplications as CFArray,

[#DeprecatedDeclaration]: <https://docs.swift.org/compiler/documentation/diagnostics/deprecated-declaration>
[228/252] Compiling JidokaCodeCoreTests GitHubTokenStoreTests.swift
/private/tmp/jidoka-code-progressive-production-automation/build/round5/review-export.Dr3els/Tests/JidokaCodeCoreTests/GitHubTokenStoreTests.swift:446:7: warning: 'SecTrustedApplicationCreateFromPath' was deprecated in macOS 10.10: SecKeychain is deprecated [#DeprecatedDeclaration]
444 |     var application: SecTrustedApplication?
445 |     let status = path.withCString {
446 |       SecTrustedApplicationCreateFromPath($0, &application)
    |       `- warning: 'SecTrustedApplicationCreateFromPath' was deprecated in macOS 10.10: SecKeychain is deprecated [#DeprecatedDeclaration]
447 |     }
448 |     guard status == errSecSuccess, let application else {

/private/tmp/jidoka-code-progressive-production-automation/build/round5/review-export.Dr3els/Tests/JidokaCodeCoreTests/GitHubTokenStoreTests.swift:454:16: warning: 'SecAccessCreate' was deprecated in macOS 10.10: SecKeychain is deprecated [#DeprecatedDeclaration]
452 |   }
453 |   var access: SecAccess?
454 |   let status = SecAccessCreate(
    |                `- warning: 'SecAccessCreate' was deprecated in macOS 10.10: SecKeychain is deprecated [#DeprecatedDeclaration]
455 |     descriptor as CFString,
456 |     trustedApplications as CFArray,

[#DeprecatedDeclaration]: <https://docs.swift.org/compiler/documentation/diagnostics/deprecated-declaration>
[229/274] Compiling JidokaCodeCoreTests LocalSpikeContractTests.swift
[230/274] Compiling JidokaCodeCoreTests LocationProbeProtocolTests.swift
[231/274] Compiling JidokaCodeCoreTests MutationReconcilerTests.swift
[232/274] Compiling JidokaCodeCoreTests PackagedExecutableSnapshotTests.swift
[233/274] Compiling JidokaCodeCoreTests PackagedPiResourceSnapshotTests.swift
[234/274] Compiling JidokaCodeCoreTests PackagedPreflightTests.swift
[235/274] Compiling JidokaCodeCoreTests PackagedResourceSnapshotTests.swift
[236/274] Compiling JidokaCodeCoreTests PiIssueImplementationOrchestratorTests.swift
[237/274] Compiling JidokaCodeCoreTests PiJobWorkflowPreparerTests.swift
[238/274] Compiling JidokaCodeCoreTests PiModelCatalogDiscoveryTests.swift
[239/274] Compiling JidokaCodeCoreTests PiModelCatalogTests.swift
[240/274] Compiling JidokaCodeCoreTests PiProbeContractTests.swift
[241/274] Compiling JidokaCodeCoreTests PiProviderCredentialSnapshotTests.swift
[242/274] Compiling JidokaCodeCoreTests PiRPCProcessTests.swift
[243/274] Compiling JidokaCodeCoreTests PiRPCProtocolTests.swift
[244/274] Compiling JidokaCodeCoreTests PiRPCWorkflowExecutorTests.swift
[245/274] Compiling JidokaCodeCoreTests PiRunStoreTests.swift
[246/274] Compiling JidokaCodeCoreTests PiRuntimeResolverTests.swift
[247/274] Compiling JidokaCodeCoreTests PiTUIRuntimeTests.swift
[248/274] Compiling JidokaCodeCoreTests PiWorkflowReplayTests.swift
[249/274] Compiling JidokaCodeCoreTests PiWorkflowResourceTests.swift
[250/274] Compiling JidokaCodeCoreTests PiWorkflowRouterTests.swift
[251/296] Compiling JidokaCodeCoreTests GitHubWorkflowLabelBootstrapperTests.swift
/private/tmp/jidoka-code-progressive-production-automation/build/round5/review-export.Dr3els/Tests/JidokaCodeCoreTests/HerdrPiWorkflowRuntimeTests.swift:7119:9: warning: initialization of immutable value 'run' was never used; consider replacing with assignment to '_' or removing it [#no-usage]
7117 |         "SELECT paused FROM app_settings WHERE singleton = 1"
7118 |       ) ?? 0
7119 |     let run = try await withDurableResumeDenialLifted { () async throws -> PiRunRecord in
     |         `- warning: initialization of immutable value 'run' was never used; consider replacing with assignment to '_' or removing it [#no-usage]
7120 |       _ = try await database.execute(
7121 |         "UPDATE app_settings SET paused = 0 WHERE singleton = 1"
[252/296] Compiling JidokaCodeCoreTests GitHubWorkflowLabelMutatorTests.swift
/private/tmp/jidoka-code-progressive-production-automation/build/round5/review-export.Dr3els/Tests/JidokaCodeCoreTests/HerdrPiWorkflowRuntimeTests.swift:7119:9: warning: initialization of immutable value 'run' was never used; consider replacing with assignment to '_' or removing it [#no-usage]
7117 |         "SELECT paused FROM app_settings WHERE singleton = 1"
7118 |       ) ?? 0
7119 |     let run = try await withDurableResumeDenialLifted { () async throws -> PiRunRecord in
     |         `- warning: initialization of immutable value 'run' was never used; consider replacing with assignment to '_' or removing it [#no-usage]
7120 |       _ = try await database.execute(
7121 |         "UPDATE app_settings SET paused = 0 WHERE singleton = 1"
[253/296] Compiling JidokaCodeCoreTests GitProcessTests.swift
/private/tmp/jidoka-code-progressive-production-automation/build/round5/review-export.Dr3els/Tests/JidokaCodeCoreTests/HerdrPiWorkflowRuntimeTests.swift:7119:9: warning: initialization of immutable value 'run' was never used; consider replacing with assignment to '_' or removing it [#no-usage]
7117 |         "SELECT paused FROM app_settings WHERE singleton = 1"
7118 |       ) ?? 0
7119 |     let run = try await withDurableResumeDenialLifted { () async throws -> PiRunRecord in
     |         `- warning: initialization of immutable value 'run' was never used; consider replacing with assignment to '_' or removing it [#no-usage]
7120 |       _ = try await database.execute(
7121 |         "UPDATE app_settings SET paused = 0 WHERE singleton = 1"
[254/296] Compiling JidokaCodeCoreTests GitPublicationTests.swift
/private/tmp/jidoka-code-progressive-production-automation/build/round5/review-export.Dr3els/Tests/JidokaCodeCoreTests/HerdrPiWorkflowRuntimeTests.swift:7119:9: warning: initialization of immutable value 'run' was never used; consider replacing with assignment to '_' or removing it [#no-usage]
7117 |         "SELECT paused FROM app_settings WHERE singleton = 1"
7118 |       ) ?? 0
7119 |     let run = try await withDurableResumeDenialLifted { () async throws -> PiRunRecord in
     |         `- warning: initialization of immutable value 'run' was never used; consider replacing with assignment to '_' or removing it [#no-usage]
7120 |       _ = try await database.execute(
7121 |         "UPDATE app_settings SET paused = 0 WHERE singleton = 1"
[255/296] Compiling JidokaCodeCoreTests GitPushGuardTests.swift
/private/tmp/jidoka-code-progressive-production-automation/build/round5/review-export.Dr3els/Tests/JidokaCodeCoreTests/HerdrPiWorkflowRuntimeTests.swift:7119:9: warning: initialization of immutable value 'run' was never used; consider replacing with assignment to '_' or removing it [#no-usage]
7117 |         "SELECT paused FROM app_settings WHERE singleton = 1"
7118 |       ) ?? 0
7119 |     let run = try await withDurableResumeDenialLifted { () async throws -> PiRunRecord in
     |         `- warning: initialization of immutable value 'run' was never used; consider replacing with assignment to '_' or removing it [#no-usage]
7120 |       _ = try await database.execute(
7121 |         "UPDATE app_settings SET paused = 0 WHERE singleton = 1"
[256/296] Compiling JidokaCodeCoreTests GitRolloutPreviewTests.swift
/private/tmp/jidoka-code-progressive-production-automation/build/round5/review-export.Dr3els/Tests/JidokaCodeCoreTests/HerdrPiWorkflowRuntimeTests.swift:7119:9: warning: initialization of immutable value 'run' was never used; consider replacing with assignment to '_' or removing it [#no-usage]
7117 |         "SELECT paused FROM app_settings WHERE singleton = 1"
7118 |       ) ?? 0
7119 |     let run = try await withDurableResumeDenialLifted { () async throws -> PiRunRecord in
     |         `- warning: initialization of immutable value 'run' was never used; consider replacing with assignment to '_' or removing it [#no-usage]
7120 |       _ = try await database.execute(
7121 |         "UPDATE app_settings SET paused = 0 WHERE singleton = 1"
[257/296] Compiling JidokaCodeCoreTests GitTestSupport.swift
/private/tmp/jidoka-code-progressive-production-automation/build/round5/review-export.Dr3els/Tests/JidokaCodeCoreTests/HerdrPiWorkflowRuntimeTests.swift:7119:9: warning: initialization of immutable value 'run' was never used; consider replacing with assignment to '_' or removing it [#no-usage]
7117 |         "SELECT paused FROM app_settings WHERE singleton = 1"
7118 |       ) ?? 0
7119 |     let run = try await withDurableResumeDenialLifted { () async throws -> PiRunRecord in
     |         `- warning: initialization of immutable value 'run' was never used; consider replacing with assignment to '_' or removing it [#no-usage]
7120 |       _ = try await database.execute(
7121 |         "UPDATE app_settings SET paused = 0 WHERE singleton = 1"
[258/296] Compiling JidokaCodeCoreTests HerdrFakeSocket.swift
/private/tmp/jidoka-code-progressive-production-automation/build/round5/review-export.Dr3els/Tests/JidokaCodeCoreTests/HerdrPiWorkflowRuntimeTests.swift:7119:9: warning: initialization of immutable value 'run' was never used; consider replacing with assignment to '_' or removing it [#no-usage]
7117 |         "SELECT paused FROM app_settings WHERE singleton = 1"
7118 |       ) ?? 0
7119 |     let run = try await withDurableResumeDenialLifted { () async throws -> PiRunRecord in
     |         `- warning: initialization of immutable value 'run' was never used; consider replacing with assignment to '_' or removing it [#no-usage]
7120 |       _ = try await database.execute(
7121 |         "UPDATE app_settings SET paused = 0 WHERE singleton = 1"
[259/296] Compiling JidokaCodeCoreTests HerdrHostRuntimeTests.swift
/private/tmp/jidoka-code-progressive-production-automation/build/round5/review-export.Dr3els/Tests/JidokaCodeCoreTests/HerdrPiWorkflowRuntimeTests.swift:7119:9: warning: initialization of immutable value 'run' was never used; consider replacing with assignment to '_' or removing it [#no-usage]
7117 |         "SELECT paused FROM app_settings WHERE singleton = 1"
7118 |       ) ?? 0
7119 |     let run = try await withDurableResumeDenialLifted { () async throws -> PiRunRecord in
     |         `- warning: initialization of immutable value 'run' was never used; consider replacing with assignment to '_' or removing it [#no-usage]
7120 |       _ = try await database.execute(
7121 |         "UPDATE app_settings SET paused = 0 WHERE singleton = 1"
[260/296] Compiling JidokaCodeCoreTests HerdrPiWorkflowRuntimeTests.swift
/private/tmp/jidoka-code-progressive-production-automation/build/round5/review-export.Dr3els/Tests/JidokaCodeCoreTests/HerdrPiWorkflowRuntimeTests.swift:7119:9: warning: initialization of immutable value 'run' was never used; consider replacing with assignment to '_' or removing it [#no-usage]
7117 |         "SELECT paused FROM app_settings WHERE singleton = 1"
7118 |       ) ?? 0
7119 |     let run = try await withDurableResumeDenialLifted { () async throws -> PiRunRecord in
     |         `- warning: initialization of immutable value 'run' was never used; consider replacing with assignment to '_' or removing it [#no-usage]
7120 |       _ = try await database.execute(
7121 |         "UPDATE app_settings SET paused = 0 WHERE singleton = 1"
[261/296] Compiling JidokaCodeCoreTests HerdrProtocolTests.swift
/private/tmp/jidoka-code-progressive-production-automation/build/round5/review-export.Dr3els/Tests/JidokaCodeCoreTests/HerdrPiWorkflowRuntimeTests.swift:7119:9: warning: initialization of immutable value 'run' was never used; consider replacing with assignment to '_' or removing it [#no-usage]
7117 |         "SELECT paused FROM app_settings WHERE singleton = 1"
7118 |       ) ?? 0
7119 |     let run = try await withDurableResumeDenialLifted { () async throws -> PiRunRecord in
     |         `- warning: initialization of immutable value 'run' was never used; consider replacing with assignment to '_' or removing it [#no-usage]
7120 |       _ = try await database.execute(
7121 |         "UPDATE app_settings SET paused = 0 WHERE singleton = 1"
[262/296] Compiling JidokaCodeCoreTests HerdrRoleHostRuntimeTests.swift
/private/tmp/jidoka-code-progressive-production-automation/build/round5/review-export.Dr3els/Tests/JidokaCodeCoreTests/HerdrPiWorkflowRuntimeTests.swift:7119:9: warning: initialization of immutable value 'run' was never used; consider replacing with assignment to '_' or removing it [#no-usage]
7117 |         "SELECT paused FROM app_settings WHERE singleton = 1"
7118 |       ) ?? 0
7119 |     let run = try await withDurableResumeDenialLifted { () async throws -> PiRunRecord in
     |         `- warning: initialization of immutable value 'run' was never used; consider replacing with assignment to '_' or removing it [#no-usage]
7120 |       _ = try await database.execute(
7121 |         "UPDATE app_settings SET paused = 0 WHERE singleton = 1"
[263/296] Compiling JidokaCodeCoreTests HerdrRuntimeReadinessTests.swift
/private/tmp/jidoka-code-progressive-production-automation/build/round5/review-export.Dr3els/Tests/JidokaCodeCoreTests/HerdrPiWorkflowRuntimeTests.swift:7119:9: warning: initialization of immutable value 'run' was never used; consider replacing with assignment to '_' or removing it [#no-usage]
7117 |         "SELECT paused FROM app_settings WHERE singleton = 1"
7118 |       ) ?? 0
7119 |     let run = try await withDurableResumeDenialLifted { () async throws -> PiRunRecord in
     |         `- warning: initialization of immutable value 'run' was never used; consider replacing with assignment to '_' or removing it [#no-usage]
7120 |       _ = try await database.execute(
7121 |         "UPDATE app_settings SET paused = 0 WHERE singleton = 1"
[264/296] Compiling JidokaCodeCoreTests HerdrTopologyTests.swift
/private/tmp/jidoka-code-progressive-production-automation/build/round5/review-export.Dr3els/Tests/JidokaCodeCoreTests/HerdrPiWorkflowRuntimeTests.swift:7119:9: warning: initialization of immutable value 'run' was never used; consider replacing with assignment to '_' or removing it [#no-usage]
7117 |         "SELECT paused FROM app_settings WHERE singleton = 1"
7118 |       ) ?? 0
7119 |     let run = try await withDurableResumeDenialLifted { () async throws -> PiRunRecord in
     |         `- warning: initialization of immutable value 'run' was never used; consider replacing with assignment to '_' or removing it [#no-usage]
7120 |       _ = try await database.execute(
7121 |         "UPDATE app_settings SET paused = 0 WHERE singleton = 1"
[265/296] Compiling JidokaCodeCoreTests HistoricalCanaryEffectDenialTests.swift
/private/tmp/jidoka-code-progressive-production-automation/build/round5/review-export.Dr3els/Tests/JidokaCodeCoreTests/HerdrPiWorkflowRuntimeTests.swift:7119:9: warning: initialization of immutable value 'run' was never used; consider replacing with assignment to '_' or removing it [#no-usage]
7117 |         "SELECT paused FROM app_settings WHERE singleton = 1"
7118 |       ) ?? 0
7119 |     let run = try await withDurableResumeDenialLifted { () async throws -> PiRunRecord in
     |         `- warning: initialization of immutable value 'run' was never used; consider replacing with assignment to '_' or removing it [#no-usage]
7120 |       _ = try await database.execute(
7121 |         "UPDATE app_settings SET paused = 0 WHERE singleton = 1"
[266/296] Compiling JidokaCodeCoreTests IssueImplementationJobWorkflowTests.swift
/private/tmp/jidoka-code-progressive-production-automation/build/round5/review-export.Dr3els/Tests/JidokaCodeCoreTests/HerdrPiWorkflowRuntimeTests.swift:7119:9: warning: initialization of immutable value 'run' was never used; consider replacing with assignment to '_' or removing it [#no-usage]
7117 |         "SELECT paused FROM app_settings WHERE singleton = 1"
7118 |       ) ?? 0
7119 |     let run = try await withDurableResumeDenialLifted { () async throws -> PiRunRecord in
     |         `- warning: initialization of immutable value 'run' was never used; consider replacing with assignment to '_' or removing it [#no-usage]
7120 |       _ = try await database.execute(
7121 |         "UPDATE app_settings SET paused = 0 WHERE singleton = 1"
[267/296] Compiling JidokaCodeCoreTests IssueRevisionTests.swift
/private/tmp/jidoka-code-progressive-production-automation/build/round5/review-export.Dr3els/Tests/JidokaCodeCoreTests/HerdrPiWorkflowRuntimeTests.swift:7119:9: warning: initialization of immutable value 'run' was never used; consider replacing with assignment to '_' or removing it [#no-usage]
7117 |         "SELECT paused FROM app_settings WHERE singleton = 1"
7118 |       ) ?? 0
7119 |     let run = try await withDurableResumeDenialLifted { () async throws -> PiRunRecord in
     |         `- warning: initialization of immutable value 'run' was never used; consider replacing with assignment to '_' or removing it [#no-usage]
7120 |       _ = try await database.execute(
7121 |         "UPDATE app_settings SET paused = 0 WHERE singleton = 1"
[268/296] Compiling JidokaCodeCoreTests IssueTriageJobWorkflowTests.swift
/private/tmp/jidoka-code-progressive-production-automation/build/round5/review-export.Dr3els/Tests/JidokaCodeCoreTests/HerdrPiWorkflowRuntimeTests.swift:7119:9: warning: initialization of immutable value 'run' was never used; consider replacing with assignment to '_' or removing it [#no-usage]
7117 |         "SELECT paused FROM app_settings WHERE singleton = 1"
7118 |       ) ?? 0
7119 |     let run = try await withDurableResumeDenialLifted { () async throws -> PiRunRecord in
     |         `- warning: initialization of immutable value 'run' was never used; consider replacing with assignment to '_' or removing it [#no-usage]
7120 |       _ = try await database.execute(
7121 |         "UPDATE app_settings SET paused = 0 WHERE singleton = 1"
[269/296] Compiling JidokaCodeCoreTests JobCoordinatorTests.swift
/private/tmp/jidoka-code-progressive-production-automation/build/round5/review-export.Dr3els/Tests/JidokaCodeCoreTests/HerdrPiWorkflowRuntimeTests.swift:7119:9: warning: initialization of immutable value 'run' was never used; consider replacing with assignment to '_' or removing it [#no-usage]
7117 |         "SELECT paused FROM app_settings WHERE singleton = 1"
7118 |       ) ?? 0
7119 |     let run = try await withDurableResumeDenialLifted { () async throws -> PiRunRecord in
     |         `- warning: initialization of immutable value 'run' was never used; consider replacing with assignment to '_' or removing it [#no-usage]
7120 |       _ = try await database.execute(
7121 |         "UPDATE app_settings SET paused = 0 WHERE singleton = 1"
[270/296] Compiling JidokaCodeCoreTests JobStateMachineTests.swift
/private/tmp/jidoka-code-progressive-production-automation/build/round5/review-export.Dr3els/Tests/JidokaCodeCoreTests/HerdrPiWorkflowRuntimeTests.swift:7119:9: warning: initialization of immutable value 'run' was never used; consider replacing with assignment to '_' or removing it [#no-usage]
7117 |         "SELECT paused FROM app_settings WHERE singleton = 1"
7118 |       ) ?? 0
7119 |     let run = try await withDurableResumeDenialLifted { () async throws -> PiRunRecord in
     |         `- warning: initialization of immutable value 'run' was never used; consider replacing with assignment to '_' or removing it [#no-usage]
7120 |       _ = try await database.execute(
7121 |         "UPDATE app_settings SET paused = 0 WHERE singleton = 1"
[271/296] Compiling JidokaCodeCoreTests KeychainProbeTests.swift
/private/tmp/jidoka-code-progressive-production-automation/build/round5/review-export.Dr3els/Tests/JidokaCodeCoreTests/HerdrPiWorkflowRuntimeTests.swift:7119:9: warning: initialization of immutable value 'run' was never used; consider replacing with assignment to '_' or removing it [#no-usage]
7117 |         "SELECT paused FROM app_settings WHERE singleton = 1"
7118 |       ) ?? 0
7119 |     let run = try await withDurableResumeDenialLifted { () async throws -> PiRunRecord in
     |         `- warning: initialization of immutable value 'run' was never used; consider replacing with assignment to '_' or removing it [#no-usage]
7120 |       _ = try await database.execute(
7121 |         "UPDATE app_settings SET paused = 0 WHERE singleton = 1"
[272/296] Compiling JidokaCodeCoreTests LifecycleProbeTests.swift
/private/tmp/jidoka-code-progressive-production-automation/build/round5/review-export.Dr3els/Tests/JidokaCodeCoreTests/HerdrPiWorkflowRuntimeTests.swift:7119:9: warning: initialization of immutable value 'run' was never used; consider replacing with assignment to '_' or removing it [#no-usage]
7117 |         "SELECT paused FROM app_settings WHERE singleton = 1"
7118 |       ) ?? 0
7119 |     let run = try await withDurableResumeDenialLifted { () async throws -> PiRunRecord in
     |         `- warning: initialization of immutable value 'run' was never used; consider replacing with assignment to '_' or removing it [#no-usage]
7120 |       _ = try await database.execute(
7121 |         "UPDATE app_settings SET paused = 0 WHERE singleton = 1"
[273/296] Compiling JidokaCodeCoreTests ProcessIdentityFixtureRecord.swift
[274/296] Compiling JidokaCodeCoreTests ProductionEngineExternalServicesTests.swift
[275/296] Compiling JidokaCodeCoreTests ProductionHerdrCompositionTests.swift
[276/296] Compiling JidokaCodeCoreTests ProductionModelCatalogIntegrationTests.swift
[277/296] Compiling JidokaCodeCoreTests PullRequestCommitDeriverTests.swift
[278/296] Compiling JidokaCodeCoreTests PullRequestReviewJobWorkflowTests.swift
[279/296] Compiling JidokaCodeCoreTests RepositoryStoreFaultTests.swift
[280/296] Compiling JidokaCodeCoreTests RepositoryStoreTests.swift
[281/296] Compiling JidokaCodeCoreTests RolloutAuthorityStoreTests.swift
[282/296] Compiling JidokaCodeCoreTests RolloutEffectAuthorityTestSupport.swift
[283/296] Compiling JidokaCodeCoreTests RolloutLeaseAuthorityTests.swift
[284/296] Compiling JidokaCodeCoreTests RolloutReleaseIdentityAttestorTests.swift
[285/296] Compiling JidokaCodeCoreTests RolloutRemotePreviewRevalidatorTests.swift
[286/296] Compiling JidokaCodeCoreTests SQLiteStoreTests.swift
[287/296] Compiling JidokaCodeCoreTests SingleInstanceLockTests.swift
[288/296] Compiling JidokaCodeCoreTests SubmoduleManagerTests.swift
[289/296] Compiling JidokaCodeCoreTests VerificationCommandRunnerTests.swift
[290/296] Compiling JidokaCodeCoreTests WorkflowProbeContractTests.swift
[291/296] Compiling JidokaCodeCoreTests WorkspaceApprovedCommandExecutorTests.swift
[292/296] Compiling JidokaCodeCoreTests WorkspaceImporterTests.swift
[293/296] Compiling JidokaCodeCoreTests XCTestSmokeTests.swift
[294/296] Compiling JidokaCodeCoreTests resource_bundle_accessor.swift
[295/298] Emitting module JidokaCodePackageTests
[296/298] Compiling JidokaCodePackageTests runner.swift
[296/298] Write Objects.LinkFileList
[297/298] Linking JidokaCodePackageTests
Build complete! (83.15s)
Test Suite 'Selected tests' started at 2026-09-05 10:33:01.662.
Test Suite 'JidokaCodePackageTests.xctest' started at 2026-09-05 10:33:01.664.
Test Suite 'JidokaCodePackageTests.xctest' passed at 2026-09-05 10:33:01.664.
	 Executed 0 tests, with 0 failures (0 unexpected) in 0.000 (0.000) seconds
Test Suite 'Selected tests' passed at 2026-09-05 10:33:01.664.
	 Executed 0 tests, with 0 failures (0 unexpected) in 0.000 (0.002) seconds
◇ Test run started.
↳ Testing Library Version: 1902
↳ Target Platform: arm64e-apple-macos14.0
◇ Suite "Rollout remote preview revalidation" started.
◇ Suite "Repository lease rollout authority" started.
◇ Test "the builder refuses a finite window at the exact-only stages" started.
◇ Test "a transport failure during revalidation is drift, never a pass" started.
◇ Test "a finite window binds its observed object-number upper bound" started.
◇ Test "exact triage preview rejects issue-label and repository-label drift" started.
◇ Test "finite preview binds the complete deterministic candidate set" started.
◇ Test "an open lane rejects an unbound generation-0 lease on its own repository" started.
◇ Test "a missing lease still reports a typed error rather than a raw SQLite abort" started.
◇ Test "transferring a live lease to the bound job stays gated during drain or recovery" started.
◇ Test "the builder refuses a missing job binding, so no preview carries one" started.
◇ Test "a lease the open lane does not bind stops being a continuation" started.
◇ Test "the builder refuses a non-positive object number, so discovery never sees one" started.
◇ Test "exact PR preview rejects every independently drifted remote binding" started.
◇ Test "the builder refuses a step the workflow-label switch does not cover" started.
◇ Test "every closed authorization state releases the gate for ordinary jobs" started.
◇ Test "reactivating a released lease is admission and stays gated while a lane is open" started.
◇ Test "the insert and update gates share the active-row condition and an identical tail" started.
◇ Test "repository-label inventory drift is rejected in every shape" started.
◇ Test "an empty authorization table leaves ordinary generation-0 leases admissible" started.
◇ Test "a generation-1 job stays gated after its own lane has closed" started.
◇ Test "a review-stage preview cannot be built with missing labels at all" started.
◇ Test "an open lane on one repository never gates another repository" started.
◇ Test "exact execution preview binds the approved waiting-human checkpoint" started.
◇ Test "issue identity and default-branch reference drift are rejected" started.
◇ Test "a generation-1 job stays gated even where no lane was ever opened" started.
◇ Test "a live lease's identity changes are checked as admission" started.
◇ Test "pause and drain stop admission but never a held lease's heartbeat" started.
◇ Test "a preview whose canonical bytes no longer round-trip is rejected" started.
◇ Test "a paused or draining lane still refuses fresh admission" started.
◇ Test "exact triage preview binds issue, labels, and default-branch base" started.
◇ Test "the upsert lease shape is gated exactly like the plain statements" started.
✔ Test "the insert and update gates share the active-row condition and an identical tail" passed after 0.188 seconds.
✔ Test "a transport failure during revalidation is drift, never a pass" passed after 0.189 seconds.
✔ Test "the builder refuses a missing job binding, so no preview carries one" passed after 0.189 seconds.
✔ Test "a lease the open lane does not bind stops being a continuation" passed after 0.189 seconds.
✔ Test "an open lane rejects an unbound generation-0 lease on its own repository" passed after 0.189 seconds.
✔ Test "finite preview binds the complete deterministic candidate set" passed after 0.189 seconds.
✔ Test "the builder refuses a non-positive object number, so discovery never sees one" passed after 0.189 seconds.
✔ Test "a missing lease still reports a typed error rather than a raw SQLite abort" passed after 0.189 seconds.
✔ Test "an empty authorization table leaves ordinary generation-0 leases admissible" passed after 0.189 seconds.
✔ Test "a finite window binds its observed object-number upper bound" passed after 0.189 seconds.
✔ Test "reactivating a released lease is admission and stays gated while a lane is open" passed after 0.220 seconds.
✔ Test "the builder refuses a step the workflow-label switch does not cover" passed after 0.221 seconds.
✔ Test "a review-stage preview cannot be built with missing labels at all" passed after 0.236 seconds.
✔ Test "an open lane on one repository never gates another repository" passed after 0.245 seconds.
✔ Test "exact execution preview binds the approved waiting-human checkpoint" passed after 0.258 seconds.
✔ Test "the builder refuses a finite window at the exact-only stages" passed after 0.280 seconds.
✔ Test "a preview whose canonical bytes no longer round-trip is rejected" passed after 0.306 seconds.
✔ Test "exact triage preview binds issue, labels, and default-branch base" passed after 0.306 seconds.
✔ Test "a generation-1 job stays gated even where no lane was ever opened" passed after 0.308 seconds.
✔ Test "pause and drain stop admission but never a held lease's heartbeat" passed after 0.318 seconds.
✔ Test "transferring a live lease to the bound job stays gated during drain or recovery" passed after 0.318 seconds.
✔ Test "the upsert lease shape is gated exactly like the plain statements" passed after 0.322 seconds.
✔ Test "repository-label inventory drift is rejected in every shape" passed after 0.326 seconds.
✔ Test "exact triage preview rejects issue-label and repository-label drift" passed after 0.329 seconds.
✔ Test "issue identity and default-branch reference drift are rejected" passed after 0.380 seconds.
✔ Test "every closed authorization state releases the gate for ordinary jobs" passed after 0.397 seconds.
✔ Test "a paused or draining lane still refuses fresh admission" passed after 0.413 seconds.
✔ Test "a generation-1 job stays gated after its own lane has closed" passed after 0.415 seconds.
✔ Test "a live lease's identity changes are checked as admission" passed after 0.415 seconds.
✔ Suite "Repository lease rollout authority" passed after 0.416 seconds.
✔ Test "exact PR preview rejects every independently drifted remote binding" passed after 0.769 seconds.
✔ Suite "Rollout remote preview revalidation" passed after 0.770 seconds.
✔ Test run with 30 tests in 2 suites passed after 0.770 seconds.

Exit status: 0
UTC end: 2026-09-05T08:33:02Z
