^Dtest "$(PATH=/nonexistent /bin/bash ./scripts/qualified-runtime-node.sh)" = "/private/tmp/jidoka-code-progressive-production-automation/build/runtime-input/qualified-runtime/node/bin/node"
[0/1] Planning build
Building for production...
[0/2] Write swift-version--58304C5D6DBC2206.txt
Build of product 'JidokaCodeApp' complete! (0.21s)
Building for production...
[0/2] Write swift-version--58304C5D6DBC2206.txt
Build of product 'JidokaCodeBoundedCommand' complete! (0.10s)
./scripts/verify-toolchain.sh
toolchain=ok xcode=26.6 build=17F113 sdk=26.5 swift=6.3.3 swift-format=6.3.0
shellcheck scripts/verify-toolchain.sh scripts/qualified-runtime-node.sh scripts/tests/fixtures/pi-rpc-process.sh scripts/package-app.sh scripts/package-installer.sh scripts/production-readiness-preflight.sh scripts/progressive-production-rollout-preflight.sh scripts/build-location-probe-packages.sh scripts/audit-location-probe-packages.sh scripts/tests/test-production-readiness-preflight.sh scripts/tests/test-progressive-production-rollout-preflight.sh scripts/tests/test-progressive-production-automation.sh scripts/tests/test-location-probe-packaging.sh scripts/spikes/test-s1-package.sh scripts/spikes/test-s2-lifecycle.sh scripts/spikes/test-s3-keychain.sh scripts/spikes/test-s4-pi.sh scripts/spikes/test-s5-s7-local.sh scripts/spikes/test-s8-workflows.sh scripts/spikes/test-s9-topology.sh scripts/spikes/test-s10-ui.sh scripts/spikes/test-s11-herdr.sh scripts/spikes/test-s12-pi-tui.sh
./scripts/tests/test-production-readiness-preflight.sh
/private/var/folders/ch/j0_jqg3x7v9c_lxrqdd1p97m0000gn/T/jidoka-preflight-test.e5fCM4/fixture/parents/Library/Application Support/JidokaProbe/Applications/Probe.app/Contents/Helpers/ProbeEngine: replacing existing signature
/private/var/folders/ch/j0_jqg3x7v9c_lxrqdd1p97m0000gn/T/jidoka-preflight-test.e5fCM4/fixture/parents/Library/Application Support/JidokaProbe/Applications/Probe.app/Contents/MacOS/Probe Main: replacing existing signature
/private/var/folders/ch/j0_jqg3x7v9c_lxrqdd1p97m0000gn/T/jidoka-preflight-test.e5fCM4/fixture/parents/Library/Application Support/JidokaProbe/Applications/Probe.app: replacing existing signature
/private/var/folders/ch/j0_jqg3x7v9c_lxrqdd1p97m0000gn/T/jidoka-preflight-test.e5fCM4/fixture/parents/Library/Application Support/JidokaProbe/Applications/Probe.app/Contents/Helpers/ProbeEngine: replacing existing signature
/private/var/folders/ch/j0_jqg3x7v9c_lxrqdd1p97m0000gn/T/jidoka-preflight-test.e5fCM4/fixture/parents/Library/Application Support/JidokaProbe/Applications/Probe.app: replacing existing signature
test-production-readiness-preflight passed
/private/tmp/jidoka-code-progressive-production-automation/build/runtime-input/qualified-runtime/node/bin/node --check scripts/generate-progressive-production-release.mjs
/private/tmp/jidoka-code-progressive-production-automation/build/runtime-input/qualified-runtime/node/bin/node --check scripts/tests/validate-progressive-rollout-expected.mjs
./scripts/tests/test-progressive-production-rollout-preflight.sh
progressive-production-rollout-preflight tests: PASS credentialReads=0 providerCalls=0 githubMutations=0 gitRemoteReads=0
./scripts/tests/test-location-probe-packaging.sh
test-location-probe-packaging passed
/usr/bin/perl -c scripts/run-bounded-command.pl
scripts/run-bounded-command.pl syntax OK
/usr/bin/plutil -lint Packaging/app-component.plist
Packaging/app-component.plist: OK
/usr/bin/plutil -convert xml1 -o /dev/null Resources/Herdr/runtime-builds.json
test "$(/usr/bin/plutil -extract protocol raw Resources/Herdr/api-schema-0.8.2.json)" = "20"
test "$(/usr/bin/shasum -a 256 Resources/Herdr/api-schema-0.8.2.json | /usr/bin/awk '{print $1}')" = "c48f1f54ee0150ca27e11fd44455fe94aeadb20fdf4e4a62393ed822a4e5b150"
/private/tmp/jidoka-code-progressive-production-automation/build/runtime-input/qualified-runtime/node/bin/node --check scripts/tests/test-herdr-schema-compatibility.mjs
/private/tmp/jidoka-code-progressive-production-automation/build/runtime-input/qualified-runtime/node/bin/node scripts/tests/test-herdr-schema-compatibility.mjs
Herdr 0.8.2 used-contract compatibility tests: PASS
/private/tmp/jidoka-code-progressive-production-automation/build/runtime-input/qualified-runtime/node/bin/node --check scripts/spikes/herdr-s11-fixture.mjs
/private/tmp/jidoka-code-progressive-production-automation/build/runtime-input/qualified-runtime/node/bin/node --check scripts/spikes/herdr-s12-fixture.mjs
/private/tmp/jidoka-code-progressive-production-automation/build/runtime-input/qualified-runtime/node/bin/node --check scripts/spikes/pi-tui-fixture-provider.ts
/private/tmp/jidoka-code-progressive-production-automation/build/runtime-input/qualified-runtime/node/bin/node --check scripts/spikes/jidoka-local-spikes.mjs
/private/tmp/jidoka-code-progressive-production-automation/build/runtime-input/qualified-runtime/node/bin/node --check scripts/tests/test-local-spike-runtime-attestation.mjs
/private/tmp/jidoka-code-progressive-production-automation/build/runtime-input/qualified-runtime/node/bin/node scripts/tests/test-local-spike-runtime-attestation.mjs
Local spike runtime attestation tests: PASS
/private/tmp/jidoka-code-progressive-production-automation/build/runtime-input/qualified-runtime/node/bin/node --check scripts/spikes/pi-keychain-denial-probe.mjs
/private/tmp/jidoka-code-progressive-production-automation/build/runtime-input/qualified-runtime/node/bin/node --check scripts/spikes/pi-provider-gate-probe.mjs
/private/tmp/jidoka-code-progressive-production-automation/build/runtime-input/qualified-runtime/node/bin/node --check scripts/spikes/pi-runtime-attestation.mjs
/private/tmp/jidoka-code-progressive-production-automation/build/runtime-input/qualified-runtime/node/bin/node --check scripts/tests/test-pi-runtime-attestation.mjs
/private/tmp/jidoka-code-progressive-production-automation/build/runtime-input/qualified-runtime/node/bin/node scripts/tests/test-pi-runtime-attestation.mjs
Pi runtime attestation tests: PASS
/private/tmp/jidoka-code-progressive-production-automation/build/runtime-input/qualified-runtime/node/bin/node --check scripts/tests/test-jidoka-extension-contract.mjs
/private/tmp/jidoka-code-progressive-production-automation/build/runtime-input/qualified-runtime/node/bin/node scripts/tests/test-jidoka-extension-contract.mjs
Jidoka extension contract tests: PASS
/private/tmp/jidoka-code-progressive-production-automation/build/runtime-input/qualified-runtime/node/bin/node --check scripts/tests/test-jidoka-extension-rpc.mjs
/private/tmp/jidoka-code-progressive-production-automation/build/runtime-input/qualified-runtime/node/bin/node scripts/tests/test-jidoka-extension-rpc.mjs
Jidoka extension RPC preflight: PASS, providerCalls=0
/private/tmp/jidoka-code-progressive-production-automation/build/runtime-input/qualified-runtime/node/bin/node --check scripts/tests/test-jidoka-tui-contract.mjs
/private/tmp/jidoka-code-progressive-production-automation/build/runtime-input/qualified-runtime/node/bin/node scripts/tests/test-jidoka-tui-contract.mjs
✔ strict private configuration pins prompt and runtime identity (2.584917ms)
✔ terminal result is create-only, canonical, and idempotent (13.3015ms)
✔ complete prepared result recovers, partial staging is ignored, and partial prepared fails closed (27.274709ms)
✔ boundaryless resume requires an existing exact same-run session proof (25.465083ms)
✔ resume requires a causally paired successful terminal tool result (0.624334ms)
✔ cross-run resume requires an exact settled terminal boundary (0.54475ms)
✔ planning and orchestration writer rounds resume after the exact prior boundary (0.985083ms)
✔ runtime failure is create-only and bound to the logical run (11.942209ms)
✔ acknowledgement binds run identity and result digest (55.610375ms)
✔ symlinked configuration is rejected (0.587042ms)
ℹ tests 10
ℹ suites 0
ℹ pass 10
ℹ fail 0
ℹ cancelled 0
ℹ skipped 0
ℹ todo 0
ℹ duration_ms 141.57725
/private/tmp/jidoka-code-progressive-production-automation/build/runtime-input/qualified-runtime/node/bin/node --check scripts/spikes/pi-rpc-profile-probe.mjs
/private/tmp/jidoka-code-progressive-production-automation/build/runtime-input/qualified-runtime/node/bin/node --check scripts/spikes/pi-rpc-workflow-probe.mjs
/private/tmp/jidoka-code-progressive-production-automation/build/runtime-input/qualified-runtime/node/bin/node --check Resources/Pi/extensions/jidoka-code.ts
/private/tmp/jidoka-code-progressive-production-automation/build/runtime-input/qualified-runtime/node/bin/node --check Resources/Pi/extensions/jidoka-deny-user-bash.js
/private/tmp/jidoka-code-progressive-production-automation/build/runtime-input/qualified-runtime/node/bin/node --check Resources/Pi/extensions/jidoka-runtime.ts
/private/tmp/jidoka-code-progressive-production-automation/build/runtime-input/qualified-runtime/node/bin/node --check Resources/Pi/extensions/jidoka-tui-runtime.ts
/private/tmp/jidoka-code-progressive-production-automation/build/runtime-input/qualified-runtime/node/bin/node --check Resources/Pi/runtime/jidoka-extension-contract.mjs
/private/tmp/jidoka-code-progressive-production-automation/build/runtime-input/qualified-runtime/node/bin/node --check Resources/Pi/runtime/jidoka-model-catalog.mjs
/private/tmp/jidoka-code-progressive-production-automation/build/runtime-input/qualified-runtime/node/bin/node --check Resources/Pi/runtime/jidoka-tui-contract.mjs
xcrun swift-format lint --recursive --strict Sources Tests
xcrun swift build --configuration debug
[0/1] Planning build
Building for debugging...
[0/21] Write swift-version--58304C5D6DBC2206.txt
Build complete! (0.22s)
xcrun swift build --configuration release
[0/1] Planning build
Building for production...
[0/12] Write sources
[1/12] Write swift-version--58304C5D6DBC2206.txt
[3/13] Compiling JidokaCodeCore EngineProtocol.swift
/private/tmp/jidoka-code-progressive-production-automation/Sources/JidokaCodeCore/Keychain/GitHubTokenStore.swift:319:32: warning: 'SecKeychainItemGetTypeID()' was deprecated in macOS 10.10: SecKeychain is deprecated [#DeprecatedDeclaration]
317 |     case errSecSuccess:
318 |       guard let result,
319 |         CFGetTypeID(result) == SecKeychainItemGetTypeID()
    |                                `- warning: 'SecKeychainItemGetTypeID()' was deprecated in macOS 10.10: SecKeychain is deprecated [#DeprecatedDeclaration]
320 |       else {
321 |         throw GitHubTokenStoreError.inconsistentMutation

/private/tmp/jidoka-code-progressive-production-automation/Sources/JidokaCodeCore/Keychain/GitHubTokenStore.swift:333:11: warning: 'SecKeychainItemCopyAccess' was deprecated in macOS 10.10: SecKeychain is deprecated [#DeprecatedDeclaration]
331 |   private func access(for item: SecKeychainItem) throws -> SecAccess {
332 |     var access: SecAccess?
333 |     guard SecKeychainItemCopyAccess(item, &access) == errSecSuccess,
    |           `- warning: 'SecKeychainItemCopyAccess' was deprecated in macOS 10.10: SecKeychain is deprecated [#DeprecatedDeclaration]
334 |       let access
335 |     else {

/private/tmp/jidoka-code-progressive-production-automation/Sources/JidokaCodeCore/Keychain/GitHubTokenStore.swift:625:9: warning: 'SecTrustedApplicationCreateFromPath' was deprecated in macOS 10.10: SecKeychain is deprecated [#DeprecatedDeclaration]
623 |       var application: SecTrustedApplication?
624 |       let status = path.withCString {
625 |         SecTrustedApplicationCreateFromPath($0, &application)
    |         `- warning: 'SecTrustedApplicationCreateFromPath' was deprecated in macOS 10.10: SecKeychain is deprecated [#DeprecatedDeclaration]
626 |       }
627 |       guard status == errSecSuccess, let application else {

/private/tmp/jidoka-code-progressive-production-automation/Sources/JidokaCodeCore/Keychain/GitHubTokenStore.swift:633:18: warning: 'SecAccessCreate' was deprecated in macOS 10.10: SecKeychain is deprecated [#DeprecatedDeclaration]
631 |     }
632 |     var access: SecAccess?
633 |     let status = SecAccessCreate(
    |                  `- warning: 'SecAccessCreate' was deprecated in macOS 10.10: SecKeychain is deprecated [#DeprecatedDeclaration]
634 |       descriptor as CFString,
635 |       trustedApplications as CFArray,

/private/tmp/jidoka-code-progressive-production-automation/Sources/JidokaCodeCore/Keychain/GitHubTokenStore.swift:706:7: warning: 'SecAccessCopyOwnerAndACL' was deprecated in macOS 10.10: SecKeychain is deprecated [#DeprecatedDeclaration]
704 |     var ownerType = SecAccessOwnerType()
705 |     guard
706 |       SecAccessCopyOwnerAndACL(
    |       `- warning: 'SecAccessCopyOwnerAndACL' was deprecated in macOS 10.10: SecKeychain is deprecated [#DeprecatedDeclaration]
707 |         access,
708 |         &userID,

/private/tmp/jidoka-code-progressive-production-automation/Sources/JidokaCodeCore/Keychain/GitHubTokenStore.swift:717:11: warning: 'SecAccessCopyACLList' was deprecated in macOS 10.10: SecKeychain is deprecated [#DeprecatedDeclaration]
715 |     }
716 |     var list: CFArray?
717 |     guard SecAccessCopyACLList(access, &list) == errSecSuccess,
    |           `- warning: 'SecAccessCopyACLList' was deprecated in macOS 10.10: SecKeychain is deprecated [#DeprecatedDeclaration]
718 |       let entries = list as? [SecACL],
719 |       (1...32).contains(entries.count)

/private/tmp/jidoka-code-progressive-production-automation/Sources/JidokaCodeCore/Keychain/GitHubTokenStore.swift:727:30: warning: 'SecACLCopyAuthorizations' was deprecated in macOS 10.10: SecKeychain is deprecated [#DeprecatedDeclaration]
725 |     for entry in entries {
726 |       guard
727 |         let authorizations = SecACLCopyAuthorizations(entry) as? [String],
    |                              `- warning: 'SecACLCopyAuthorizations' was deprecated in macOS 10.10: SecKeychain is deprecated [#DeprecatedDeclaration]
728 |         (1...32).contains(authorizations.count)
729 |       else {

/private/tmp/jidoka-code-progressive-production-automation/Sources/JidokaCodeCore/Keychain/GitHubTokenStore.swift:736:9: warning: 'SecACLCopyContents' was deprecated in macOS 10.10: SecKeychain is deprecated [#DeprecatedDeclaration]
734 |       var prompt = SecKeychainPromptSelector()
735 |       guard
736 |         SecACLCopyContents(
    |         `- warning: 'SecACLCopyContents' was deprecated in macOS 10.10: SecKeychain is deprecated [#DeprecatedDeclaration]
737 |           entry,
738 |           &applicationList,

/private/tmp/jidoka-code-progressive-production-automation/Sources/JidokaCodeCore/Keychain/GitHubTokenStore.swift:754:17: warning: 'SecTrustedApplicationCopyData' was deprecated in macOS 10.10: SecKeychain is deprecated [#DeprecatedDeclaration]
752 |         for application in applications {
753 |           var value: CFData?
754 |           guard SecTrustedApplicationCopyData(application, &value) == errSecSuccess,
    |                 `- warning: 'SecTrustedApplicationCopyData' was deprecated in macOS 10.10: SecKeychain is deprecated [#DeprecatedDeclaration]
755 |             let value,
756 |             (value as Data).count <= 16_384

[#DeprecatedDeclaration]: <https://docs.swift.org/compiler/documentation/diagnostics/deprecated-declaration>
[4/28] Compiling JidokaCodeAskPass main.swift
[4/29] Write Objects.LinkFileList
[6/29] Compiling JidokaCodeHerdrHost main.swift
[6/29] Write Objects.LinkFileList
[8/29] Compiling JidokaCodePushGuard main.swift
[8/29] Write Objects.LinkFileList
[10/29] Compiling JidokaCodeLocationProbeEngine main.swift
[10/29] Write Objects.LinkFileList
[12/29] Compiling JidokaCodeBoundedCommand main.swift
[12/30] Write Objects.LinkFileList
[14/30] Compiling JidokaCodeLocationProbeApp main.swift
[14/30] Write Objects.LinkFileList
[16/30] Compiling JidokaCodeHerdrFixture main.swift
[16/30] Write Objects.LinkFileList
[18/30] Compiling JidokaCodeEngineProbe JidokaCodeEngineMain.swift
[18/30] Write Objects.LinkFileList
[19/30] Linking JidokaCodeHerdrHost
[19/30] Linking JidokaCodePushGuard
[19/30] Linking JidokaCodeLocationProbeEngine
[22/30] Linking JidokaCodeAskPass
[23/30] Linking JidokaCodeBoundedCommand
[24/30] Linking JidokaCodeLocationProbeApp
[25/30] Linking JidokaCodeHerdrFixture
[26/30] Linking JidokaCodeEngineProbe
[28/30] Compiling JidokaCodeAppSupport AppViewModel.swift
[29/33] Compiling JidokaCodeUIFixture JidokaCodeUIFixtureMain.swift
[29/33] Write Objects.LinkFileList
[31/33] Compiling JidokaCodeApp ApplicationComposition.swift
[31/34] Write Objects.LinkFileList
[32/34] Linking JidokaCodeUIFixture
[33/34] Linking JidokaCodeApp
Build complete! (77.03s)
xcrun swift test
[0/1] Planning build
Building for debugging...
[0/22] Write swift-version--58304C5D6DBC2206.txt
Build complete! (0.21s)
Test Suite 'All tests' started at 2026-09-04 11:40:28.942.
Test Suite 'JidokaCodePackageTests.xctest' started at 2026-09-04 11:40:28.943.
Test Suite 'XCTestSmokeTests' started at 2026-09-04 11:40:28.943.
Test Case '-[JidokaCodeCoreTests.XCTestSmokeTests testExpectedProductionIdentitiesAreStable]' started.
Test Case '-[JidokaCodeCoreTests.XCTestSmokeTests testExpectedProductionIdentitiesAreStable]' passed (0.001 seconds).
Test Suite 'XCTestSmokeTests' passed at 2026-09-04 11:40:28.944.
	 Executed 1 test, with 0 failures (0 unexpected) in 0.001 (0.001) seconds
Test Suite 'JidokaCodePackageTests.xctest' passed at 2026-09-04 11:40:28.944.
	 Executed 1 test, with 0 failures (0 unexpected) in 0.001 (0.001) seconds
Test Suite 'All tests' passed at 2026-09-04 11:40:28.944.
	 Executed 1 test, with 0 failures (0 unexpected) in 0.001 (0.002) seconds
◇ Test run started.
↳ Testing Library Version: 1902
↳ Target Platform: arm64e-apple-macos14.0
◇ Suite "Production Pi model catalog integration" started.
◇ Suite "Keychain isolation contract" started.
◇ Suite "Application helper handoff" started.
◇ Suite "Deterministic authoritative complexity classifier" started.
◇ Suite "Bounded full-duplex Pi RPC process runner" started.
◇ Suite "Pi model catalog" started.
◇ Suite "SQLite durable store" started.
◇ Suite "Exact Pi TUI invocation and structured settlement channel" started.
◇ Suite "GitHub discovery with durable terminal evidence" started.
◇ Suite "GitHub HTTP classification and broker" started.
◇ Suite "Strict Pi RPC JSONL and terminal result contract" started.
◇ Suite "Atomic create-only Git publication" started.
◇ Suite "Engine XPC peer validation" started.
◇ Suite "Repository store interruption recovery" started.
◇ Suite "Workflow probe closed command contract" started.
◇ Suite "Production implementation orchestration rails" started.
◇ Suite "Job-scoped approved command execution" started.
◇ Suite "Contained artifact store" started.
◇ Suite "Production Herdr composition contract" started.
◇ Suite "Application engine service" started.
◇ Suite "Rollout Git preview reads" started.
◇ Suite "Issue and base revision" started.
◇ Suite "Closed GitHub REST request inventory" started.
◇ Suite "Fake-first application flow" started.
◇ Suite "Broker-localized Git submodules" started.
◇ Suite "Validated workspace import into app mirror" started.
◇ Suite "Durable scheduler" started.
◇ Suite "Production engine external services" started.
◇ Suite "App-versioned Pi workflow resources and runtime configuration" started.
◇ Suite "Herdr prepared topology and exact recovery" started.
◇ Suite "Durable pull request create publication" started.
◇ Suite "Packaged executable private snapshot" started.
◇ Suite "Versioned application engine protocol" started.
◇ Suite "Lifecycle probe contract" started.
◇ Suite "Production Pi RPC workflow adapter" started.
◇ Suite "Deterministic fake-provider replay for all Pi workflows" started.
◇ Suite "Progressive rollout authority" started.
◇ Suite "Crash-safe approved command executor" started.
◇ Suite "Issue triage job from snapshot to durable verdict" started.
◇ Suite "Persistent configuration" started.
◇ Suite "Digest-attested Pi and Node runtime resolver" started.
◇ Suite "Atomic Git push old-zero guard" started.
◇ Suite "Packaged Pi resource tree snapshot" started.
◇ Suite "Herdr exact host and custom lifecycle relay" started.
◇ Suite "Redacted engine log" started.
◇ Suite "GitHub token Keychain boundary" started.
◇ Suite "Pull request review job from exact commits to durable marker" started.
◇ Suite "Pi workflow routers preserve role, session, command, and safety boundaries" started.
◇ Suite "Frozen argv-only verification command runner" started.
◇ Suite "Operation-specific GitHub read-back observations" started.
◇ Suite "Rollout remote preview revalidation" started.
◇ Suite "Durable Pi and Herdr ownership store" started.
◇ Suite "App-managed repository mirrors and workspaces" started.
◇ Suite "Scoped Pi provider credential snapshots" started.
◇ Suite "Application-only Pi job workflow preparation" started.
◇ Suite "Durable jobs, dispositions, leases, and recovery" started.
◇ Suite "Issue implementation job from exact claim to post-open review" started.
◇ Suite "Independent fetched pull request commit derivation" started.
◇ Suite "Byte-exact GitHub markers" started.
◇ Suite "Attested external Herdr readiness" started.
◇ Suite "Durable exact workflow-label mutations" started.
◇ Suite "Rollout release identity attestor" started.
◇ Suite "End-to-end scheduler job coordinator" started.
◇ Suite "Packaged resource private snapshot" started.
◇ Suite "Workflow label bootstrap" started.
◇ Suite "Bounded credentialless process execution" started.
◇ Suite "Job-scoped GitHub mutation read-back" started.
◇ Suite "Production Herdr Pi workflow runtime" started.
◇ Test "app support target loads" started.
◇ Suite "Durable frozen command plan snapshots" started.
◇ Suite "Pi probe closed command contract" started.
◇ Suite "Job runtime and recovery state machines" started.
◇ Suite "Single UI instance lock" started.
◇ Suite "One-shot Git askpass capability" started.
◇ Suite "Durable approved command authority" started.
◇ Suite "Persistent exact Herdr role host" started.
◇ Suite "Herdr protocol and explicit socket boundary" started.
◇ Suite "Prepared-before-send GitHub mutation executor" started.
◇ Suite "Packaged preflight" started.
◇ Suite "Durable multipart GitHub marker publication" started.
◇ Suite "Location probe protocol" started.
◇ Suite "Local spike closed command contract" started.
◇ Suite "Durable mutation reconciliation" started.
◇ Suite "Pi model catalog discovery boundary" started.
◇ Test "closed commands parse" started.
◇ Test "two through four bounded workstreams are moderate" started.
◇ Test "canary CLI accepts only exact bounded commands" started.
◇ Test "every hard risk is human-owned and approval cannot bypass it" started.
◇ Test "an interactive command waits for the active automatic snapshot" started.
◇ Test "missing, duplicate, and invalid reporter inputs fail closed" started.
◇ Test "a writer cannot downgrade reviewer facts or synthesis severity" started.
◇ Test "canary CLI keeps the pane-inspection preview on the bounded long timeout" started.
◇ Test "probe identifiers are fixed" started.
◇ Test "digest is lowercase SHA-256" started.
◇ Test "two mutating commands remain fail-closed" started.
◇ Test "five workstreams and every design trigger are complex" started.
◇ Test "credential deletion rechecks background access before the next helper request" started.
◇ Test "topology changes require an explicit durable checkpoint receipt" started.
◇ Test "a failed notification checkpoint resolves a concurrent AppKit quit" started.
◇ Test "Security status classification is total for known boundaries" started.
◇ Test "post-registration control-plane failure checkpoints before rollback" started.
◇ Test "unknown, missing evidence, or reporter disagreement is at least complex" started.
◇ Test "correlated fake provider transcript settles and every descendant is removed" started.
◇ Test "production activation notification identity is exact" started.
◇ Test "generation rollover CLI accepts only canonical two-phase authority" started.
◇ Test "invocation builder excludes generic discovery and secret-shaped environment keys" started.
◇ Test "an observed session escape stays identity-owned across exact leader outcome" started.
◇ Test "one fully evidenced localized workstream is simple" started.
◇ Test "a successful credential replacement avoids a second ACL prompt during handoff" started.
◇ Test "a notification checkpoint completes before synchronous termination" started.
◇ Test "requires approval remains on the bootstrap control plane without starting jobs" started.
◇ Test "maintenance CLI accepts only closed evidence-bound commands" started.
◇ Test "stderr and non-JSONL output fail with exact protocol outcomes" started.
◇ Test "production catalog construction is release-owned and has no private runtime fallback" started.
◇ Test "a settled child must still exit successfully when it exits on its own" started.
◇ Test "timeout sends one abort, requires acknowledgement, and still cleans descendants" started.
◇ Test "an unregistered agent missing from BTM uses bootstrap and can quit durably" started.
◇ Test "the production retry policy tolerates a slow helper and pins its exact bound" started.
◇ Test "timeout directly removes an observed session-escaping identity" started.
◇ Test "incomplete bootstrap never attempts registration" started.
◇ Test "registration failure reopens bootstrap and returns a redacted code" started.
◇ Test "every application termination path shares one durable checkpoint gate" started.
◇ Test "a child that closes stdin cannot terminate the engine with SIGPIPE" started.
◇ Test "explicit backup is consistent and closed stores fail closed" started.
◇ Test "failed migration rolls back schema and migration version" started.
◇ Test "irreversible upgrade creates a readable pre-migration backup" started.
◇ Test "session identity origin and boundary match the exact launch configuration" started.
◇ Test "every workflow role preserves the W5 model, resource, skill, tool, and command contract" started.
◇ Test "first onboarding checkpoints bootstrap before registration and helper handoff" started.
◇ Test "explicit WAL checkpoint is durable and closed stores reject it" started.
◇ Test "helper startup does not retry a typed non-availability failure" started.
◇ Test "a child that never reads stdin cannot escape the monotonic timeout" started.
◇ Test "PR discovery rejects drafts and terminal evidence but accepts a new head SHA" started.
◇ Test "production schema upgrades through architecture role-host replacement authority" started.
◇ Test "application XPC and CLI JSON preserve every typed replacement outcome" started.
◇ Test "ambiguous helper startup failure preserves registered recovery authority" started.
◇ Test "typed transaction commits once and rolls back on error" started.
◇ Test "TUI capability roots reject allow ACLs and accept deny-only ACLs" started.
◇ Test "resume pins the exact existing session without another prompt argument" started.
◇ Test "locked settings admit only exact Pi-owned persisted version and terminal theme shapes" started.
◇ Test "production schema 9 to 10 rolls back after every exact migration statement" started.
◇ Test "mismatched and divergent settlement files fail closed" started.
◇ Test "empty database migrates with required pragmas and permissions" started.
◇ Test "a cold agent missing from BTM can quit durably before any snapshot" started.
◇ Test "foreign keys and append-only triggers reject invalid writes" started.
◇ Test "mandatory agent, turn, user, and assistant lifecycle cannot be omitted or reordered" started.
◇ Test "production schema upgrades to rollout authority without manufacturing authority" started.
◇ Test "issue discovery excludes PR entries and every workflow label" started.
◇ Test "result acknowledgement and release bind the exact digest and run identity" started.
◇ Test "a nonterminal tool result closes its turn before the next assistant message" started.
◇ Test "correlated accepted prompt plus one settled result is the only success" started.
◇ Test "configuration pins private prompt, model, session, and directories" started.
◇ Test "empty, oversized, malformed, and unterminated records fail closed" started.
◇ Test "decoder rejects duplicates, unsupported levels, extra fields, and oversized output" started.
◇ Test "LF framing preserves Unicode separators and accepts one trailing CR" started.
◇ Test "decoder accepts canonical Pi output and sorts deterministically" started.
◇ Test "a mirror replaced by a symlink is rejected before Git follows it" started.
◇ Test "an enabled helper verifies the credential ACL once per UI process" started.
◇ Test "unknown responses, extension errors, retry, and events after settled are fatal" started.
◇ Test "planning and orchestration resumes bind the prior settled session boundary" started.
◇ Test "credential ACL migration failure never reaches the helper" started.
◇ Test "packaged and development helpers derive only the exact sibling app executable" started.
◇ Test "router command IDs execute only in the bound workspace" started.
◇ Test "UID, PID, and exact executable path all fail closed" started.
◇ Test "implementation discovery requires exact ready or approved label states" started.
◇ Test "arbitrary workflow commands fail closed" started.
◇ Test "state and command inventory require exact model and provenance" started.
◇ Test "invalid job and database failure leave no newly written file" started.
◇ Test "disabling login checkpoints the helper before unregistering" started.
◇ Test "all 13 actual production seams deny release drift before effect" started.
◇ Test "every post-send outcome reconciles without a blind second create" started.
◇ Test "plan commits first, hooks stay active, frozen checks pass, code commits second, and exact head imports" started.
◇ Test "TUI argv omits RPC mode and prompt while preserving exact resource order" started.
◇ Test "a ref created before advertisement cannot be fast-forwarded" started.
◇ Test "durable publisher records send epoch and recovers unknown sends read-only" started.
◇ Test "symlink and persisted traversal paths fail closed" started.
◇ Test "tool lifecycle rejects unauthorized, orphaned, and mismatched calls" started.
◇ Test "branch traversal, malformed SHA, and missing commit fail before a send" started.
◇ Test "packaged diagnostics stay inside one bounded process-group supervisor" started.
◇ Test "system Git publishes old-zero create, reads exact SHA, and never overwrites" started.
◇ Test "concurrent publication for one repository ref is rejected before a second create" started.
◇ Test "status and transport failures have operation-specific outcomes" started.
◇ Test "W0: onboarding completion remains paused without rollout authority" started.
◇ Test "workspace failures remove only owned pending or moved directories" started.
◇ Test "multiple or out-of-plan terminal command results fail closed" started.
◇ Test "arbitrary Keychain commands fail closed" started.
◇ Test "successful startup records its complete ordered tail" started.
◇ Test "catalog model identifiers with slashes remain exact Pi arguments" started.
◇ Test "retirement cleanup remains provider-independent without runtime components" started.
◇ Test "symbolic-link database and parent paths fail closed" started.
◇ Test "unknown startup failure cannot expand private data into the real log" started.
◇ Test "durable publisher denial leaves a prepared intent and performs no Git send" started.
◇ Test "preview fetches only the exact base and pull-request head under a finite permit" started.
◇ Test "replacement service checkpoints every typed terminal outcome with balanced exclusivity" started.
◇ Test "all production Pi workflows share Herdr and recovery precedes job recovery" started.
◇ Test "replacement service balances exclusivity when production runtime throws" started.
◇ Test "external Pi closure drift cannot satisfy the release-owned production contract" started.
◇ Test "secret-classified and oversized payloads are rejected before write" started.
◇ Test "packaging and source gates use the native microsecond-identity supervisor" started.
◇ Test "closing read admission after reservation prevents Git transport" started.
◇ Test "terminal evidence is causally ordered after prompt acceptance" started.
◇ Test "terminal replacement replay is denied before marker or launch admission" started.
◇ Test "quit waits for the runtime checkpoint and returns durable evidence" started.
◇ Test "race injection preserves the competing ref and never retries automatically" started.
◇ Test "installer publishes only the validated copied and expanded payload" started.
◇ Test "initial runtime reload emits only closed diagnostic phases" started.
◇ Test "production replacement boundary returns every typed outcome and closes authority" started.
◇ Test "model catalog refresh is explicit, informational, and fail-closed" started.
◇ Test "database failures are attributed before and after runtime reload" started.
◇ Test "consent withdrawal and profile changes durably close dispatch" started.
◇ Test "readiness regained on wake rebuilds runtime before requesting a pass" started.
◇ Test "human edits, comments, domain labels, and linked digests make plans stale" started.
◇ Test "an unavailable real log sink cannot change startup authority" started.
◇ Test "wake and network regain forward only lifecycle scheduler reasons" started.
◇ Test "generation rollover service keeps phases paused exclusive and checkpointed" started.
◇ Test "supplemental source routing names all finite production boundaries" started.
◇ Test "ambiguous retry requires byte-exact current evidence" started.
◇ Test "onboarding persists exact prerequisites and never persists token bytes" started.
◇ Test "TUI environment adds only its private configuration capability" started.
◇ Test "production endpoint and attestation resources cannot come from process input" started.
◇ Test "every allowed operation has an exact method, host, and operation id" started.
◇ Test "query and body allowlists are exact" started.
◇ Test "repository parser accepts GitHub URL and owner/repository only" started.
◇ Test "all 13 actual production seams preserve one real release identity" started.
◇ Test "duplicate immutable IDs and malformed timestamps fail closed" started.
◇ Test "workflow labels and attributed markers are revision-stable" started.
◇ Test "mutated artifact fails digest verification" started.
◇ Test "typed startup failure preserves its phase and non-fallback error code" started.
◇ Test "pause drops pending triggers and resume schedules one immediate pass" started.
◇ Test "exclusive-write collision preserves the unowned existing file" started.
◇ Test "write and read persist typed digest evidence with strict permissions" started.
◇ Test "production schema 8 to 9 rolls back after every exact migration statement" started.
◇ Test "decision digest binds classification, facts, reporters, reasons, and evidence" started.
◇ Test "onboarding requires every gate and clears secret input" started.
◇ Test "menu stop and drain suppresses poll but durable quit still checkpoints" started.
◇ Test "Unicode is not normalized and numeric comment order is deterministic" started.
◇ Test "untrusted path, query, and payload values fail closed" started.
◇ Test "closed workflow commands parse" started.
◇ Test "job maintenance requires pause exact evidence checkpoint and cleanup" started.
◇ Test "durable quit waits for an in-flight refresh" started.
◇ Test "inventory is strict and rejects network shapes outside canonical GitHub HTTPS" started.
◇ Test "injected virtual clock drives startup, periodic, wake, and network triggers" started.
◇ Test "base revision binds validated branch and exact SHA" started.
◇ Test "rollout admission selects active, readback-only, denied, and error paths" started.
◇ Test "settings lazily refreshes once and preserves Custom drafts across catalog changes" started.
◇ Test "packaging verifies staged input before copy and creates inventory privately" started.
◇ Test "a sleeping run loop wakes for an immediate trigger" started.
◇ Test "polling reports one deterministic blocker for every dispatch gate" started.
◇ Test "containment pause remains idempotent and generic resume is denied" started.
◇ Test "ordinary release compilation excludes diagnostic and ad hoc runtime authority" started.
◇ Test "periodic tick is exactly 600 seconds" started.
◇ Test "external lookup spy has a clean-machine throwing negative control" started.
◇ Test "canary service remains paused and binds preview execute and checkpoint" started.
◇ Test "startup coordinator persists recovery before scheduling discovery" started.
◇ Test "accessibility identifiers and user-facing errors are stable and secret-free" started.
◇ Test "a symbolic ancestor cannot redirect submodule materialization" started.
◇ Test "changed-file parser rejects malformed UTF-8" started.
◇ Test "rollout preview budgets account for the identity request and page" started.
◇ Test "ambiguous UI emits only late recheck or exact authorization" started.
◇ Test "read-only roles and unsafe paths cannot gain a write surface" started.
◇ Test "a failure before the Keychain write rolls the journal back to the old account" started.
◇ Test "repository backoff persists 60 through 1800 seconds and resets" started.
◇ Test "mutated, redirected, linked, or writable resources fail closed" started.
◇ Test "same-account recovery does not mistake the old token for a completed rotation" started.
◇ Test "lost response with no PR escalates and cannot recreate" started.
◇ Test "invalid credential error is actionable and redacted" started.
◇ Test "settings updates repositories, Pi catalog profiles, concurrency, login, and credential" started.
◇ Test "exact manifest attests every production extension, policy, and skill" started.
◇ Test "an exact final file from a pre-chmod crash resumes to executable mode" started.
◇ Test "a crash after durable prepare but before send is sent exactly once on retry" started.
◇ Test "pause gate waits for admitted mutations and rejects every later send" started.
◇ Test "descriptor-bound source becomes an exact private executable snapshot" started.
◇ Test "signature cleanup never unlinks a swapped destination inode" started.
◇ Test "workflow and role select only the primary skill plus one fixed role skill" started.
◇ Test "global retry generation does not require a nonexistent prior PR intent" started.
◇ Test "private destination must independently satisfy the signature policy" started.
◇ Test "retirement cleanup failure replays committed authority before checkpoint" started.
◇ Test "priority order is locked while starvation is observation-only" started.
◇ Test "prepared and staging crash artifacts recover to one exact snapshot" started.
◇ Test "immediate triggers are bounded and overlapping passes coalesce once" started.
◇ Test "authorized retry reads the old generation before creating a new PR" started.
◇ Test "nested inventories stop before any recursive network invocation" started.
◇ Test "generation rollover responses bind phase authority and checkpoints" started.
◇ Test "a source path swap during signature validation fails closed" started.
◇ Test "local mirror override materializes without contacting the declared URL" started.
◇ Test "startup completes old-account cleanup after the metadata commit boundary" started.
◇ Test "maintenance responses remain bound to exact scope count and evidence" started.
◇ Test "lost response after create attributes the exact PR and reentry never sends again" started.
◇ Test "an existing divergent digest path is never overwritten" started.
◇ Test "an exact PR that becomes visible after escalation is attributed by read-only late check" started.
◇ Test "the durable schema rejects a partial credential replacement journal" started.
◇ Test "request and response bind version, identity, and operation" started.
◇ Test "replacement terminal outcomes serialize only closed status and effect shapes" started.
◇ Test "old-token cleanup converges before an immediate retry and after reopen" started.
◇ Test "read-only roles reject write paths and session directives stay canonical" started.
◇ Test "runtime configuration derives tool policy and writes one private immutable file" started.
◇ Test "production XPC handler returns exact envelopes without reflecting credential bytes" started.
◇ Test "application preparation cannot select the wrong model profile" started.
◇ Test "executor constructs the canonical launch from application-only preparation" started.
◇ Test "signature rejection occurs before a private snapshot is created" started.
◇ Test "a Keychain success followed by an error is completed from the durable journal" started.
◇ Test "retry checks every older PR generation, not only the immediately preceding one" started.
◇ Test "service lifetime suspends without blocking the main executor" started.
◇ Test "Herdr readiness closes dispatch and focus remains an explicit command" started.
◇ Test "reconciliation is the first launch event" started.
◇ Test "finite activation requires a same-stage exact receipt" started.
◇ Test "canary responses require paused exact evidence and checkpoint authority" started.
◇ Test "an effect followed by lost evidence becomes unknown and never starts again" started.
◇ Test "credential deletion converges after Keychain mutation and process reopen" started.
◇ Test "golden delta-only transcripts decode all four strict result schemas" started.
◇ Test "closed lifecycle arguments parse" started.
◇ Test "unsupported versions and malformed request IDs fail closed" started.
◇ Test "an accepted local result settles its exact send-started reservation after restart" started.
◇ Test "startup recovery transforms only the bound rollout job before explicit continuation" started.
◇ Test "unsafe application directories fail before the process runner" started.
◇ Test "service generation arguments are exact" started.
◇ Test "arbitrary lifecycle arguments are rejected" started.
◇ Test "command provenance has no user or project resource" started.
◇ Test "revocation denies fresh effects but preserves exact uncertain-effect readback" started.
◇ Test "executor preserves a definitive pre-process authority denial" started.
◇ Test "missing mirror escalates before any Git subprocess" started.
◇ Test "exact execution evaluates only its bound waiting-human job" started.
◇ Test "a Git send permit is task-bound and consumed before transport" started.
◇ Test "round-trip bounds fail closed" started.
◇ Test "all commands survive a Codable round trip without changing kind" started.
◇ Test "closing admission after command reservation denies process creation" started.
◇ Test "a settled local provider result reconciles only its bound reservation" started.
◇ Test "planning authority cannot cross the durable simple-plan boundary" started.
◇ Test "effect reservations consume a finite cap and remain immutable" started.
◇ Test "an accepted result replays after store reopen without another process effect" started.
◇ Test "activation rejects every stale preview digest" started.
◇ Test "direct client completes 100 unique ordered round trips" started.
◇ Test "service lifetime handles cancellation before entering its wait" started.
◇ Test "fresh stores and workflow recover a completed triage step after SQLite reopen" started.
◇ Test "GitHub reads require the matching task-local scope and settle exactly once" started.
◇ Test "marker, exact verdict label, domain labels, disposition, and cleanup complete once" started.
◇ Test "topology gate blocks when every candidate fails" started.
◇ Test "an approved-command permit is task-bound and consumed before process creation" started.
◇ Test "an exact interrupted provider boundary requires explicit recovery" started.
◇ Test "packaged probe resolves resources when launchd supplies a basename argv zero" started.
◇ Test "database lease triggers reject an unbound quarantined generated review" started.
◇ Test "service status values are stable" started.
◇ Test "topology gate keeps each passing candidate" started.
◇ Test "replay executor consumes each exact workflow-role-round fixture once" started.
◇ Test "human input changed during triage discards stale output and reruns before mutation" started.
◇ Test "branch, ancestry, tree, changed files, hooks, and exact SHA gate import" started.
◇ Test "unstructured output, extension error, missing settled, and multiple result fail" started.
◇ Test "production helper allowlist covers every non-ServiceManagement command" started.
◇ Test "stale approval checkpoints into a separately authorized planning step" started.
◇ Test "generated review activation cannot invent an unlinked child job" started.
◇ Test "unknown schema fields and hard-risk flags cannot pass decoder strictness" started.
◇ Test "XPC request and response validate exact identity" started.
◇ Test "expiry closes and terminalizes the lane before any fresh effect" started.
◇ Test "wrong-identity and unordered responses are rejected" started.
◇ Test "W8 settings migrate from W6 and credential replacement metadata is durable" started.
◇ Test "execution activation cannot invent a job beyond the planning checkpoint" started.
◇ Test "a remote ref observed before advertisement is rejected" started.
◇ Test "configuration drift fails and pauses the active lane before another effect" started.
◇ Test "input invalidation crash recovers to triage without a false completed mutation" started.
◇ Test "provider admission binds artifact, narrative, resources, and model profile" started.
◇ Test "an exact transient failure closes the lane instead of retrying" started.
◇ Test "send permits are task-bound, single-use transport capabilities" started.
◇ Test "stop enters draining before durable pause and terminalizes only after drain" started.
◇ Test "activation rejects a canonical preview at its exact expiry boundary" started.
◇ Test "configuration schema and API reject credential-shaped values" started.
◇ Test "an exact intentional terminal result settles and pauses its stage" started.
◇ Test "max concurrency is bounded and drives durable lease admission" started.
◇ Test "authorized triage retry attributes a newly visible old marker before resend" started.
◇ Test "JCS golden vector excludes only a fully attributed app marker" started.
◇ Test "an exact absent remote ref is accepted before transfer" started.
◇ Test "a rollout job cannot settle an unreserved mutation effect" started.
◇ Test "first finite window admits only its closed future predicate and uses operational expiry" started.
◇ Test "Node rejects writable executables and hard-linked dynamic libraries" started.
◇ Test "canonical preview rejects unknown fields and changed bytes" started.
◇ Test "marker cap failure rolls back the complete reservation batch" started.
◇ Test "repository and branch validation fail closed" started.
◇ Test "release signature evidence is exact and fail closed" started.
◇ Test "schema 9 decodes the immutable schema 7 retry report fixture" started.
◇ Test "concurrent reservations cannot overrun the provider cap" started.
◇ Test "missing and symbolic guard executables fail before Git" started.
◇ Test "later attested Node builds resolve through the stable candidate" started.
◇ Test "Node rpath resolution rejects an earlier unpinned shadow library" started.
◇ Test "exclusive maximum and lower versions are rejected before digest acceptance" started.
◇ Test "startup recovery advances each durably completed triage step exactly once" started.
◇ Test "Pi package rejects writable roots and hard-linked imported files" started.
◇ Test "the same durable provider run reuses one permit without consuming another slot" started.
◇ Test "issue marker revision and label sends are bound to the live planning step" started.
◇ Test "direct request identity is validated" started.
◇ Test "late marker after a stale-input rerun uses the paired latest issue revision" started.
◇ Test "private runtime snapshot removes unsafe source ancestors from reopen authority" started.
◇ Test "semantic versions reject prefixes, prereleases, and leading zeroes" started.
◇ Test "production app and Node requirements are exact Apple-anchored Jidoka identities" started.
◇ Test "restart reattaches only pre-boundary orphan reservations after exact recovery" started.
◇ Test "a shared launcher digest can attest distinct Node closures" started.
◇ Test "divergent crash artifacts are preserved and rejected" started.
◇ Test "unsafe directory and filename fail closed" started.
◇ Test "nested intermediate rename and symlink substitution fails closed" started.
◇ Test "changed argv, refspec, and extra input fail closed" started.
◇ Test "production team mismatch rejects before strict nested signature validation" started.
◇ Test "one changed critical runtime byte fails closed" started.
◇ Test "terminal historical evidence does not block a later drain" started.
◇ Test "workflow and TUI resources become one exact private tree" started.
◇ Test "log accepts only closed event fields and rotates private files" started.
◇ Test "preview is read-only and exact activation is atomic" started.
◇ Test "activation rejects a confirmed digest that differs from canonical preview bytes" started.
◇ Test "release manifest rejects non-canonical and unknown fields" started.
◇ Test "execution start is not misreported as a completed stage" started.
◇ Test "source release manifest matches the compiled production anchor" started.
◇ Test "malformed compatibility policy produces an actionable packaged-app failure" started.
◇ Test "confirmed recovery resumes only the same exact job after every effect settles" started.
◇ Test "release-owned mutation matrix fails with typed authority errors" started.
◇ Test "unknown service status fails closed" started.
◇ Test "descriptor-pinned inspection rejects root, path, vnode, and read races" started.
◇ Test "a fresh coordinator recovers an interrupted production review and replays it to success" started.
◇ Test "unsafe and divergent private destinations are preserved and rejected" started.
◇ Test "release manifest and runtime mutations fail closed" started.
◇ Test "Finder-style symlinks resolve to exact attested Pi and Node builds" started.
◇ Test "real local Git, review routing, multipart-safe publication, and cleanup complete once" started.
◇ Test "absolute Pi shebang binds the exact canonical Node executable" started.
◇ Test "duplicate add race resolves through one atomic update" started.
◇ Test "packaged access policy trusts only the UI bundle and engine helper" started.
◇ Test "production rejects detached and user-renamable application runtime paths" started.
◇ Test "release signing mode binds distinct exact Node CodeDirectories" started.
◇ Test "historical records without a phase remain decodable" started.
◇ Test "an independent orchestration veto cannot be downgraded by synthesis" started.
◇ Test "reopen advances a durably completed review without rerunning Pi" started.
◇ Test "failed verification remains blocked after three fix rounds" started.
◇ Test "one changed executable package byte outside the critical subset fails closed" started.
◇ Test "an attested internal relative Pi link is accepted" started.
◇ Test "external closure drift cannot become release-owned production authority" started.
◇ Test "triage hard-risk flags override a model ready guess" started.
◇ Test "stable service and account support atomic create then replace" started.
◇ Test "invalid account and payload fail before backend access" started.
◇ Test "authorized retry uses a fresh mutation generation after an ambiguous marker send" started.
◇ Test "Node executable must match an exact packaged digest" started.
◇ Test "preview rejects duplicate labels and lists larger than their budgets" started.
◇ Test "replacement architecture failure propagates before later roles or effects" started.
◇ Test "owned partial staging and prepared crash artifacts recover exactly" started.
◇ Test "Node dependency closure rejects missing and additional policy entries" started.
◇ Test "range membership never authorizes an unattested Pi build" started.
◇ Test "orchestration rejects a candidate plan without complete planning approvals" started.
◇ Test "repository toggles, model profiles, and app settings survive reopen" started.
◇ Test "replacement review executes only the existing architecture launch" started.
◇ Test "planning stops after exactly three unresolved review rounds" started.
◇ Test "REST and fetched Git commit divergence stops before review or publication" started.
◇ Test "critical runtime symbolic links are rejected even with matching bytes" started.
◇ Test "head mismatch and reordered narrative stop before any model execution" started.
◇ Test "PR synthesis cannot downgrade an independent major finding" started.
◇ Test "Git read and stage disable repository hooks and optional read locks" started.
◇ Test "a failed command prevents every later command in the frozen plan" started.
◇ Test "label bootstrap distinguishes absent, exact, and semantic conflict" started.
◇ Test "one complete Node build cannot ambiguously attest two version labels" started.
◇ Test "a writer veto prevents every frozen command from executing" started.
◇ Test "orchestration executes only frozen IDs and reviews evidence after the writer" started.
◇ Test "release package and runtime root replacement fail before final authority" started.
◇ Test "reviewer disagreement is complex and waits for plan approval" started.
◇ Test "Git commands reject gitdir indirection, core worktree overrides, and alternates" started.
◇ Test "PR review keeps oldest-first narrative and sends synthesis only normalized role results" started.
◇ Test "an unknown command outcome stops every later role and round" started.
◇ Test "final plan identity binds exact role records and approval digests" started.
◇ Test "unknown ids, changed definitions, forbidden shapes, and cwd escape fail closed" started.
◇ Test "descriptor store is create-only private digest-bound and rejects mutation" started.
◇ Test "Darwin allow ACLs cannot authorize runtime source or snapshot mutation" started.
◇ Test "an independent planning veto cannot be downgraded by synthesis" started.
◇ Test "definition digest frames argument and environment domains independently" started.
◇ Test "repository script keeps metacharacters as data and locks source digest" started.
◇ Test "background ACL migration is idempotent and verifies persisted access" started.
◇ Test "authorized retry attributes the old generation if it becomes visible before resend" started.
◇ Test "workflow labels compare the full workflow subset" started.
◇ Test "exact triage preview rejects issue-label and repository-label drift" started.
◇ Test "clean planning freezes canonical commands after exact fresh reviewer approval" started.
◇ Test "runner reports timeout and bounded output as failed evidence" started.
◇ Test "exact triage preview binds issue, labels, and default-branch base" started.
◇ Test "topology intent transitions are digest-bound and idempotent" started.
◇ Test "topology intent timestamps are transition-bound while replays remain exact" started.
◇ Test "exact PR preview rejects every independently drifted remote binding" started.
◇ Test "Git reads accept only exact operation-specific options" started.
◇ Test "result settlement commits before idempotent acknowledgement and release" started.
◇ Test "human-owned planning decisions can never become executable plans" started.
◇ Test "finite preview binds the complete deterministic candidate set" started.
◇ Test "replacement lifecycle permits every declared edge with one durable sequence" started.
◇ Test "the writer cannot select a subset of the frozen command plan" started.
◇ Test "normal Git commit runs approved hooks and unsafe local config blocks execution" started.
◇ Test "replacement SQL denies every one-field q4 backing digest drift before cutover" started.
◇ Test "lost generation retry lineage advances through one q4 successor" started.
◇ Test "a late exact marker is read-only attributed and recovered without another send" started.
◇ Test "ordinary store preparation and activation reject replacement identities" started.
◇ Test "exact execution preview binds the approved waiting-human checkpoint" started.
◇ Test "replacement durable state rejects a forged well-formed authorization digest" started.
◇ Test "source swaps symlinks hard links and manifest drift fail closed" started.
◇ Test "comment read-back requires all exact marker parts and author identity" started.
◇ Test "operator retirement cleans only an exact clean evidence-bound workspace" started.
◇ Test "PR and branch read-back reject duplicate or divergent remote state" started.
◇ Test "PR narrative accepts a connected oldest-first fork and merge topology" started.
◇ Test "mirror, exact PR ref, local-origin workspace, and cleanup are durable" started.
◇ Test "replacement authorization is inert, idempotent, immutable, and exact" started.
◇ Test "invalid command definitions return only to the same writer before review" started.
◇ Test "replacement SQL rejects every ordinary-host physical identity collision" started.
◇ Test "replacement q4 must use the authorization's planned launch identity" started.
◇ Test "noncolliding ordinary and replacement hosts remain valid controls" started.
◇ Test "replacement attribution denies every one-field q4 backing digest drift" started.
◇ Test "replacement attribution rejects authorization and evidence drift" started.
◇ Test "replacement store rejects every ordinary-host physical identity collision" started.
◇ Test "replacement SQL rejects every global ordinary lifecycle collision" started.
◇ Test "logical slots collide explicitly and durable pause blocks prepare" started.
◇ Test "one attributed agent authority commits q4 once and q5 remains impossible" started.
◇ Test "frozen plan digest binds artifact, plan bytes, classifier, and command order" started.
◇ Test "replacement store rejects global ordinary-host identities" started.
◇ Test "replacement q4 SQL requires the exact preview-bound descriptor digest" started.
◇ Test "replacement q4 SQL rejects every one-field event authority drift" started.
◇ Test "replacement cutover rolls back at every durable write" started.
◇ Test "ordinary raw DML rejects every replacement lifecycle collision" started.
◇ Test "replacement lifecycle, sequence, identity, and q5 mutations fail closed" started.
◇ Test "replacement authorization rejects every one-field q4 backing digest drift" started.
◇ Test "replacement rejects a coherent post-preview q4 authorization rebind" started.
◇ Test "replacement store constructs the one exact q4 event authority" started.
◇ Test "paused topology intents require the exact open canary authority" started.
◇ Test "replacement q4 rejects a mismatched canary authorization SHA" started.
◇ Test "security facts stay human-owned even when writer and synthesis say simple" started.
◇ Test "review roles get no write paths and use the review profile" started.
◇ Test "schema v10 preserves legacy RPC runs and creates each migration backup" started.
◇ Test "one changed Node dynamic-library byte fails closed" started.
◇ Test "bindings are exact and append-only events reject mutation" started.
◇ Test "one unexpired OAuth provider is projected and securely removed" started.
◇ Test "cold Herdr socket replacement preserves history and advances topology generation" started.
◇ Test "resource retry rejects a candidate with durable job-step evidence" started.
◇ Test "cross-run boundary and same-run retry preserve causal session provenance" started.
◇ Test "replacement terminal outcomes reconstruct after close and reopen without replay" started.
◇ Test "ambiguous blocked publication retains workspace and does not publish blocked label" started.
◇ Test "artifact, model profile, prior results, and write scope become bounded prompt data" started.
◇ Test "exact paused canary admits one repaired PR and bounds every effect" started.
◇ Test "replacement host must use the authorization's planned durable identity" started.
◇ Test "prepared replacement intent remains the only nonterminal continuation after restart" started.
◇ Test "topology activation commits every role or rolls the whole generation back" started.
◇ Test "stale human input consumes only approval, replans, and returns to plan review" started.
◇ Test "ready issue completes claim, plan, implementation, publication, QA, cleanup, and review enqueue" started.
◇ Test "maintenance batch rollback is all-or-nothing" started.
◇ Test "completed approved claim resumes orchestration without replanning" started.
◇ Test "startup recovery advances each durably completed implementation step exactly once" started.
◇ Test "replacement authorization rejects each adjacent q4 digest-role transposition" started.
◇ Test "replacement SQL rejects cross-job ordinary-host physical identity collisions" started.
◇ Test "commit-count and aggregate wall-clock budgets stop before narrative expansion" started.
◇ Test "maintenance rejects every active durable authority" started.
◇ Test "completed complex-plan publication recovers cleanup before returning to human gate" started.
◇ Test "attributed and ambiguous dispositions control rediscovery and retry" started.
◇ Test "complex plan releases its claim and workspace, then exact approval resumes a new generation" started.
◇ Test "logical identity suppresses rediscovery across restart and contract bump" started.
◇ Test "single-host activation rejects every replacement physical identity" started.
◇ Test "repository lease and global semaphore enforce both bounds" started.
◇ Test "artifact mismatch and ambiguous profiles fail before launch preparation" started.
◇ Test "completed steps are append-only, ordinal-bound, and digest-validated" started.
◇ Test "authorized claim retry attributes a newly visible old marker before resend" started.
◇ Test "stale approval cannot replan before consume attribution" started.
◇ Test "local Git produces a complete topological narrative from base to exact head" started.
◇ Test "exact pre-boundary retirement is atomic suppresses rediscovery and replays" started.
◇ Test "ordinary raw activation rejects replacement physical identities" started.
◇ Test "deterministic operation property preserves repository and global lease bounds" started.
◇ Test "maintenance apply requires pause and byte-exact current evidence" started.
◇ Test "deterministic fuzz preserves every canonical payload byte" started.
◇ Test "only a full persisted expectation attributes marker comments" started.
◇ Test "unreachable, equal, and missing revisions fail closed" started.
◇ Test "canonical bytes lock line endings, final LF, and digest" started.
◇ Test "55000 and 55001 byte boundaries follow the locked split algorithm" started.
◇ Test "a closed no-effect canary retry requires a new preview and admission" started.
◇ Test "ambiguous complex-plan marker never sends the plan-review label mutation" started.
◇ Test "only exact resource failures after the boundary are safely requeued" started.
◇ Test "packaged release identity must match every executable and resource binding" started.
◇ Test "unsafe roots, branches, collisions, and missing jobs fail closed" started.
◇ Test "historical attributed intents cannot authorize a changed current label set" started.
◇ Test "startup sweep finishes cleanup stranded by a terminal crash boundary" started.
◇ Test "interrupted Pi writer with workspace changes blocks and preserves evidence" started.
◇ Test "missing, duplicate, reordered, mutated, and wrong-author parts fail" started.
◇ Test "stale base consumes only approval and publishes a replacement complex plan" started.
◇ Test "Pi transport interruption is classified as unknown writer state, never blind retry" started.
◇ Test "claim generations persist ready, stale, and approved sequences" started.
◇ Test "unknown claim marker never sends a workflow-label mutation" started.
◇ Test "a changed expected workflow-label subset blocks before every send" started.
◇ Test "oversized logical documents fail before multipart allocation" started.
◇ Test "startup recovery imports durable orchestration evidence before workspace drift blocks" started.
◇ Test "mixed-case workflow labels use the same canonical eligibility throughout" started.
◇ Test "resolver binds executable, version, schema, and credentialless argv" started.
◇ Test "reopen resumes an attributed prefix and a prepared unsent suffix" started.
◇ Test "unknown composite label send with no effect remains safely retryable" started.
◇ Test "ordinary physical identity updates never alias a replacement host" started.
◇ Test "topology recovery bypasses a stale attempt review-selection event exactly once" started.
◇ Test "multipart preserves UTF-8 boundaries, hostile HTML, and marker-like payload" started.
◇ Test "ordinary store rebind rejects a replacement pane" started.
◇ Test "recovery that needs a guarded rerun preserves the current step in backoff" started.
◇ Test "W0: repository flag drift leaves an already queued job inert" started.
◇ Test "transient workflow failure enters durable backoff instead of terminal block" started.
◇ Test "one pass discovers and dispatches PR, implementation, and triage in locked priority" started.
◇ Test "W0: an unscoped pass cannot dispatch two serial queued jobs" started.
◇ Test "symlink executables and working directories fail closed" started.
◇ Test "observed session-escaping descendants are identity-cleaned with exact leader status" started.
◇ Test "paused legacy passes promote exactly-due and overdue retries but not future deadlines" started.
◇ Test "fresh stores and workflow recover a completed plan after SQLite reopen" started.
◇ Test "replacement SQL rejects each adjacent q4 digest-role transposition before cutover" started.
◇ Test "discovery failure persists repository backoff without terminal skip" started.
◇ Test "replacement attribution rejects each adjacent q4 digest-role transposition" started.
◇ Test "the first real scheduler pass recovers an interrupted leased job before discovery" started.
◇ Test "claim transition sends each operation once and reentry only reads" started.
◇ Test "durable pause atomically rejects discovery creation and new leases" started.
◇ Test "credentialless environment has exact locked boundaries" started.
◇ Test "reconciliation dispatch runs before any new discovery read" started.
◇ Test "creates only missing labels and preserves matching labels on every rerun" started.
◇ Test "inspection failures are normalized to fail-closed rollout drift" started.
◇ Test "direct canary runs exactly one leased job and never walks the queue" started.
◇ Test "round trip reconstructs every digest-bound invariant" started.
◇ Test "same-second PID reuse cannot bind an original process group" started.
◇ Test "operation mismatches and invalid attempts fail before remote reads" started.
◇ Test "startup recovery persists the total matrix before dispatch" started.
◇ Test "lost response after a verified first operation resumes the attributed prefix" started.
◇ Test "timeout removes an observed session escape by PID and microsecond start time" started.
◇ Test "claim marker and exact workflow labels reconcile as one attributable effect" started.
◇ Test "transition event keys make attempt and step changes exactly once" started.
◇ Test case passing 1 argument count → 2 to "two through four bounded workstreams are moderate" started.
◇ Test case passing 1 argument count → 4 to "two through four bounded workstreams are moderate" started.
◇ Test case passing 1 argument count → 3 to "two through four bounded workstreams are moderate" started.
◇ Test "a digest mismatch creates no private catalog directory" started.
◇ Test "an existing non-private destination ancestor is rejected" started.
◇ Test "source symlinks, hard links, and path swaps fail closed" started.
◇ Test case passing 1 argument command → .create to "closed commands parse" started.
◇ Test case passing 1 argument command → .read to "closed commands parse" started.
◇ Test "an exact script under a group-writable ancestor becomes one private snapshot" started.
◇ Test case passing 1 argument command → .replace to "closed commands parse" started.
◇ Test "timeout and output bounds terminate the whole process group" started.
◇ Test case passing 1 argument command → .delete to "closed commands parse" started.
◇ Test "replacement intent requires the exact durable authorization payload" started.
◇ Test "prepared crash state recovers without overwriting divergent final data" started.
◇ Test "arbitrary Pi commands fail closed" started.
◇ Test case passing 1 argument command → .status to "closed commands parse" started.
◇ Test "claim generations preserve distinct ready, approved, and stale paths" started.
◇ Test "argv stays discrete and output is captured without a shell" started.
◇ Test "every normative runtime transition has the exact effect" started.
◇ Test "W0: pause suppresses unbound recovery as well as discovery" started.
◇ Test "success requires exact SHA-256 acceptance evidence" started.
◇ Test "recovery is total and preserves attempts, steps, and deadlines" started.
◇ Test "multi-step transitions advance exactly once and feedback does not advance" started.
◇ Test "completed blocked publication recovers cleanup before terminal state" started.
◇ Test "all unlisted state and event pairs fail closed" started.
✔ Test "app support target loads" passed after 0.009 seconds.
◇ Test case passing 1 argument mode → "session-escape-error" to "an observed session escape stays identity-owned across exact leader outcome" started.
◇ Test "closed commands parse" started.
◇ Test "retry requires a future persisted deadline" started.
◇ Test case passing 1 argument mode → "session-escape-success" to "an observed session escape stays identity-owned across exact leader outcome" started.
◇ Test "changed snapshot digest fails closed" started.
◇ Test "started commands become irreversible unknown and a new generation cannot bypass them" started.
◇ Test "symbolic links and permissive directories fail closed" started.
◇ Test "prepare start result and replay are immutable and idempotent" started.
◇ Test "pause closure waits for admitted commands and rejects later starts" started.
◇ Test "logical slot collisions and durable pause fail before start" started.
◇ Test "one owner holds the lock and release permits a later owner" started.
◇ Test "brokered credential is host-bound, one-shot, and absent from disk and environment" started.
◇ Test "a stale never-started attempt is superseded before a new start grant" started.
◇ Test "a queue gap fails before any child execution" started.
◇ Test "bootstrap and queue records reject mutation and wrong host identity" started.
◇ Test "replacement descriptor starts at q4 and rejects every predecessor sequence" started.
◇ Test "a failed Pi command is immutable and a later authorized command can run" started.
◇ Test "generation rollover bootstrap binds lineage and starts only at q4" started.
◇ Test "command prefix ordering requires accepted evidence" started.
◇ Test "process absence distinguishes matching replacement and missing identities" started.
◇ Test case passing 1 argument testCase → issue-triage-triage to "every workflow role preserves the W5 model, resource, skill, tool, and command contract" started.
◇ Test "a role host process restart cannot replay a started queue" started.
◇ Test case passing 1 argument testCase → pr-review-architecture to "every workflow role preserves the W5 model, resource, skill, tool, and command contract" started.
◇ Test case passing 1 argument testCase → pr-review-security to "every workflow role preserves the W5 model, resource, skill, tool, and command contract" started.
◇ Test case passing 1 argument testCase → pr-review-test to "every workflow role preserves the W5 model, resource, skill, tool, and command contract" started.
◇ Test case passing 1 argument testCase → pr-review-synthesis to "every workflow role preserves the W5 model, resource, skill, tool, and command contract" started.
◇ Test case passing 1 argument testCase → planning-writer to "every workflow role preserves the W5 model, resource, skill, tool, and command contract" started.
◇ Test case passing 1 argument testCase → planning-architecture to "every workflow role preserves the W5 model, resource, skill, tool, and command contract" started.
◇ Test case passing 1 argument initialStatus → .notFound to "first onboarding checkpoints bootstrap before registration and helper handoff" started.
◇ Test case passing 1 argument initialStatus → .notRegistered to "first onboarding checkpoints bootstrap before registration and helper handoff" started.
◇ Test case passing 1 argument testCase → planning-security to "every workflow role preserves the W5 model, resource, skill, tool, and command contract" started.
◇ Test case passing 1 argument testCase → planning-test to "every workflow role preserves the W5 model, resource, skill, tool, and command contract" started.
◇ Test case passing 1 argument testCase → planning-synthesis to "every workflow role preserves the W5 model, resource, skill, tool, and command contract" started.
◇ Test case passing 1 argument testCase → orchestration-writer to "every workflow role preserves the W5 model, resource, skill, tool, and command contract" started.
◇ Test case passing 1 argument testCase → orchestration-architecture to "every workflow role preserves the W5 model, resource, skill, tool, and command contract" started.
◇ Test case passing 1 argument testCase → orchestration-security to "every workflow role preserves the W5 model, resource, skill, tool, and command contract" started.
◇ Test case passing 1 argument testCase → orchestration-test to "every workflow role preserves the W5 model, resource, skill, tool, and command contract" started.
◇ Test case passing 1 argument testCase → orchestration-synthesis to "every workflow role preserves the W5 model, resource, skill, tool, and command contract" started.
◇ Test "one role host executes a contiguous create-only command queue" started.
◇ Test case passing 1 argument outcomeCase → .noRemoteEffectFailure to "application XPC and CLI JSON preserve every typed replacement outcome" started.
◇ Test case passing 1 argument outcomeCase → .remoteEffectAmbiguous to "application XPC and CLI JSON preserve every typed replacement outcome" started.
◇ Test case passing 1 argument outcomeCase → .q4Prepared to "application XPC and CLI JSON preserve every typed replacement outcome" started.
◇ Test case passing 1 argument outcomeCase → .q4Enqueued to "application XPC and CLI JSON preserve every typed replacement outcome" started.
◇ Test case passing 1 argument outcomeCase → .q4OutcomeAmbiguous to "application XPC and CLI JSON preserve every typed replacement outcome" started.
◇ Test case passing 1 argument outcomeCase → .q4Failed to "application XPC and CLI JSON preserve every typed replacement outcome" started.
◇ Test case passing 1 argument outcomeCase → .q4Settled to "application XPC and CLI JSON preserve every typed replacement outcome" started.
◇ Test case passing 1 argument outcomeCase → .replacementHostLost to "application XPC and CLI JSON preserve every typed replacement outcome" started.
◇ Test case passing 1 argument completedStatementCount → 1 to "production schema 9 to 10 rolls back after every exact migration statement" started.
◇ Test case passing 1 argument completedStatementCount → 2 to "production schema 9 to 10 rolls back after every exact migration statement" started.
◇ Test case passing 1 argument completedStatementCount → 3 to "production schema 9 to 10 rolls back after every exact migration statement" started.
◇ Test case passing 1 argument completedStatementCount → 4 to "production schema 9 to 10 rolls back after every exact migration statement" started.
◇ Test case passing 1 argument completedStatementCount → 5 to "production schema 9 to 10 rolls back after every exact migration statement" started.
◇ Test case passing 1 argument completedStatementCount → 6 to "production schema 9 to 10 rolls back after every exact migration statement" started.
◇ Test case passing 1 argument completedStatementCount → 7 to "production schema 9 to 10 rolls back after every exact migration statement" started.
◇ Test case passing 1 argument completedStatementCount → 8 to "production schema 9 to 10 rolls back after every exact migration statement" started.
◇ Test case passing 1 argument completedStatementCount → 9 to "production schema 9 to 10 rolls back after every exact migration statement" started.
◇ Test case passing 1 argument completedStatementCount → 10 to "production schema 9 to 10 rolls back after every exact migration statement" started.
◇ Test case passing 1 argument completedStatementCount → 11 to "production schema 9 to 10 rolls back after every exact migration statement" started.
◇ Test case passing 1 argument completedStatementCount → 12 to "production schema 9 to 10 rolls back after every exact migration statement" started.
◇ Test case passing 1 argument completedStatementCount → 13 to "production schema 9 to 10 rolls back after every exact migration statement" started.
◇ Test case passing 1 argument completedStatementCount → 14 to "production schema 9 to 10 rolls back after every exact migration statement" started.
◇ Test case passing 1 argument completedStatementCount → 15 to "production schema 9 to 10 rolls back after every exact migration statement" started.
◇ Test case passing 1 argument completedStatementCount → 16 to "production schema 9 to 10 rolls back after every exact migration statement" started.
◇ Test case passing 1 argument completedStatementCount → 17 to "production schema 9 to 10 rolls back after every exact migration statement" started.
◇ Test case passing 1 argument completedStatementCount → 18 to "production schema 9 to 10 rolls back after every exact migration statement" started.
◇ Test case passing 1 argument completedStatementCount → 19 to "production schema 9 to 10 rolls back after every exact migration statement" started.
◇ Test case passing 1 argument completedStatementCount → 20 to "production schema 9 to 10 rolls back after every exact migration statement" started.
◇ Test case passing 1 argument completedStatementCount → 21 to "production schema 9 to 10 rolls back after every exact migration statement" started.
◇ Test case passing 1 argument completedStatementCount → 22 to "production schema 9 to 10 rolls back after every exact migration statement" started.
◇ Test case passing 1 argument completedStatementCount → 23 to "production schema 9 to 10 rolls back after every exact migration statement" started.
◇ Test case passing 1 argument completedStatementCount → 24 to "production schema 9 to 10 rolls back after every exact migration statement" started.
◇ Test case passing 1 argument completedStatementCount → 25 to "production schema 9 to 10 rolls back after every exact migration statement" started.
◇ Test case passing 1 argument completedStatementCount → 26 to "production schema 9 to 10 rolls back after every exact migration statement" started.
◇ Test case passing 1 argument completedStatementCount → 27 to "production schema 9 to 10 rolls back after every exact migration statement" started.
◇ Test case passing 1 argument completedStatementCount → 28 to "production schema 9 to 10 rolls back after every exact migration statement" started.
◇ Test case passing 1 argument completedStatementCount → 29 to "production schema 9 to 10 rolls back after every exact migration statement" started.
◇ Test case passing 1 argument completedStatementCount → 30 to "production schema 9 to 10 rolls back after every exact migration statement" started.
◇ Test case passing 1 argument completedStatementCount → 31 to "production schema 9 to 10 rolls back after every exact migration statement" started.
◇ Test case passing 1 argument completedStatementCount → 32 to "production schema 9 to 10 rolls back after every exact migration statement" started.
◇ Test case passing 1 argument completedStatementCount → 33 to "production schema 9 to 10 rolls back after every exact migration statement" started.
◇ Test case passing 1 argument completedStatementCount → 34 to "production schema 9 to 10 rolls back after every exact migration statement" started.
◇ Test case passing 1 argument completedStatementCount → 35 to "production schema 9 to 10 rolls back after every exact migration statement" started.
◇ Test case passing 1 argument completedStatementCount → 36 to "production schema 9 to 10 rolls back after every exact migration statement" started.
◇ Test case passing 1 argument completedStatementCount → 37 to "production schema 9 to 10 rolls back after every exact migration statement" started.
◇ Test case passing 1 argument completedStatementCount → 38 to "production schema 9 to 10 rolls back after every exact migration statement" started.
◇ Test case passing 1 argument completedStatementCount → 39 to "production schema 9 to 10 rolls back after every exact migration statement" started.
◇ Test case passing 1 argument completedStatementCount → 40 to "production schema 9 to 10 rolls back after every exact migration statement" started.
◇ Test case passing 1 argument completedStatementCount → 41 to "production schema 9 to 10 rolls back after every exact migration statement" started.
◇ Test case passing 1 argument completedStatementCount → 42 to "production schema 9 to 10 rolls back after every exact migration statement" started.
◇ Test case passing 1 argument completedStatementCount → 43 to "production schema 9 to 10 rolls back after every exact migration statement" started.
◇ Test case passing 1 argument completedStatementCount → 44 to "production schema 9 to 10 rolls back after every exact migration statement" started.
◇ Test case passing 1 argument completedStatementCount → 45 to "production schema 9 to 10 rolls back after every exact migration statement" started.
◇ Test case passing 1 argument completedStatementCount → 46 to "production schema 9 to 10 rolls back after every exact migration statement" started.
◇ Test case passing 1 argument completedStatementCount → 47 to "production schema 9 to 10 rolls back after every exact migration statement" started.
◇ Test case passing 1 argument completedStatementCount → 48 to "production schema 9 to 10 rolls back after every exact migration statement" started.
◇ Test case passing 1 argument completedStatementCount → 49 to "production schema 9 to 10 rolls back after every exact migration statement" started.
◇ Test case passing 1 argument completedStatementCount → 50 to "production schema 9 to 10 rolls back after every exact migration statement" started.
◇ Test case passing 1 argument completedStatementCount → 51 to "production schema 9 to 10 rolls back after every exact migration statement" started.
◇ Test case passing 1 argument completedStatementCount → 52 to "production schema 9 to 10 rolls back after every exact migration statement" started.
◇ Test case passing 1 argument completedStatementCount → 53 to "production schema 9 to 10 rolls back after every exact migration statement" started.
◇ Test case passing 1 argument completedStatementCount → 54 to "production schema 9 to 10 rolls back after every exact migration statement" started.
◇ Test case passing 1 argument completedStatementCount → 55 to "production schema 9 to 10 rolls back after every exact migration statement" started.
◇ Test case passing 1 argument completedStatementCount → 56 to "production schema 9 to 10 rolls back after every exact migration statement" started.
◇ Test case passing 1 argument completedStatementCount → 57 to "production schema 9 to 10 rolls back after every exact migration statement" started.
◇ Test case passing 1 argument completedStatementCount → 58 to "production schema 9 to 10 rolls back after every exact migration statement" started.
◇ Test case passing 1 argument completedStatementCount → 59 to "production schema 9 to 10 rolls back after every exact migration statement" started.
◇ Test case passing 1 argument completedStatementCount → 60 to "production schema 9 to 10 rolls back after every exact migration statement" started.
◇ Test case passing 1 argument completedStatementCount → 61 to "production schema 9 to 10 rolls back after every exact migration statement" started.
◇ Test case passing 1 argument completedStatementCount → 62 to "production schema 9 to 10 rolls back after every exact migration statement" started.
◇ Test case passing 1 argument completedStatementCount → 63 to "production schema 9 to 10 rolls back after every exact migration statement" started.
◇ Test case passing 1 argument completedStatementCount → 64 to "production schema 9 to 10 rolls back after every exact migration statement" started.
◇ Test case passing 1 argument completedStatementCount → 65 to "production schema 9 to 10 rolls back after every exact migration statement" started.
◇ Test case passing 1 argument completedStatementCount → 66 to "production schema 9 to 10 rolls back after every exact migration statement" started.
◇ Test case passing 1 argument completedStatementCount → 67 to "production schema 9 to 10 rolls back after every exact migration statement" started.
◇ Test case passing 1 argument completedStatementCount → 68 to "production schema 9 to 10 rolls back after every exact migration statement" started.
◇ Test case passing 1 argument completedStatementCount → 69 to "production schema 9 to 10 rolls back after every exact migration statement" started.
◇ Test case passing 1 argument completedStatementCount → 70 to "production schema 9 to 10 rolls back after every exact migration statement" started.
◇ Test case passing 1 argument completedStatementCount → 71 to "production schema 9 to 10 rolls back after every exact migration statement" started.
◇ Test case passing 1 argument completedStatementCount → 72 to "production schema 9 to 10 rolls back after every exact migration statement" started.
◇ Test case passing 1 argument completedStatementCount → 73 to "production schema 9 to 10 rolls back after every exact migration statement" started.
◇ Test case passing 1 argument completedStatementCount → 74 to "production schema 9 to 10 rolls back after every exact migration statement" started.
◇ Test case passing 1 argument completedStatementCount → 75 to "production schema 9 to 10 rolls back after every exact migration statement" started.
◇ Test case passing 1 argument completedStatementCount → 76 to "production schema 9 to 10 rolls back after every exact migration statement" started.
◇ Test case passing 1 argument completedStatementCount → 77 to "production schema 9 to 10 rolls back after every exact migration statement" started.
◇ Test case passing 1 argument completedStatementCount → 78 to "production schema 9 to 10 rolls back after every exact migration statement" started.
◇ Test case passing 1 argument completedStatementCount → 79 to "production schema 9 to 10 rolls back after every exact migration statement" started.
◇ Test case passing 1 argument completedStatementCount → 80 to "production schema 9 to 10 rolls back after every exact migration statement" started.
◇ Test case passing 1 argument completedStatementCount → 81 to "production schema 9 to 10 rolls back after every exact migration statement" started.
◇ Test case passing 1 argument completedStatementCount → 82 to "production schema 9 to 10 rolls back after every exact migration statement" started.
◇ Test case passing 1 argument completedStatementCount → 83 to "production schema 9 to 10 rolls back after every exact migration statement" started.
◇ Test case passing 1 argument completedStatementCount → 84 to "production schema 9 to 10 rolls back after every exact migration statement" started.
◇ Test case passing 1 argument completedStatementCount → 85 to "production schema 9 to 10 rolls back after every exact migration statement" started.
◇ Test case passing 1 argument workflow → .planning to "planning and orchestration resumes bind the prior settled session boundary" started.
◇ Test case passing 1 argument completedStatementCount → 86 to "production schema 9 to 10 rolls back after every exact migration statement" started.
◇ Test case passing 1 argument completedStatementCount → 87 to "production schema 9 to 10 rolls back after every exact migration statement" started.
◇ Test case passing 1 argument workflow → .orchestration to "planning and orchestration resumes bind the prior settled session boundary" started.
◇ Test case passing 1 argument completedStatementCount → 88 to "production schema 9 to 10 rolls back after every exact migration statement" started.
◇ Test case passing 1 argument completedStatementCount → 89 to "production schema 9 to 10 rolls back after every exact migration statement" started.
◇ Test case passing 1 argument completedStatementCount → 90 to "production schema 9 to 10 rolls back after every exact migration statement" started.
◇ Test "request digest, operation mapping, and read/write separation fail closed" started.
◇ Test case passing 1 argument arguments → [] to "arbitrary workflow commands fail closed" started.
◇ Test case passing 1 argument arguments → ["live", "review"] to "arbitrary workflow commands fail closed" started.
◇ Test case passing 1 argument arguments → ["profile", "review"] to "arbitrary workflow commands fail closed" started.
◇ Test case passing 1 argument arguments → ["shell", "echo"] to "arbitrary workflow commands fail closed" started.
◇ Test case passing 1 argument arguments → ["preflight", "/tmp/arbitrary"] to "arbitrary workflow commands fail closed" started.
◇ Test "intent is sendStarted before transport and a repeated create never sends again" started.
◇ Test "definitive denial escalates while timeout remains read-back only" started.
◇ Test "credential preflight failure leaves the durable intent provably unsent" started.
◇ Test "runtime mutation drift and fault matrices have exact unique shape" started.
◇ Test case passing 1 argument arguments → [] to "arbitrary Keychain commands fail closed" started.
◇ Test case passing 1 argument arguments → ["status", "extra"] to "arbitrary Keychain commands fail closed" started.
◇ Test case passing 1 argument arguments → ["create", "caller-value"] to "arbitrary Keychain commands fail closed" started.
◇ Test case passing 1 argument arguments → ["read", "other-service"] to "arbitrary Keychain commands fail closed" started.
◇ Test case passing 1 argument arguments → ["export"] to "arbitrary Keychain commands fail closed" started.
◇ Test "valid manifest produces exact attributable evidence" started.
◇ Test "malformed or incomplete manifest fails closed" started.
◇ Test case passing 1 argument outcomeCase → .noRemoteEffectFailure to "replacement service checkpoints every typed terminal outcome with balanced exclusivity" started.
◇ Test case passing 1 argument outcomeCase → .remoteEffectAmbiguous to "replacement service checkpoints every typed terminal outcome with balanced exclusivity" started.
◇ Test case passing 1 argument outcomeCase → .q4Prepared to "replacement service checkpoints every typed terminal outcome with balanced exclusivity" started.
◇ Test case passing 1 argument outcomeCase → .q4Enqueued to "replacement service checkpoints every typed terminal outcome with balanced exclusivity" started.
◇ Test case passing 1 argument outcomeCase → .q4OutcomeAmbiguous to "replacement service checkpoints every typed terminal outcome with balanced exclusivity" started.
◇ Test case passing 1 argument outcomeCase → .q4Failed to "replacement service checkpoints every typed terminal outcome with balanced exclusivity" started.
◇ Test case passing 1 argument outcomeCase → .q4Settled to "replacement service checkpoints every typed terminal outcome with balanced exclusivity" started.
◇ Test case passing 1 argument outcomeCase → .replacementHostLost to "replacement service checkpoints every typed terminal outcome with balanced exclusivity" started.
◇ Test "unexpected resource name fails closed" started.
◇ Test "missing manifest fails closed" started.
◇ Test "resource-directory symbolic link is rejected" started.
◇ Test "every unsupported schema fails closed" started.
◇ Test "oversized manifest fails before decoding" started.
◇ Test "one-byte manifest change changes digest" started.
◇ Test "unexpected bundle identity fails closed" started.
◇ Test case passing 1 argument scenario → .noRemoteEffectFailure to "production replacement boundary returns every typed outcome and closes authority" started.
◇ Test case passing 1 argument scenario → .remoteEffectAmbiguous to "production replacement boundary returns every typed outcome and closes authority" started.
◇ Test case passing 1 argument scenario → .q4Prepared to "production replacement boundary returns every typed outcome and closes authority" started.
◇ Test case passing 1 argument scenario → .q4Enqueued to "production replacement boundary returns every typed outcome and closes authority" started.
◇ Test case passing 1 argument scenario → .q4OutcomeAmbiguous to "production replacement boundary returns every typed outcome and closes authority" started.
◇ Test case passing 1 argument scenario → .q4Failed to "production replacement boundary returns every typed outcome and closes authority" started.
◇ Test "manifest symbolic link is rejected" started.
◇ Test case passing 1 argument scenario → .q4Settled to "production replacement boundary returns every typed outcome and closes authority" started.
◇ Test case passing 1 argument scenario → .replacementHostLost to "production replacement boundary returns every typed outcome and closes authority" started.
◇ Test case passing 1 argument scenario → .thrownError to "production replacement boundary returns every typed outcome and closes authority" started.
◇ Test "all parts are prepared, sent once, reconstructed, and attributed" started.
◇ Test "canary authorizes the whole marker batch before part one" started.
◇ Test "canary marker gate is inert normally and exact while active" started.
◇ Test "reopen collects and settles every uncertain multipart intent" started.
◇ Test "authorized retry reads the old marker generation before resend" started.
◇ Test "a response-lost partial multipart create reconciles and escalates without another send" started.
◇ Test case passing 1 argument completedStatementCount → 1 to "production schema 8 to 9 rolls back after every exact migration statement" started.
◇ Test case passing 1 argument completedStatementCount → 2 to "production schema 8 to 9 rolls back after every exact migration statement" started.
◇ Test case passing 1 argument completedStatementCount → 3 to "production schema 8 to 9 rolls back after every exact migration statement" started.
◇ Test case passing 1 argument completedStatementCount → 4 to "production schema 8 to 9 rolls back after every exact migration statement" started.
◇ Test case passing 1 argument completedStatementCount → 5 to "production schema 8 to 9 rolls back after every exact migration statement" started.
◇ Test case passing 1 argument completedStatementCount → 6 to "production schema 8 to 9 rolls back after every exact migration statement" started.
◇ Test case passing 1 argument completedStatementCount → 7 to "production schema 8 to 9 rolls back after every exact migration statement" started.
◇ Test case passing 1 argument completedStatementCount → 8 to "production schema 8 to 9 rolls back after every exact migration statement" started.
◇ Test case passing 1 argument completedStatementCount → 9 to "production schema 8 to 9 rolls back after every exact migration statement" started.
◇ Test case passing 1 argument completedStatementCount → 10 to "production schema 8 to 9 rolls back after every exact migration statement" started.
◇ Test case passing 1 argument completedStatementCount → 11 to "production schema 8 to 9 rolls back after every exact migration statement" started.
◇ Test case passing 1 argument completedStatementCount → 12 to "production schema 8 to 9 rolls back after every exact migration statement" started.
◇ Test case passing 1 argument completedStatementCount → 13 to "production schema 8 to 9 rolls back after every exact migration statement" started.
◇ Test case passing 1 argument completedStatementCount → 14 to "production schema 8 to 9 rolls back after every exact migration statement" started.
◇ Test case passing 1 argument completedStatementCount → 15 to "production schema 8 to 9 rolls back after every exact migration statement" started.
◇ Test case passing 1 argument completedStatementCount → 16 to "production schema 8 to 9 rolls back after every exact migration statement" started.
◇ Test case passing 1 argument completedStatementCount → 17 to "production schema 8 to 9 rolls back after every exact migration statement" started.
◇ Test case passing 1 argument completedStatementCount → 18 to "production schema 8 to 9 rolls back after every exact migration statement" started.
◇ Test case passing 1 argument completedStatementCount → 19 to "production schema 8 to 9 rolls back after every exact migration statement" started.
◇ Test case passing 1 argument completedStatementCount → 20 to "production schema 8 to 9 rolls back after every exact migration statement" started.
◇ Test case passing 1 argument completedStatementCount → 21 to "production schema 8 to 9 rolls back after every exact migration statement" started.
◇ Test case passing 1 argument completedStatementCount → 22 to "production schema 8 to 9 rolls back after every exact migration statement" started.
◇ Test case passing 1 argument completedStatementCount → 23 to "production schema 8 to 9 rolls back after every exact migration statement" started.
◇ Test case passing 1 argument completedStatementCount → 24 to "production schema 8 to 9 rolls back after every exact migration statement" started.
◇ Test case passing 1 argument completedStatementCount → 25 to "production schema 8 to 9 rolls back after every exact migration statement" started.
◇ Test case passing 1 argument completedStatementCount → 26 to "production schema 8 to 9 rolls back after every exact migration statement" started.
◇ Test case passing 1 argument completedStatementCount → 27 to "production schema 8 to 9 rolls back after every exact migration statement" started.
◇ Test case passing 1 argument completedStatementCount → 28 to "production schema 8 to 9 rolls back after every exact migration statement" started.
◇ Test case passing 1 argument completedStatementCount → 29 to "production schema 8 to 9 rolls back after every exact migration statement" started.
◇ Test case passing 1 argument completedStatementCount → 30 to "production schema 8 to 9 rolls back after every exact migration statement" started.
◇ Test case passing 1 argument completedStatementCount → 31 to "production schema 8 to 9 rolls back after every exact migration statement" started.
◇ Test case passing 1 argument completedStatementCount → 32 to "production schema 8 to 9 rolls back after every exact migration statement" started.
◇ Test case passing 1 argument completedStatementCount → 33 to "production schema 8 to 9 rolls back after every exact migration statement" started.
◇ Test case passing 1 argument completedStatementCount → 34 to "production schema 8 to 9 rolls back after every exact migration statement" started.
◇ Test case passing 1 argument completedStatementCount → 35 to "production schema 8 to 9 rolls back after every exact migration statement" started.
◇ Test case passing 1 argument completedStatementCount → 36 to "production schema 8 to 9 rolls back after every exact migration statement" started.
◇ Test case passing 1 argument completedStatementCount → 37 to "production schema 8 to 9 rolls back after every exact migration statement" started.
◇ Test case passing 1 argument completedStatementCount → 38 to "production schema 8 to 9 rolls back after every exact migration statement" started.
◇ Test case passing 1 argument completedStatementCount → 39 to "production schema 8 to 9 rolls back after every exact migration statement" started.
◇ Test case passing 1 argument completedStatementCount → 40 to "production schema 8 to 9 rolls back after every exact migration statement" started.
◇ Test case passing 1 argument completedStatementCount → 41 to "production schema 8 to 9 rolls back after every exact migration statement" started.
◇ Test case passing 1 argument completedStatementCount → 42 to "production schema 8 to 9 rolls back after every exact migration statement" started.
◇ Test case passing 1 argument completedStatementCount → 43 to "production schema 8 to 9 rolls back after every exact migration statement" started.
◇ Test case passing 1 argument completedStatementCount → 44 to "production schema 8 to 9 rolls back after every exact migration statement" started.
◇ Test case passing 1 argument completedStatementCount → 45 to "production schema 8 to 9 rolls back after every exact migration statement" started.
◇ Test case passing 1 argument completedStatementCount → 46 to "production schema 8 to 9 rolls back after every exact migration statement" started.
◇ Test case passing 1 argument completedStatementCount → 47 to "production schema 8 to 9 rolls back after every exact migration statement" started.
◇ Test case passing 1 argument completedStatementCount → 48 to "production schema 8 to 9 rolls back after every exact migration statement" started.
◇ Test case passing 1 argument completedStatementCount → 49 to "production schema 8 to 9 rolls back after every exact migration statement" started.
◇ Test case passing 1 argument completedStatementCount → 50 to "production schema 8 to 9 rolls back after every exact migration statement" started.
◇ Test case passing 1 argument completedStatementCount → 51 to "production schema 8 to 9 rolls back after every exact migration statement" started.
◇ Test case passing 1 argument completedStatementCount → 52 to "production schema 8 to 9 rolls back after every exact migration statement" started.
◇ Test case passing 1 argument completedStatementCount → 53 to "production schema 8 to 9 rolls back after every exact migration statement" started.
◇ Test case passing 1 argument completedStatementCount → 54 to "production schema 8 to 9 rolls back after every exact migration statement" started.
◇ Test case passing 1 argument completedStatementCount → 55 to "production schema 8 to 9 rolls back after every exact migration statement" started.
◇ Test case passing 1 argument completedStatementCount → 56 to "production schema 8 to 9 rolls back after every exact migration statement" started.
◇ Test case passing 1 argument completedStatementCount → 57 to "production schema 8 to 9 rolls back after every exact migration statement" started.
◇ Test case passing 1 argument completedStatementCount → 58 to "production schema 8 to 9 rolls back after every exact migration statement" started.
◇ Test case passing 1 argument completedStatementCount → 59 to "production schema 8 to 9 rolls back after every exact migration statement" started.
◇ Test case passing 1 argument completedStatementCount → 60 to "production schema 8 to 9 rolls back after every exact migration statement" started.
◇ Test case passing 1 argument completedStatementCount → 61 to "production schema 8 to 9 rolls back after every exact migration statement" started.
◇ Test case passing 1 argument completedStatementCount → 62 to "production schema 8 to 9 rolls back after every exact migration statement" started.
◇ Test case passing 1 argument completedStatementCount → 63 to "production schema 8 to 9 rolls back after every exact migration statement" started.
◇ Test case passing 1 argument completedStatementCount → 64 to "production schema 8 to 9 rolls back after every exact migration statement" started.
◇ Test case passing 1 argument completedStatementCount → 65 to "production schema 8 to 9 rolls back after every exact migration statement" started.
◇ Test case passing 1 argument completedStatementCount → 66 to "production schema 8 to 9 rolls back after every exact migration statement" started.
◇ Test case passing 1 argument completedStatementCount → 67 to "production schema 8 to 9 rolls back after every exact migration statement" started.
◇ Test "NDJSON parser preserves fragmented and coalesced records" started.
◇ Test case passing 1 argument completedStatementCount → 68 to "production schema 8 to 9 rolls back after every exact migration statement" started.
◇ Test case passing 1 argument completedStatementCount → 69 to "production schema 8 to 9 rolls back after every exact migration statement" started.
◇ Test case passing 1 argument completedStatementCount → 70 to "production schema 8 to 9 rolls back after every exact migration statement" started.
◇ Test case passing 1 argument completedStatementCount → 71 to "production schema 8 to 9 rolls back after every exact migration statement" started.
◇ Test case passing 1 argument completedStatementCount → 72 to "production schema 8 to 9 rolls back after every exact migration statement" started.
◇ Test case passing 1 argument completedStatementCount → 73 to "production schema 8 to 9 rolls back after every exact migration statement" started.
◇ Test case passing 1 argument completedStatementCount → 74 to "production schema 8 to 9 rolls back after every exact migration statement" started.
◇ Test case passing 1 argument completedStatementCount → 75 to "production schema 8 to 9 rolls back after every exact migration statement" started.
◇ Test case passing 1 argument completedStatementCount → 76 to "production schema 8 to 9 rolls back after every exact migration statement" started.
◇ Test "request rejects malformed nonce" started.
◇ Test "response rejects operation nonce peer process and path drift" started.
◇ Test "request and response bind one canonical nonce and exact installed paths" started.
◇ Test "UAT identifiers remain distinct from production authority" started.
◇ Test case passing 1 argument arguments → [] to "arbitrary lifecycle arguments are rejected" started.
◇ Test case passing 1 argument arguments → ["main"] to "arbitrary lifecycle arguments are rejected" started.
◇ Test case passing 1 argument arguments → ["main", "status", "extra"] to "arbitrary lifecycle arguments are rejected" started.
◇ Test case passing 1 argument arguments → ["direct", "round-trips", "0"] to "arbitrary lifecycle arguments are rejected" started.
◇ Test case passing 1 argument arguments → ["helper", "round-trips", "1001"] to "arbitrary lifecycle arguments are rejected" started.
◇ Test case passing 1 argument arguments → ["helper", "run", "/tmp/arbitrary"] to "arbitrary lifecycle arguments are rejected" started.
◇ Test case passing 1 argument count → 0 to "round-trip bounds fail closed" started.
◇ Test case passing 1 argument count → -1 to "round-trip bounds fail closed" started.
◇ Test case passing 1 argument count → 1001 to "round-trip bounds fail closed" started.
◇ Test case passing 1 argument count → 9223372036854775807 to "round-trip bounds fail closed" started.
◇ Test "closed local spike commands parse" started.
◇ Test "arbitrary local spike commands fail closed" started.
◇ Test case passing 2 arguments rawValue → 0, expected → .notRegistered to "service status values are stable" started.
◇ Test case passing 2 arguments rawValue → 1, expected → .enabled to "service status values are stable" started.
◇ Test case passing 2 arguments rawValue → 2, expected → .requiresApproval to "service status values are stable" started.
◇ Test case passing 2 arguments rawValue → 3, expected → .notFound to "service status values are stable" started.
◇ Test "unknown create absent after the full visibility window escalates" started.
◇ Test "prepared-before-send, send epoch, and terminal evidence persist across reopen" started.
◇ Test "delayed visibility attributes exact effects without any second send" started.
◇ Test "six crash windows across every operation have one conservative outcome" started.
◇ Test "operation-specific policy never retries an unknown non-idempotent create" started.
◇ Test "system reconciliation sleeper rejects invalid durations" started.
◇ Test case passing 1 argument kind → .triage to "startup recovery advances each durably completed triage step exactly once" started.
◇ Test case passing 1 argument kind → .publish to "startup recovery advances each durably completed triage step exactly once" started.
◇ Test case passing 1 argument kind → .reconcile to "startup recovery advances each durably completed triage step exactly once" started.
◇ Test "release-owned direct request is exact, bounded, and source inputs remain unchanged" started.
◇ Test case passing 1 argument mutation → .rootSymlink to "release-owned mutation matrix fails with typed authority errors" started.
◇ Test case passing 1 argument mutation → .rootACL to "release-owned mutation matrix fails with typed authority errors" started.
◇ Test case passing 1 argument mutation → .unsafeAncestor to "release-owned mutation matrix fails with typed authority errors" started.
◇ Test case passing 1 argument mutation → .missingRootEntry to "release-owned mutation matrix fails with typed authority errors" started.
◇ Test case passing 1 argument mutation → .wrongRootEntryKind to "release-owned mutation matrix fails with typed authority errors" started.
◇ Test case passing 1 argument mutation → .hardLinkedPiFile to "release-owned mutation matrix fails with typed authority errors" started.
◇ Test case passing 1 argument mutation → .piFileACL to "release-owned mutation matrix fails with typed authority errors" started.
◇ Test case passing 1 argument mutation → .writablePiMode to "release-owned mutation matrix fails with typed authority errors" started.
◇ Test case passing 1 argument mutation → .writableRuntimeRoot to "release-owned mutation matrix fails with typed authority errors" started.
◇ Test "mutated script and unsafe Pi agent directory fail before process execution" started.
◇ Test case passing 1 argument mutation → .nestedIntermediateTOCTOU to "release-owned mutation matrix fails with typed authority errors" started.
◇ Test case passing 1 argument mutation → .nestedLeafTOCTOU to "release-owned mutation matrix fails with typed authority errors" started.
◇ Test case passing 1 argument mutation → .malformedNodeMachO to "release-owned mutation matrix fails with typed authority errors" started.
◇ Test case passing 1 argument mutation → .wrongNodeArchitecture to "release-owned mutation matrix fails with typed authority errors" started.
◇ Test case passing 1 argument mutation → .nonSystemNodeDependency to "release-owned mutation matrix fails with typed authority errors" started.
◇ Test case passing 1 argument mutation → .unboundRelativeNodeDependency to "release-owned mutation matrix fails with typed authority errors" started.
◇ Test case passing 1 argument mutation → .signatureIdentifier to "release-owned mutation matrix fails with typed authority errors" started.
◇ Test case passing 1 argument mutation → .signatureTeam to "release-owned mutation matrix fails with typed authority errors" started.
◇ Test case passing 1 argument mutation → .signatureCodeDirectory to "release-owned mutation matrix fails with typed authority errors" started.
◇ Test case passing 1 argument mutation → .signatureHardenedRuntime to "release-owned mutation matrix fails with typed authority errors" started.
◇ Test case passing 1 argument mutation → .signatureEntitlements to "release-owned mutation matrix fails with typed authority errors" started.
◇ Test case passing 1 argument mutation → .piBytes to "release-owned mutation matrix fails with typed authority errors" started.
◇ Test case passing 1 argument mutation → .escapingRelativePiLink to "release-owned mutation matrix fails with typed authority errors" started.
◇ Test case passing 1 argument mutation → .absolutePiLink to "release-owned mutation matrix fails with typed authority errors" started.
◇ Test case passing 1 argument mutation → .cyclicPiLinks to "release-owned mutation matrix fails with typed authority errors" started.
◇ Test case passing 1 argument mutation → .retargetedPiLink to "release-owned mutation matrix fails with typed authority errors" started.
◇ Test case passing 1 argument path → [JidokaCodeCore.HerdrRoleHostState.running] to "replacement lifecycle permits every declared edge with one durable sequence" started.
◇ Test case passing 1 argument path → [JidokaCodeCore.HerdrRoleHostState.stopping] to "replacement lifecycle permits every declared edge with one durable sequence" started.
◇ Test case passing 1 argument path → [JidokaCodeCore.HerdrRoleHostState.lost] to "replacement lifecycle permits every declared edge with one durable sequence" started.
◇ Test case passing 1 argument path → [JidokaCodeCore.HerdrRoleHostState.running, JidokaCodeCore.HerdrRoleHostState.waiting] to "replacement lifecycle permits every declared edge with one durable sequence" started.
◇ Test case passing 1 argument path → [JidokaCodeCore.HerdrRoleHostState.running, JidokaCodeCore.HerdrRoleHostState.stopping] to "replacement lifecycle permits every declared edge with one durable sequence" started.
◇ Test case passing 1 argument path → [JidokaCodeCore.HerdrRoleHostState.running, JidokaCodeCore.HerdrRoleHostState.lost] to "replacement lifecycle permits every declared edge with one durable sequence" started.
◇ Test case passing 1 argument path → [JidokaCodeCore.HerdrRoleHostState.stopping, JidokaCodeCore.HerdrRoleHostState.stopped] to "replacement lifecycle permits every declared edge with one durable sequence" started.
◇ Test case passing 1 argument path → [JidokaCodeCore.HerdrRoleHostState.stopping, JidokaCodeCore.HerdrRoleHostState.lost] to "replacement lifecycle permits every declared edge with one durable sequence" started.
◇ Test case passing 1 argument field → 0 to "replacement SQL denies every one-field q4 backing digest drift before cutover" started.
◇ Test case passing 1 argument field → 1 to "replacement SQL denies every one-field q4 backing digest drift before cutover" started.
◇ Test case passing 1 argument field → 2 to "replacement SQL denies every one-field q4 backing digest drift before cutover" started.
◇ Test case passing 1 argument field → 3 to "replacement SQL denies every one-field q4 backing digest drift before cutover" started.
◇ Test case passing 1 argument field → 4 to "replacement SQL denies every one-field q4 backing digest drift before cutover" started.
◇ Test case passing 1 argument field → 5 to "replacement SQL denies every one-field q4 backing digest drift before cutover" started.
◇ Test case passing 1 argument field → 6 to "replacement SQL denies every one-field q4 backing digest drift before cutover" started.
◇ Test case passing 1 argument collision → 1 to "ordinary store preparation and activation reject replacement identities" started.
◇ Test case passing 1 argument collision → 2 to "ordinary store preparation and activation reject replacement identities" started.
◇ Test case passing 1 argument collision → 3 to "ordinary store preparation and activation reject replacement identities" started.
◇ Test case passing 1 argument collision → 4 to "ordinary store preparation and activation reject replacement identities" started.
◇ Test case passing 1 argument collision → 2 to "replacement SQL rejects every ordinary-host physical identity collision" started.
◇ Test case passing 1 argument collision → 3 to "replacement SQL rejects every ordinary-host physical identity collision" started.
◇ Test case passing 1 argument collision → 4 to "replacement SQL rejects every ordinary-host physical identity collision" started.
◇ Test case passing 1 argument collision → 5 to "replacement SQL rejects every ordinary-host physical identity collision" started.
◇ Test case passing 1 argument collision → 6 to "replacement SQL rejects every ordinary-host physical identity collision" started.
◇ Test case passing 1 argument collision → 7 to "replacement SQL rejects every ordinary-host physical identity collision" started.
◇ Test case passing 1 argument collision → 8 to "replacement SQL rejects every ordinary-host physical identity collision" started.
◇ Test case passing 1 argument collision → 9 to "replacement SQL rejects every ordinary-host physical identity collision" started.
◇ Test case passing 1 argument collision → 10 to "replacement SQL rejects every ordinary-host physical identity collision" started.
◇ Test case passing 1 argument field → 0 to "replacement attribution denies every one-field q4 backing digest drift" started.
◇ Test case passing 1 argument field → 1 to "replacement attribution denies every one-field q4 backing digest drift" started.
◇ Test case passing 1 argument field → 2 to "replacement attribution denies every one-field q4 backing digest drift" started.
◇ Test case passing 1 argument field → 3 to "replacement attribution denies every one-field q4 backing digest drift" started.
◇ Test case passing 1 argument field → 4 to "replacement attribution denies every one-field q4 backing digest drift" started.
◇ Test case passing 1 argument field → 5 to "replacement attribution denies every one-field q4 backing digest drift" started.
◇ Test case passing 1 argument field → 6 to "replacement attribution denies every one-field q4 backing digest drift" started.
◇ Test case passing 1 argument drift → 1 to "replacement attribution rejects authorization and evidence drift" started.
◇ Test case passing 1 argument drift → 2 to "replacement attribution rejects authorization and evidence drift" started.
◇ Test case passing 1 argument collision → 1 to "replacement store rejects every ordinary-host physical identity collision" started.
◇ Test case passing 1 argument collision → 2 to "replacement store rejects every ordinary-host physical identity collision" started.
◇ Test case passing 1 argument collision → 3 to "replacement store rejects every ordinary-host physical identity collision" started.
◇ Test case passing 1 argument collision → 4 to "replacement store rejects every ordinary-host physical identity collision" started.
◇ Test case passing 1 argument collision → 5 to "replacement store rejects every ordinary-host physical identity collision" started.
◇ Test case passing 1 argument collision → 6 to "replacement store rejects every ordinary-host physical identity collision" started.
◇ Test case passing 1 argument collision → 7 to "replacement store rejects every ordinary-host physical identity collision" started.
◇ Test case passing 1 argument collision → 8 to "replacement store rejects every ordinary-host physical identity collision" started.
◇ Test case passing 1 argument collision → 9 to "replacement store rejects every ordinary-host physical identity collision" started.
◇ Test case passing 1 argument collision → 10 to "replacement store rejects every ordinary-host physical identity collision" started.
◇ Test case passing 1 argument collisionCase → CrossTableHostCollisionCase(dimension: 4, state: "prepared") to "replacement SQL rejects every global ordinary lifecycle collision" started.
◇ Test case passing 1 argument collisionCase → CrossTableHostCollisionCase(dimension: 4, state: "waiting") to "replacement SQL rejects every global ordinary lifecycle collision" started.
◇ Test case passing 1 argument collisionCase → CrossTableHostCollisionCase(dimension: 4, state: "running") to "replacement SQL rejects every global ordinary lifecycle collision" started.
◇ Test case passing 1 argument scenario → 0 to "one attributed agent authority commits q4 once and q5 remains impossible" started.
◇ Test case passing 1 argument collisionCase → CrossTableHostCollisionCase(dimension: 4, state: "stopping") to "replacement SQL rejects every global ordinary lifecycle collision" started.
◇ Test case passing 1 argument scenario → 1 to "one attributed agent authority commits q4 once and q5 remains impossible" started.
◇ Test case passing 1 argument collisionCase → CrossTableHostCollisionCase(dimension: 4, state: "stopped") to "replacement SQL rejects every global ordinary lifecycle collision" started.
◇ Test case passing 1 argument scenario → 2 to "one attributed agent authority commits q4 once and q5 remains impossible" started.
◇ Test case passing 1 argument collisionCase → CrossTableHostCollisionCase(dimension: 4, state: "lost") to "replacement SQL rejects every global ordinary lifecycle collision" started.
◇ Test case passing 1 argument collisionCase → CrossTableHostCollisionCase(dimension: 1, state: "waiting") to "replacement SQL rejects every global ordinary lifecycle collision" started.
◇ Test case passing 1 argument collisionCase → CrossTableHostCollisionCase(dimension: 1, state: "running") to "replacement SQL rejects every global ordinary lifecycle collision" started.
◇ Test case passing 1 argument collisionCase → CrossTableHostCollisionCase(dimension: 1, state: "stopping") to "replacement SQL rejects every global ordinary lifecycle collision" started.
◇ Test case passing 1 argument collisionCase → CrossTableHostCollisionCase(dimension: 1, state: "stopped") to "replacement SQL rejects every global ordinary lifecycle collision" started.
◇ Test case passing 1 argument collisionCase → CrossTableHostCollisionCase(dimension: 1, state: "lost") to "replacement SQL rejects every global ordinary lifecycle collision" started.
◇ Test case passing 1 argument collision → 1 to "replacement store rejects global ordinary-host identities" started.
◇ Test case passing 1 argument collision → 2 to "replacement store rejects global ordinary-host identities" started.
◇ Test case passing 1 argument collisionCase → CrossTableHostCollisionCase(dimension: 2, state: "waiting") to "replacement SQL rejects every global ordinary lifecycle collision" started.
◇ Test case passing 1 argument collision → 3 to "replacement store rejects global ordinary-host identities" started.
◇ Test case passing 1 argument collisionCase → CrossTableHostCollisionCase(dimension: 2, state: "running") to "replacement SQL rejects every global ordinary lifecycle collision" started.
◇ Test case passing 1 argument collision → 4 to "replacement store rejects global ordinary-host identities" started.
◇ Test case passing 1 argument collisionCase → CrossTableHostCollisionCase(dimension: 2, state: "stopping") to "replacement SQL rejects every global ordinary lifecycle collision" started.
◇ Test case passing 1 argument collisionCase → CrossTableHostCollisionCase(dimension: 2, state: "stopped") to "replacement SQL rejects every global ordinary lifecycle collision" started.
◇ Test case passing 1 argument collisionCase → CrossTableHostCollisionCase(dimension: 2, state: "lost") to "replacement SQL rejects every global ordinary lifecycle collision" started.
◇ Test case passing 1 argument collisionCase → CrossTableHostCollisionCase(dimension: 3, state: "waiting") to "replacement SQL rejects every global ordinary lifecycle collision" started.
◇ Test case passing 1 argument collisionCase → CrossTableHostCollisionCase(dimension: 3, state: "running") to "replacement SQL rejects every global ordinary lifecycle collision" started.
◇ Test case passing 1 argument collisionCase → CrossTableHostCollisionCase(dimension: 3, state: "stopping") to "replacement SQL rejects every global ordinary lifecycle collision" started.
◇ Test case passing 1 argument field → 0 to "replacement q4 SQL rejects every one-field event authority drift" started.
◇ Test case passing 1 argument field → 1 to "replacement q4 SQL rejects every one-field event authority drift" started.
◇ Test case passing 1 argument collisionCase → CrossTableHostCollisionCase(dimension: 3, state: "stopped") to "replacement SQL rejects every global ordinary lifecycle collision" started.
◇ Test case passing 1 argument fault → 0 to "replacement cutover rolls back at every durable write" started.
◇ Test case passing 1 argument fault → 1 to "replacement cutover rolls back at every durable write" started.
◇ Test case passing 1 argument collisionCase → CrossTableHostCollisionCase(dimension: 3, state: "lost") to "replacement SQL rejects every global ordinary lifecycle collision" started.
◇ Test case passing 1 argument field → 2 to "replacement q4 SQL rejects every one-field event authority drift" started.
◇ Test case passing 1 argument fault → 2 to "replacement cutover rolls back at every durable write" started.
◇ Test case passing 1 argument field → 3 to "replacement q4 SQL rejects every one-field event authority drift" started.
◇ Test case passing 1 argument fault → 3 to "replacement cutover rolls back at every durable write" started.
◇ Test case passing 1 argument fault → 4 to "replacement cutover rolls back at every durable write" started.
◇ Test case passing 1 argument field → 4 to "replacement q4 SQL rejects every one-field event authority drift" started.
◇ Test case passing 1 argument field → 5 to "replacement q4 SQL rejects every one-field event authority drift" started.
◇ Test case passing 1 argument field → 6 to "replacement q4 SQL rejects every one-field event authority drift" started.
◇ Test case passing 1 argument field → 7 to "replacement q4 SQL rejects every one-field event authority drift" started.
◇ Test case passing 1 argument field → 8 to "replacement q4 SQL rejects every one-field event authority drift" started.
◇ Test case passing 1 argument field → 9 to "replacement q4 SQL rejects every one-field event authority drift" started.
◇ Test case passing 1 argument collisionCase → CrossTableHostCollisionCase(dimension: 1, state: "waiting") to "ordinary raw DML rejects every replacement lifecycle collision" started.
◇ Test case passing 1 argument collisionCase → CrossTableHostCollisionCase(dimension: 2, state: "waiting") to "ordinary raw DML rejects every replacement lifecycle collision" started.
◇ Test case passing 1 argument collisionCase → CrossTableHostCollisionCase(dimension: 3, state: "waiting") to "ordinary raw DML rejects every replacement lifecycle collision" started.
◇ Test case passing 1 argument collisionCase → CrossTableHostCollisionCase(dimension: 4, state: "waiting") to "ordinary raw DML rejects every replacement lifecycle collision" started.
◇ Test case passing 1 argument collisionCase → CrossTableHostCollisionCase(dimension: 1, state: "running") to "ordinary raw DML rejects every replacement lifecycle collision" started.
◇ Test case passing 1 argument collisionCase → CrossTableHostCollisionCase(dimension: 2, state: "running") to "ordinary raw DML rejects every replacement lifecycle collision" started.
◇ Test case passing 1 argument collisionCase → CrossTableHostCollisionCase(dimension: 3, state: "running") to "ordinary raw DML rejects every replacement lifecycle collision" started.
◇ Test case passing 1 argument field → 0 to "replacement authorization rejects every one-field q4 backing digest drift" started.
◇ Test case passing 1 argument field → 1 to "replacement authorization rejects every one-field q4 backing digest drift" started.
◇ Test case passing 1 argument collisionCase → CrossTableHostCollisionCase(dimension: 4, state: "running") to "ordinary raw DML rejects every replacement lifecycle collision" started.
◇ Test case passing 1 argument field → 2 to "replacement authorization rejects every one-field q4 backing digest drift" started.
◇ Test case passing 1 argument field → 3 to "replacement authorization rejects every one-field q4 backing digest drift" started.
◇ Test case passing 1 argument field → 4 to "replacement authorization rejects every one-field q4 backing digest drift" started.
◇ Test case passing 1 argument field → 5 to "replacement authorization rejects every one-field q4 backing digest drift" started.
◇ Test case passing 1 argument field → 6 to "replacement authorization rejects every one-field q4 backing digest drift" started.
◇ Test case passing 1 argument collisionCase → CrossTableHostCollisionCase(dimension: 1, state: "stopping") to "ordinary raw DML rejects every replacement lifecycle collision" started.
◇ Test case passing 1 argument collisionCase → CrossTableHostCollisionCase(dimension: 2, state: "stopping") to "ordinary raw DML rejects every replacement lifecycle collision" started.
◇ Test case passing 1 argument collisionCase → CrossTableHostCollisionCase(dimension: 3, state: "stopping") to "ordinary raw DML rejects every replacement lifecycle collision" started.
◇ Test case passing 1 argument collisionCase → CrossTableHostCollisionCase(dimension: 4, state: "stopping") to "ordinary raw DML rejects every replacement lifecycle collision" started.
◇ Test case passing 1 argument collisionCase → CrossTableHostCollisionCase(dimension: 1, state: "stopped") to "ordinary raw DML rejects every replacement lifecycle collision" started.
◇ Test case passing 1 argument collisionCase → CrossTableHostCollisionCase(dimension: 2, state: "stopped") to "ordinary raw DML rejects every replacement lifecycle collision" started.
◇ Test case passing 1 argument collisionCase → CrossTableHostCollisionCase(dimension: 3, state: "stopped") to "ordinary raw DML rejects every replacement lifecycle collision" started.
◇ Test case passing 1 argument collisionCase → CrossTableHostCollisionCase(dimension: 4, state: "stopped") to "ordinary raw DML rejects every replacement lifecycle collision" started.
◇ Test case passing 1 argument collisionCase → CrossTableHostCollisionCase(dimension: 1, state: "lost") to "ordinary raw DML rejects every replacement lifecycle collision" started.
◇ Test case passing 1 argument collisionCase → CrossTableHostCollisionCase(dimension: 2, state: "lost") to "ordinary raw DML rejects every replacement lifecycle collision" started.
◇ Test case passing 1 argument collisionCase → CrossTableHostCollisionCase(dimension: 3, state: "lost") to "ordinary raw DML rejects every replacement lifecycle collision" started.
◇ Test case passing 1 argument collisionCase → CrossTableHostCollisionCase(dimension: 4, state: "lost") to "ordinary raw DML rejects every replacement lifecycle collision" started.
◇ Test case passing 1 argument shape → .noRemoteEffectFailure to "replacement terminal outcomes reconstruct after close and reopen without replay" started.
◇ Test case passing 1 argument shape → .remoteEffectAmbiguous to "replacement terminal outcomes reconstruct after close and reopen without replay" started.
◇ Test case passing 1 argument shape → .q4Prepared to "replacement terminal outcomes reconstruct after close and reopen without replay" started.
◇ Test case passing 1 argument shape → .q4OutcomeAmbiguous to "replacement terminal outcomes reconstruct after close and reopen without replay" started.
◇ Test case passing 1 argument shape → .q4Enqueued to "replacement terminal outcomes reconstruct after close and reopen without replay" started.
◇ Test case passing 1 argument shape → .q4Failed to "replacement terminal outcomes reconstruct after close and reopen without replay" started.
◇ Test case passing 1 argument shape → .q4Settled to "replacement terminal outcomes reconstruct after close and reopen without replay" started.
◇ Test case passing 1 argument shape → .replacementHostLost to "replacement terminal outcomes reconstruct after close and reopen without replay" started.
◇ Test case passing 1 argument kind → .claimReady to "startup recovery advances each durably completed implementation step exactly once" started.
◇ Test case passing 1 argument kind → .plan to "startup recovery advances each durably completed implementation step exactly once" started.
◇ Test case passing 1 argument kind → .writePlan to "startup recovery advances each durably completed implementation step exactly once" started.
◇ Test case passing 1 argument kind → .orchestrate to "startup recovery advances each durably completed implementation step exactly once" started.
◇ Test case passing 1 argument kind → .push to "startup recovery advances each durably completed implementation step exactly once" started.
◇ Test case passing 1 argument kind → .openPullRequest to "startup recovery advances each durably completed implementation step exactly once" started.
◇ Test case passing 1 argument kind → .linkPullRequest to "startup recovery advances each durably completed implementation step exactly once" started.
◇ Test case passing 1 argument leftField → 0 to "replacement authorization rejects each adjacent q4 digest-role transposition" started.
◇ Test case passing 1 argument kind → .qa to "startup recovery advances each durably completed implementation step exactly once" started.
◇ Test case passing 1 argument leftField → 1 to "replacement authorization rejects each adjacent q4 digest-role transposition" started.
◇ Test case passing 1 argument leftField → 3 to "replacement authorization rejects each adjacent q4 digest-role transposition" started.
◇ Test case passing 1 argument leftField → 2 to "replacement authorization rejects each adjacent q4 digest-role transposition" started.
◇ Test case passing 1 argument leftField → 4 to "replacement authorization rejects each adjacent q4 digest-role transposition" started.
◇ Test case passing 1 argument leftField → 5 to "replacement authorization rejects each adjacent q4 digest-role transposition" started.
◇ Test case passing 1 argument collision → 1 to "replacement SQL rejects cross-job ordinary-host physical identity collisions" started.
◇ Test case passing 1 argument collision → 2 to "replacement SQL rejects cross-job ordinary-host physical identity collisions" started.
◇ Test case passing 1 argument collision → 3 to "replacement SQL rejects cross-job ordinary-host physical identity collisions" started.
◇ Test case passing 1 argument collision → 4 to "replacement SQL rejects cross-job ordinary-host physical identity collisions" started.
◇ Test case passing 1 argument collision → 1 to "single-host activation rejects every replacement physical identity" started.
◇ Test case passing 1 argument collision → 2 to "single-host activation rejects every replacement physical identity" started.
◇ Test case passing 1 argument collision → 3 to "single-host activation rejects every replacement physical identity" started.
◇ Test case passing 1 argument collisionCase → CrossTableHostCollisionCase(dimension: 1, state: "waiting") to "ordinary raw activation rejects replacement physical identities" started.
◇ Test case passing 1 argument collisionCase → CrossTableHostCollisionCase(dimension: 2, state: "waiting") to "ordinary raw activation rejects replacement physical identities" started.
◇ Test case passing 1 argument collisionCase → CrossTableHostCollisionCase(dimension: 3, state: "waiting") to "ordinary raw activation rejects replacement physical identities" started.
◇ Test case passing 1 argument collisionCase → CrossTableHostCollisionCase(dimension: 1, state: "running") to "ordinary raw activation rejects replacement physical identities" started.
◇ Test case passing 1 argument collisionCase → CrossTableHostCollisionCase(dimension: 2, state: "running") to "ordinary raw activation rejects replacement physical identities" started.
◇ Test case passing 1 argument collisionCase → CrossTableHostCollisionCase(dimension: 3, state: "running") to "ordinary raw activation rejects replacement physical identities" started.
◇ Test case passing 1 argument collisionCase → CrossTableHostCollisionCase(dimension: 1, state: "stopping") to "ordinary raw activation rejects replacement physical identities" started.
◇ Test case passing 1 argument collisionCase → CrossTableHostCollisionCase(dimension: 2, state: "stopping") to "ordinary raw activation rejects replacement physical identities" started.
◇ Test case passing 1 argument collisionCase → CrossTableHostCollisionCase(dimension: 3, state: "stopping") to "ordinary raw activation rejects replacement physical identities" started.
◇ Test case passing 1 argument collisionCase → CrossTableHostCollisionCase(dimension: 1, state: "stopped") to "ordinary raw activation rejects replacement physical identities" started.
◇ Test case passing 1 argument collisionCase → CrossTableHostCollisionCase(dimension: 2, state: "stopped") to "ordinary raw activation rejects replacement physical identities" started.
◇ Test case passing 1 argument collisionCase → CrossTableHostCollisionCase(dimension: 3, state: "stopped") to "ordinary raw activation rejects replacement physical identities" started.
◇ Test case passing 1 argument collisionCase → CrossTableHostCollisionCase(dimension: 1, state: "lost") to "ordinary raw activation rejects replacement physical identities" started.
◇ Test case passing 1 argument collisionCase → CrossTableHostCollisionCase(dimension: 2, state: "lost") to "ordinary raw activation rejects replacement physical identities" started.
◇ Test case passing 1 argument collisionCase → CrossTableHostCollisionCase(dimension: 3, state: "lost") to "ordinary raw activation rejects replacement physical identities" started.
◇ Test case passing 1 argument collision → 1 to "ordinary physical identity updates never alias a replacement host" started.
◇ Test case passing 1 argument collision → 2 to "ordinary physical identity updates never alias a replacement host" started.
◇ Test case passing 1 argument collision → 3 to "ordinary physical identity updates never alias a replacement host" started.
◇ Test case passing 1 argument collision → 4 to "ordinary physical identity updates never alias a replacement host" started.
✘ Test "startup sweep finishes cleanup stranded by a terminal crash boundary" recorded an issue at JobCoordinatorTests.swift:300:4: Caught error: .statementFailed(code: 19, message: "active repository lease lacks rollout authority")
◇ Test case passing 1 argument exitCode → 0 to "observed session-escaping descendants are identity-cleaned with exact leader status" started.
◇ Test case passing 1 argument exitCode → 37 to "observed session-escaping descendants are identity-cleaned with exact leader status" started.
◇ Test case passing 1 argument leftField → 0 to "replacement SQL rejects each adjacent q4 digest-role transposition before cutover" started.
◇ Test case passing 1 argument leftField → 1 to "replacement SQL rejects each adjacent q4 digest-role transposition before cutover" started.
◇ Test case passing 1 argument leftField → 2 to "replacement SQL rejects each adjacent q4 digest-role transposition before cutover" started.
◇ Test case passing 1 argument leftField → 3 to "replacement SQL rejects each adjacent q4 digest-role transposition before cutover" started.
◇ Test case passing 1 argument leftField → 4 to "replacement SQL rejects each adjacent q4 digest-role transposition before cutover" started.
◇ Test case passing 1 argument leftField → 5 to "replacement SQL rejects each adjacent q4 digest-role transposition before cutover" started.
◇ Test case passing 1 argument leftField → 0 to "replacement attribution rejects each adjacent q4 digest-role transposition" started.
◇ Test case passing 1 argument leftField → 1 to "replacement attribution rejects each adjacent q4 digest-role transposition" started.
✘ Test "recovery that needs a guarded rerun preserves the current step in backoff" recorded an issue at JobCoordinatorTests.swift:497:5: Expectation failed: (retrying.state → .reconciliationQueued) == .retryBackoff
✘ Test "one pass discovers and dispatches PR, implementation, and triage in locked priority" recorded an issue at JobCoordinatorTests.swift:68:5: Expectation failed: jobs.allSatisfy { $0.state == .blocked }
✘ Test "one pass discovers and dispatches PR, implementation, and triage in locked priority" recorded an issue at JobCoordinatorTests.swift:69:5: Expectation failed: await fixture.workflows.order() == [.prReview, .issueImplementation, .issueTriage]
✘ Test "one pass discovers and dispatches PR, implementation, and triage in locked priority" recorded an issue at JobCoordinatorTests.swift:75:5: Expectation failed: (await coordinator.snapshot()).failures.isEmpty
✘ Test "transient workflow failure enters durable backoff instead of terminal block" recorded an issue at JobCoordinatorTests.swift:604:5: Expectation failed: (retrying.state → .queued) == .retryBackoff
✘ Test "transient workflow failure enters durable backoff instead of terminal block" recorded an issue at JobCoordinatorTests.swift:605:5: Expectation failed: (retrying.notBefore → nil) == (fixture.now.addingTimeInterval(60) → 1970-01-01 13:54:20 +0000)
✘ Test "recovery that needs a guarded rerun preserves the current step in backoff" recorded an issue at JobCoordinatorTests.swift:500:5: Expectation failed: (retrying.notBefore → nil) == (fixture.now.addingTimeInterval(1) → 1970-01-01 13:53:21 +0000)
✘ Test "transient workflow failure enters durable backoff instead of terminal block" recorded an issue at JobCoordinatorTests.swift:618:5: Expectation failed: (retried.state → .queued) == .retryBackoff
✘ Test "transient workflow failure enters durable backoff instead of terminal block" recorded an issue at JobCoordinatorTests.swift:619:5: Expectation failed: (retried.attempt → 1) == (retrying.attempt + 1 → 2)
◇ Test case passing 1 argument leftField → 2 to "replacement attribution rejects each adjacent q4 digest-role transposition" started.
◇ Test case passing 1 argument leftField → 3 to "replacement attribution rejects each adjacent q4 digest-role transposition" started.
◇ Test case passing 1 argument leftField → 4 to "replacement attribution rejects each adjacent q4 digest-role transposition" started.
◇ Test case passing 1 argument leftField → 5 to "replacement attribution rejects each adjacent q4 digest-role transposition" started.
✔ Test "closed commands parse" with 5 test cases passed after 4.717 seconds.
✘ Test "the first real scheduler pass recovers an interrupted leased job before discovery" recorded an issue at JobCoordinatorTests.swift:379:4: Caught error: .statementFailed(code: 19, message: "active repository lease lacks rollout authority")
✔ Test "two through four bounded workstreams are moderate" with 3 test cases passed after 4.727 seconds.
◇ Test case passing 1 argument arguments → [] to "arbitrary Pi commands fail closed" started.
◇ Test case passing 1 argument arguments → ["profile"] to "arbitrary Pi commands fail closed" started.
◇ Test case passing 1 argument arguments → ["profile", "review", "extra"] to "arbitrary Pi commands fail closed" started.
◇ Test case passing 1 argument arguments → ["profile", "unknown"] to "arbitrary Pi commands fail closed" started.
◇ Test case passing 1 argument arguments → ["preflight", "/tmp/arbitrary"] to "arbitrary Pi commands fail closed" started.
◇ Test case passing 1 argument arguments → ["shell", "echo"] to "arbitrary Pi commands fail closed" started.
✔ Test "probe identifiers are fixed" passed after 4.729 seconds.
✔ Test "a writer cannot downgrade reviewer facts or synthesis severity" passed after 4.729 seconds.
✔ Test "five workstreams and every design trigger are complex" passed after 4.729 seconds.
✔ Test "Security status classification is total for known boundaries" passed after 4.729 seconds.
✔ Test "canary CLI keeps the pane-inspection preview on the bounded long timeout" passed after 4.729 seconds.
✔ Test "unknown, missing evidence, or reporter disagreement is at least complex" passed after 4.729 seconds.
✔ Test "every hard risk is human-owned and approval cannot bypass it" passed after 4.730 seconds.
✔ Test "digest is lowercase SHA-256" passed after 4.730 seconds.
✔ Test "missing, duplicate, and invalid reporter inputs fail closed" passed after 4.731 seconds.
✔ Test "credential deletion rechecks background access before the next helper request" passed after 4.732 seconds.
✔ Test "production activation notification identity is exact" passed after 4.732 seconds.
✔ Test "a successful credential replacement avoids a second ACL prompt during handoff" passed after 4.732 seconds.
✔ Test "maintenance CLI accepts only closed evidence-bound commands" passed after 4.732 seconds.
✔ Test "post-registration control-plane failure checkpoints before rollback" passed after 4.734 seconds.
✔ Test "one fully evidenced localized workstream is simple" passed after 4.737 seconds.
✔ Test "topology changes require an explicit durable checkpoint receipt" passed after 4.737 seconds.
✔ Test "requires approval remains on the bootstrap control plane without starting jobs" passed after 4.739 seconds.
✔ Test "incomplete bootstrap never attempts registration" passed after 4.743 seconds.
✘ Test "reconciliation dispatch runs before any new discovery read" recorded an issue at JobCoordinatorTests.swift:197:5: Expectation failed: (events.first → "api:pulls") == "workflow:prReview:reconciling"
JidokaCodeCoreTests/JobCoordinatorTests.swift:1: Fatal error: Unexpectedly found nil while unwrapping an Optional value
error: Process '/Applications/Xcode.app/Contents/Developer/Toolchains/XcodeDefault.xctoolchain/usr/libexec/swift/pm/swiftpm-testing-helper --test-bundle-path /private/tmp/jidoka-code-progressive-production-automation/.build/arm64-apple-macosx/debug/JidokaCodePackageTests.xctest/Contents/MacOS/JidokaCodePackageTests /private/tmp/jidoka-code-progressive-production-automation/.build/arm64-apple-macosx/debug/JidokaCodePackageTests.xctest/Contents/MacOS/JidokaCodePackageTests --testing-library swift-testing' exited with unexpected signal code 5
make: *** [jidoka-code-check] Error 1
